temp,hum,pir,taux_occupation,temp_future
17.47,80.85,0,2,17.28
17.48,80.62,0,2,17.26
17.47,80.5,0,2,17.27
17.43,80.58,0,2,17.25
17.4,80.66,0,2,17.25
17.37,80.76,0,2,17.24
17.33,80.82,0,2,17.23
17.31,80.77,0,2,17.22
17.29,80.81,0,2,17.21
17.29,80.83,0,2,17.21
17.28,80.88,0,2,17.21
17.26,80.81,0,2,17.21
17.27,80.81,0,2,17.2
17.25,80.77,0,2,17.19
17.25,80.79,0,2,17.2
17.24,80.86,0,2,17.2
17.23,80.83,0,2,17.19
17.22,80.92,0,2,17.19
17.21,80.88,0,2,17.2
17.21,80.95,0,2,17.21
17.21,80.96,0,2,17.22
17.21,80.85,0,2,17.23
17.2,80.89,0,2,17.27
17.19,80.84,0,2,17.28
17.2,80.94,0,2,17.29
17.2,80.92,0,2,17.25
17.19,80.93,0,2,17.25
17.19,80.94,0,2,17.25
17.2,80.9,0,2,17.24
17.21,80.69,0,2,17.22
17.22,80.18,0,2,17.21
17.23,79.69,1,2,17.19
17.27,79.54,0,2,17.18
17.28,79.28,0,2,17.17
17.29,79.45,0,2,17.16
17.25,79.1,0,2,17.15
17.25,78.71,0,2,17.14
17.25,79.0,0,2,17.13
17.24,79.24,0,2,17.13
17.22,79.55,0,2,17.13
17.21,79.71,0,2,17.13
17.19,79.83,0,2,17.13
17.18,80.04,0,2,17.12
17.17,80.1,0,2,17.11
17.16,80.25,0,2,17.11
17.15,80.32,0,2,17.11
17.14,80.48,0,2,17.11
17.13,80.57,0,2,17.1
17.13,80.62,0,2,17.1
17.13,80.73,0,2,17.1
17.13,80.82,0,2,17.1
17.13,80.91,0,2,17.1
17.12,80.96,0,2,17.1
17.11,81.0,0,2,17.1
17.11,81.07,0,2,17.09
17.11,81.12,0,2,17.09
17.11,81.19,0,2,17.08
17.1,81.23,0,2,17.08
17.1,81.25,0,2,17.08
17.1,81.29,0,2,17.08
17.1,81.36,0,2,17.09
17.1,81.37,0,2,17.08
17.1,81.41,0,2,17.07
17.1,81.43,0,2,17.08
17.09,81.49,0,2,17.08
17.09,81.52,0,2,17.07
17.08,81.57,0,2,17.07
17.08,81.58,0,2,17.07
17.08,81.66,0,2,17.07
17.08,81.65,0,2,17.07
17.09,81.7,0,2,17.06
17.08,81.72,0,2,17.06
17.07,81.75,0,2,17.06
17.08,81.79,0,2,17.06
17.08,81.82,0,2,17.06
17.07,81.8,0,2,17.06
17.07,81.9,0,2,17.06
17.07,81.91,0,2,17.06
17.07,81.92,0,2,17.06
17.07,82.01,0,2,17.05
17.06,82.03,0,2,17.06
17.06,81.98,0,2,17.06
17.06,82.03,0,2,17.05
17.06,82.12,0,2,17.06
17.06,82.11,0,2,17.06
17.06,82.13,0,2,17.05
17.06,82.19,0,2,17.05
17.06,82.19,0,2,17.06
17.06,82.26,0,2,17.05
17.05,82.24,0,2,17.05
17.06,82.31,0,2,17.06
17.06,82.33,0,2,17.06
17.05,82.26,0,2,17.05
17.06,82.36,0,2,17.05
17.06,82.32,0,2,17.05
17.05,82.34,0,2,17.05
17.06,82.38,0,2,17.05
17.05,82.38,0,2,17.04
17.05,82.41,0,2,17.04
17.06,82.42,0,2,17.05
17.06,82.45,0,2,17.05
17.05,82.5,0,2,17.06
17.05,82.52,0,2,17.06
17.05,82.53,0,2,17.07
17.05,82.54,0,2,17.07
17.05,82.51,0,2,17.07
17.04,82.53,0,2,17.07
17.04,82.61,0,2,17.08
17.05,82.6,0,2,17.08
17.05,82.63,0,2,17.09
17.06,82.63,0,2,17.09
17.06,82.59,0,2,17.08
17.07,82.6,0,2,17.08
17.07,82.68,0,2,17.09
17.07,82.73,0,2,17.09
17.07,82.75,0,2,17.09
17.08,82.74,0,2,17.09
17.08,82.72,0,2,17.09
17.09,82.75,0,2,17.09
17.09,82.78,0,2,17.1
17.08,82.79,0,2,17.1
17.08,82.76,0,2,17.1
17.09,82.8,0,2,17.11
17.09,82.83,0,2,17.12
17.09,82.81,0,2,17.1
17.09,82.82,0,2,17.11
17.09,82.82,0,2,17.12
17.1,82.84,0,2,17.13
17.1,82.87,0,2,17.13
17.1,82.89,0,2,17.14
17.1,82.85,0,2,17.14
17.11,82.89,0,2,17.14
17.12,82.88,0,2,17.14
17.1,82.9,0,2,17.14
17.11,82.92,0,2,17.14
17.12,82.86,0,2,17.16
17.13,82.84,0,2,17.15
17.13,82.86,0,2,17.15
17.14,82.87,0,2,17.16
17.14,82.9,0,2,17.16
17.14,82.87,0,2,17.15
17.14,82.93,0,2,17.16
17.14,82.9,0,2,17.17
17.14,82.95,0,2,17.17
17.16,82.92,0,2,17.16
17.15,82.92,0,2,17.17
17.16,82.93,0,2,17.17
17.16,82.94,0,2,17.17
17.15,82.97,0,2,17.18
17.16,83.02,0,2,17.18
17.16,83.03,0,2,17.17
17.17,83.02,0,2,17.17
17.17,83.01,0,2,17.18
17.16,82.96,0,2,17.18
17.17,82.96,0,2,17.17
17.17,82.98,0,2,17.18
17.17,82.99,0,2,17.18
17.18,82.92,0,2,17.18
17.18,82.89,0,2,17.19
17.17,82.95,0,2,17.19
17.17,83.03,0,2,17.19
17.18,83.1,0,2,17.19
17.18,83.12,0,2,17.19
17.17,83.05,0,2,17.19
17.17,83.02,0,2,17.19
17.18,83.08,0,2,17.21
17.18,83.0,0,2,17.2
17.18,83.03,0,2,17.21
17.19,83.0,0,2,17.21
17.19,83.05,0,2,17.22
17.19,83.08,0,2,17.23
17.19,83.06,0,2,17.23
17.19,83.03,0,2,17.23
17.21,83.08,0,2,17.26
17.2,83.09,0,2,17.29
17.21,83.06,0,2,17.3
17.21,83.07,0,2,17.3
17.22,83.06,0,2,17.29
17.21,83.08,0,2,17.27
17.23,83.18,0,2,17.26
17.23,83.14,0,2,17.27
17.23,83.2,0,2,17.28
17.23,83.13,0,2,17.3
17.26,83.5,0,2,17.29
17.29,83.32,1,2,17.29
17.3,83.28,0,2,17.3
17.3,83.1,0,2,17.3
17.29,82.8,0,2,17.3
17.27,82.26,0,2,17.3
17.26,81.87,0,2,17.29
17.27,81.79,0,2,17.3
17.28,81.93,0,2,17.3
17.3,81.97,0,2,17.31
17.29,81.75,0,2,17.3
17.29,81.93,0,2,17.31
17.3,82.0,0,2,17.31
17.3,81.93,0,2,17.32
17.3,81.92,0,2,17.31
17.3,81.93,0,2,17.38
17.29,81.81,0,2,17.42
17.3,81.87,0,2,17.46
17.3,81.77,0,2,17.48
17.31,81.64,0,2,17.49
17.3,81.09,0,2,17.5
17.31,81.24,0,2,17.49
17.31,81.21,0,2,17.5
17.32,81.43,0,2,17.52
17.31,81.29,0,2,17.54
17.38,81.51,0,2,17.55
17.42,81.46,0,2,17.58
17.46,81.48,0,2,17.6
17.48,81.37,1,2,17.62
17.49,81.13,0,2,17.65
17.5,81.1,0,2,17.67
17.49,80.98,0,2,17.68
17.5,81.04,0,2,17.68
17.52,81.07,0,2,17.72
17.54,81.11,0,2,17.76
17.55,81.17,0,2,17.96
17.58,81.23,0,2,17.95
17.6,81.3,0,3,17.83
17.471348,80.86403,0,2,17.28
17.487255,80.62361,0,2,17.26
17.465672,80.49873,0,2,17.27
17.430813,80.59379,0,2,17.25
17.394613,80.65434,0,2,17.25
17.37366,80.76317,0,2,17.24
17.330849,80.814,0,2,17.23
17.309277,80.77425,0,2,17.22
17.290733,80.81302,0,2,17.21
17.284214,80.83328,0,2,17.21
17.278688,80.88923,0,2,17.21
17.265615,80.81161,0,2,17.21
17.265234,80.80227,0,2,17.2
17.246416,80.76907,0,2,17.19
17.248463,80.78382,0,2,17.2
17.23766,80.860985,0,2,17.2
17.239063,80.83137,0,2,17.19
17.221952,80.91662,0,2,17.19
17.207481,80.88277,0,2,17.2
17.198511,80.95553,0,2,17.21
17.199032,80.96349,0,2,17.22
17.204845,80.85214,0,2,17.23
17.196379,80.88938,0,2,17.27
17.198147,80.84245,0,2,17.28
17.203156,80.93974,0,2,17.29
17.197485,80.92835,0,2,17.25
17.19071,80.931145,0,2,17.25
17.187143,80.93777,0,2,17.25
17.196285,80.897446,0,2,17.24
17.210323,80.68328,0,2,17.22
17.220675,80.177925,0,2,17.21
17.22698,79.694336,1,2,17.19
17.282604,79.53858,0,2,17.18
17.283325,79.29235,0,2,17.17
17.288448,79.45405,0,2,17.16
17.253061,79.09782,0,2,17.15
17.24036,78.70814,0,2,17.14
17.252506,78.99181,0,2,17.13
17.243725,79.242386,0,2,17.13
17.220808,79.55306,0,2,17.13
17.207054,79.70758,0,2,17.13
17.199274,79.83189,0,2,17.13
17.17189,80.02643,0,2,17.12
17.181543,80.09838,0,2,17.11
17.16502,80.251686,0,2,17.11
17.15074,80.316444,0,2,17.11
17.138666,80.48015,0,2,17.11
17.126657,80.565956,0,2,17.1
17.130196,80.6208,0,2,17.1
17.128344,80.73418,0,2,17.1
17.12511,80.81742,0,2,17.1
17.133436,80.908134,0,2,17.1
17.126049,80.958595,0,2,17.1
17.105423,81.005455,0,2,17.1
17.110022,81.07155,0,2,17.09
17.114637,81.122246,0,2,17.09
17.114693,81.19698,0,2,17.08
17.101507,81.2279,0,2,17.08
17.10077,81.247406,0,2,17.08
17.09695,81.294334,0,2,17.08
17.098654,81.36117,0,2,17.09
17.09426,81.36782,0,2,17.08
17.10037,81.40926,0,2,17.07
17.09767,81.42718,0,2,17.08
17.087654,81.49345,0,2,17.08
17.090254,81.51939,0,2,17.07
17.07001,81.57831,0,2,17.07
17.074566,81.57126,0,2,17.07
17.078964,81.6683,0,2,17.07
17.081453,81.64507,0,2,17.07
17.087698,81.698555,0,2,17.06
17.073147,81.72271,0,2,17.06
17.077486,81.744514,0,2,17.06
17.076666,81.79272,0,2,17.06
17.080034,81.8148,0,2,17.06
17.062326,81.79281,0,2,17.06
17.064068,81.899284,0,2,17.06
17.069366,81.90764,0,2,17.06
17.070381,81.930565,0,2,17.06
17.068995,82.0219,0,2,17.05
17.06018,82.03352,0,2,17.06
17.055233,81.98499,0,2,17.06
17.056429,82.02662,0,2,17.05
17.066587,82.11264,0,2,17.06
17.06781,82.10386,0,2,17.06
17.063572,82.12766,0,2,17.05
17.053122,82.18816,0,2,17.05
17.067923,82.1872,0,2,17.06
17.05845,82.25523,0,2,17.05
17.05386,82.24594,0,2,17.05
17.052668,82.314514,0,2,17.06
17.060478,82.327,0,2,17.06
17.052563,82.26265,0,2,17.05
17.055119,82.35466,0,2,17.05
17.06296,82.31469,0,2,17.05
17.049917,82.34408,0,2,17.05
17.04956,82.34112,0,2,17.05
17.057014,82.37406,0,2,17.05
17.048967,82.383896,0,2,17.04
17.053596,82.40921,0,2,17.04
17.06434,82.42436,0,2,17.05
17.05072,82.44914,0,2,17.05
17.046055,82.49259,0,2,17.06
17.05449,82.511696,0,2,17.06
17.051888,82.53266,0,2,17.07
17.044596,82.54986,0,2,17.07
17.048578,82.51087,0,2,17.07
17.05532,82.53767,0,2,17.07
17.039562,82.52555,0,2,17.07
17.040308,82.60896,0,2,17.08
17.04678,82.592735,0,2,17.08
17.045292,82.63919,0,2,17.09
17.057858,82.64292,0,2,17.09
17.064,82.59481,0,2,17.08
17.071947,82.59686,0,2,17.08
17.07607,82.68084,0,2,17.09
17.067207,82.73653,0,2,17.09
17.067085,82.74351,0,2,17.09
17.06549,82.72743,0,2,17.09
17.08077,82.73672,0,2,17.09
17.073013,82.72025,0,2,17.09
17.096935,82.74815,0,2,17.09
17.084698,82.7815,0,2,17.1
17.0763,82.79756,0,2,17.1
17.07769,82.752266,0,2,17.1
17.09262,82.77319,0,2,17.1
17.10233,82.80011,0,2,17.11
17.09181,82.83646,0,2,17.12
17.093771,82.820366,0,2,17.1
17.09715,82.8281,0,2,17.11
17.092525,82.82362,0,2,17.12
17.094809,82.83638,0,2,17.12
17.106155,82.84348,0,2,17.13
17.103804,82.87287,0,2,17.13
17.090244,82.887856,0,2,17.14
17.095837,82.852646,0,2,17.14
17.120092,82.88695,0,2,17.14
17.124878,82.886375,0,2,17.14
17.098057,82.90118,0,2,17.14
17.1071,82.914246,0,2,17.14
17.120562,82.87997,0,2,17.14
17.114485,82.86332,0,2,17.16
17.130445,82.84582,0,2,17.15
17.123396,82.86478,0,2,17.15
17.134953,82.865944,0,2,17.16
17.138039,82.90054,0,2,17.16
17.131342,82.8832,0,2,17.15
17.144638,82.94003,0,2,17.16
17.140501,82.90097,0,2,17.16
17.143137,82.896,0,2,17.17
17.150604,82.95117,0,2,17.17
17.155773,82.9211,0,2,17.16
17.15118,82.91905,0,2,17.17
17.155067,82.922,0,2,17.17
17.165342,82.93287,0,2,17.17
17.154284,82.93144,0,2,17.17
17.161385,82.97329,0,2,17.18
17.162518,83.034775,0,2,17.18
17.16237,83.0296,0,2,17.17
17.165956,83.02249,0,2,17.17
17.16937,83.01916,0,2,17.18
17.154814,82.96563,0,2,17.18
17.172482,83.01523,0,2,17.17
17.162745,82.96125,0,2,17.17
17.167004,82.99159,0,2,17.18
17.17616,82.988045,0,2,17.18
17.180649,82.91705,0,2,17.18
17.175419,82.887115,0,2,17.19
17.166819,82.95185,0,2,17.19
17.163313,83.03781,0,2,17.19
17.18373,83.110344,0,2,17.19
17.180586,83.12346,0,2,17.19
17.161913,83.05115,0,2,17.19
17.162483,83.01229,0,2,17.19
17.180647,83.08955,0,2,17.21
17.183437,83.00535,0,2,17.2
17.180578,83.03497,0,2,17.21
17.199507,83.00842,0,2,17.21
17.17995,83.05142,0,2,17.22
17.190622,83.00521,0,2,17.21
17.185152,83.07642,0,2,17.23
17.186003,83.05504,0,2,17.23
17.191265,83.029526,0,2,17.23
17.1831,83.02264,0,2,17.23
17.211452,83.085594,0,2,17.26
17.203447,83.081505,0,2,17.29
17.212189,83.05857,0,2,17.3
17.220316,83.069435,0,2,17.3
17.209291,83.05936,0,2,17.29
17.209398,83.07366,0,2,17.27
17.22363,83.19198,0,2,17.26
17.232094,83.14203,0,2,17.27
17.23414,83.2063,0,2,17.28
17.228785,83.12716,0,2,17.3
17.259459,83.50067,0,2,17.29
17.284882,83.321335,1,2,17.29
17.293112,83.27242,0,2,17.3
17.301073,83.09544,0,2,17.3
17.287865,82.80776,0,2,17.3
17.264284,82.265434,0,2,17.3
17.255522,81.873985,0,2,17.29
17.275654,81.80333,0,2,17.3
17.28322,81.929085,0,2,17.3
17.300117,81.969795,0,2,17.31
17.287142,81.74876,0,2,17.3
17.293314,81.93539,0,2,17.31
17.300976,82.000984,0,2,17.31
17.305101,81.92907,0,2,17.32
17.296701,81.93154,0,2,17.31
17.293808,81.94115,0,2,17.38
17.291769,81.80458,0,2,17.42
17.300886,81.87624,0,2,17.46
17.290358,81.76589,0,2,17.48
17.31087,81.64184,0,2,17.49
17.294983,81.09645,0,2,17.5
17.310354,81.236015,0,2,17.49
17.315632,81.20667,0,2,17.5
17.323767,81.43345,0,2,17.52
17.30404,81.2859,0,2,17.54
17.36845,81.52782,0,2,17.55
17.424223,81.45866,0,2,17.58
17.465435,81.47779,0,2,17.6
17.479822,81.371666,1,2,17.62
17.49816,81.12709,0,2,17.65
17.507555,81.09245,0,2,17.67
17.490356,80.97424,0,2,17.68
17.50937,81.036156,0,2,17.68
17.52232,81.07015,0,2,17.72
17.537495,81.10302,0,2,17.76
17.553255,81.15589,0,2,17.96
17.57759,81.23732,0,2,17.95
17.592894,81.30416,0,3,17.83
17.475214,80.86339,0,2,17.28
17.483677,80.63013,0,2,17.26
17.469023,80.503494,0,2,17.27
17.413567,80.57757,0,2,17.25
17.397259,80.644844,0,2,17.25
17.372566,80.758286,0,2,17.24
17.319021,80.80629,0,2,17.23
17.314129,80.752815,0,2,17.22
17.286219,80.827484,0,2,17.21
17.284899,80.82427,0,2,17.21
17.295078,80.880905,0,2,17.21
17.267223,80.81933,0,2,17.21
17.259096,80.82015,0,2,17.2
17.2596,80.78098,0,2,17.19
17.249086,80.79116,0,2,17.2
17.240593,80.83909,0,2,17.2
17.2212,80.84168,0,2,17.19
17.22137,80.92856,0,2,17.19
17.220125,80.85275,0,2,17.2
17.21906,80.93805,0,2,17.21
17.21961,80.96742,0,2,17.22
17.20254,80.85553,0,2,17.23
17.206717,80.893135,0,2,17.27
17.184492,80.84417,0,2,17.28
17.215765,80.939644,0,2,17.29
17.210155,80.91619,0,2,17.25
17.177387,80.913315,0,2,17.25
17.205154,80.943596,0,2,17.25
17.200327,80.90481,0,2,17.24
17.207706,80.69558,0,2,17.22
17.219627,80.17874,0,2,17.21
17.233849,79.68925,1,2,17.19
17.269741,79.54183,0,2,17.18
17.282759,79.28177,0,2,17.17
17.297512,79.46199,0,2,17.16
17.26479,79.09869,0,2,17.15
17.263454,78.71239,0,2,17.14
17.253191,79.00728,0,2,17.13
17.247755,79.24026,0,2,17.13
17.20919,79.55555,0,2,17.13
17.20766,79.71312,0,2,17.13
17.205706,79.8406,0,2,17.13
17.192467,80.03724,0,2,17.12
17.185251,80.09183,0,2,17.11
17.158894,80.24739,0,2,17.11
17.138187,80.32697,0,2,17.11
17.13773,80.46343,0,2,17.11
17.129744,80.562325,0,2,17.1
17.130371,80.61922,0,2,17.1
17.115213,80.71393,0,2,17.1
17.12579,80.81103,0,2,17.1
17.139887,80.90709,0,2,17.1
17.099653,80.968765,0,2,17.1
17.100391,80.99347,0,2,17.1
17.102633,81.072624,0,2,17.09
17.11393,81.121506,0,2,17.09
17.111332,81.19576,0,2,17.08
17.094492,81.22683,0,2,17.08
17.107012,81.249054,0,2,17.08
17.089699,81.29529,0,2,17.08
17.101904,81.36533,0,2,17.09
17.072422,81.37368,0,2,17.08
17.102312,81.401695,0,2,17.07
17.102331,81.42759,0,2,17.08
17.080704,81.49598,0,2,17.08
17.087606,81.538795,0,2,17.07
17.082354,81.58787,0,2,17.07
17.103033,81.592255,0,2,17.07
17.089228,81.66915,0,2,17.07
17.082405,81.64062,0,2,17.07
17.103064,81.70556,0,2,17.06
17.064507,81.715416,0,2,17.06
17.079481,81.7409,0,2,17.06
17.062634,81.786285,0,2,17.06
17.082582,81.82405,0,2,17.06
17.073408,81.80768,0,2,17.06
17.075764,81.91629,0,2,17.06
17.067488,81.907486,0,2,17.06
17.068565,81.92559,0,2,17.06
17.062815,82.01355,0,2,17.05
17.055794,82.03194,0,2,17.06
17.057665,81.98993,0,2,17.06
17.07136,82.037766,0,2,17.05
17.062609,82.13391,0,2,17.06
17.044895,82.12016,0,2,17.06
17.066366,82.13808,0,2,17.05
17.05227,82.18692,0,2,17.05
17.058619,82.16368,0,2,17.06
17.054668,82.24132,0,2,17.05
17.054605,82.23701,0,2,17.05
17.06272,82.323135,0,2,17.06
17.049496,82.32978,0,2,17.06
17.04753,82.26181,0,2,17.05
17.053438,82.385086,0,2,17.05
17.063972,82.32841,0,2,17.05
17.059822,82.33848,0,2,17.05
17.039242,82.3418,0,2,17.05
17.043072,82.40861,0,2,17.05
17.059124,82.371895,0,2,17.04
17.063663,82.42143,0,2,17.04
17.070335,82.427315,0,2,17.05
17.069479,82.43402,0,2,17.05
17.039223,82.50267,0,2,17.06
17.071539,82.53178,0,2,17.06
17.055227,82.52805,0,2,17.07
17.047493,82.55397,0,2,17.07
17.060274,82.50516,0,2,17.07
17.034914,82.52024,0,2,17.07
17.040295,82.53398,0,2,17.07
17.026928,82.593704,0,2,17.08
17.047947,82.59828,0,2,17.08
17.050474,82.62628,0,2,17.09
17.072693,82.61917,0,2,17.09
17.059694,82.59824,0,2,17.08
17.046038,82.60871,0,2,17.08
17.069017,82.687744,0,2,17.09
17.075453,82.716484,0,2,17.09
17.059647,82.74771,0,2,17.09
17.051512,82.7198,0,2,17.09
17.091747,82.74712,0,2,17.09
17.082088,82.7127,0,2,17.09
17.102613,82.76252,0,2,17.09
17.097372,82.79528,0,2,17.1
17.08792,82.781715,0,2,17.1
17.084446,82.76584,0,2,17.1
17.085485,82.775475,0,2,17.1
17.102324,82.78139,0,2,17.11
17.086172,82.82635,0,2,17.12
17.092674,82.82886,0,2,17.1
17.089493,82.81734,0,2,17.11
17.09782,82.812706,0,2,17.12
17.103167,82.82783,0,2,17.12
17.098743,82.853035,0,2,17.13
17.09007,82.87485,0,2,17.13
17.097916,82.90233,0,2,17.14
17.10035,82.86176,0,2,17.14
17.129873,82.89446,0,2,17.14
17.12669,82.8877,0,2,17.14
17.110819,82.89815,0,2,17.14
17.094921,82.92186,0,2,17.14
17.13473,82.888535,0,2,17.14
17.13405,82.850075,0,2,17.16
17.137625,82.830185,0,2,17.15
17.146378,82.881096,0,2,17.15
17.144321,82.8674,0,2,17.16
17.124516,82.89728,0,2,17.16
17.134634,82.870705,0,2,17.15
17.118885,82.91731,0,2,17.16
17.127731,82.89753,0,2,17.16
17.154606,82.892975,0,2,17.17
17.153507,82.94768,0,2,17.17
17.158089,82.91119,0,2,17.16
17.152416,82.918625,0,2,17.17
17.147724,82.91156,0,2,17.17
17.172373,82.93438,0,2,17.17
17.156933,82.95831,0,2,17.17
17.168005,82.9477,0,2,17.18
17.161465,83.04168,0,2,17.18
17.158241,83.03162,0,2,17.17
17.164745,83.0112,0,2,17.17
17.167883,83.00224,0,2,17.18
17.158792,82.94617,0,2,17.18
17.170025,83.01769,0,2,17.17
17.166195,82.94853,0,2,17.17
17.170567,82.97824,0,2,17.18
17.18464,83.00313,0,2,17.18
17.15942,82.91385,0,2,17.18
17.171047,82.90526,0,2,17.19
17.179697,82.94728,0,2,17.19
17.171116,83.02557,0,2,17.19
17.19282,83.11131,0,2,17.19
17.157154,83.12309,0,2,17.19
17.171246,83.061226,0,2,17.19
17.175055,83.033585,0,2,17.19
17.182148,83.08404,0,2,17.21
17.167229,82.99504,0,2,17.2
17.181725,83.02538,0,2,17.21
17.188437,82.996124,0,2,17.21
17.189913,83.04634,0,2,17.22
17.1993,83.00379,0,2,17.21
17.18666,83.076096,0,2,17.23
17.184458,83.05519,0,2,17.23
17.198923,83.025764,0,2,17.23
17.185907,83.02042,0,2,17.23
17.218843,83.07159,0,2,17.26
17.192303,83.10026,0,2,17.29
17.202286,83.068794,0,2,17.3
17.215761,83.08195,0,2,17.3
17.2151,83.06706,0,2,17.29
17.216843,83.07619,0,2,17.27
17.22955,83.18155,0,2,17.26
17.231598,83.128334,0,2,17.27
17.234035,83.18963,0,2,17.28
17.208542,83.134254,0,2,17.3
17.262022,83.49592,0,2,17.29
17.300823,83.33429,1,2,17.29
17.298466,83.28676,0,2,17.3
17.304117,83.0991,0,2,17.3
17.27281,82.8098,0,2,17.3
17.269115,82.26025,0,2,17.3
17.25838,81.86158,0,2,17.29
17.278383,81.78982,0,2,17.3
17.286177,81.93053,0,2,17.3
17.289768,81.98019,0,2,17.31
17.28815,81.755486,0,2,17.3
17.281197,81.91279,0,2,17.31
17.299562,81.981804,0,2,17.31
17.291616,81.91718,0,2,17.32
17.31484,81.929924,0,2,17.31
17.291782,81.93568,0,2,17.38
17.300402,81.80636,0,2,17.42
17.305847,81.85757,0,2,17.46
17.29311,81.75875,0,2,17.48
17.312916,81.640724,0,2,17.49
17.295322,81.09747,0,2,17.5
17.303701,81.24621,0,2,17.49
17.307459,81.21685,0,2,17.5
17.317,81.41783,0,2,17.52
17.303202,81.286736,0,2,17.54
17.380766,81.51362,0,2,17.55
17.42959,81.4407,0,2,17.58
17.456856,81.465,0,2,17.6
17.479578,81.381256,1,2,17.62
17.497028,81.124596,0,2,17.65
17.496693,81.09028,0,2,17.67
17.482594,80.98451,0,2,17.68
17.487024,81.032326,0,2,17.68
17.512232,81.054214,0,2,17.72
17.550072,81.10367,0,2,17.76
17.53864,81.17392,0,2,17.96
17.578089,81.22252,0,2,17.95
17.602457,81.30716,0,3,17.83
17.506308,80.85461,0,2,17.28
17.478909,80.64492,0,2,17.26
17.488758,80.51735,0,2,17.27
17.470285,80.59087,0,2,17.25
17.427189,80.68435,0,2,17.25
17.38444,80.76615,0,2,17.24
17.341236,80.83888,0,2,17.23
17.29223,80.78028,0,2,17.22
17.298252,80.82463,0,2,17.21
17.280922,80.810585,0,2,17.21
17.268433,80.90483,0,2,17.21
17.253424,80.8379,0,2,17.21
17.274733,80.78247,0,2,17.2
17.225613,80.76257,0,2,17.19
17.265865,80.76453,0,2,17.2
17.272308,80.854095,0,2,17.2
17.233206,80.82715,0,2,17.19
17.212475,80.950386,0,2,17.19
17.232796,80.88536,0,2,17.2
17.244848,80.95865,0,2,17.21
17.249714,80.972115,0,2,17.22
17.202604,80.82845,0,2,17.23
17.205503,80.89515,0,2,17.27
17.238527,80.86236,0,2,17.28
17.20453,80.90951,0,2,17.29
17.193798,80.94081,0,2,17.25
17.200453,80.93363,0,2,17.25
17.16846,80.9392,0,2,17.25
17.22326,80.90935,0,2,17.24
17.187729,80.68914,0,2,17.22
17.214314,80.17542,0,2,17.21
17.24632,79.65794,1,2,17.19
17.26255,79.54074,0,2,17.18
17.295729,79.264496,0,2,17.17
17.258417,79.45657,0,2,17.16
17.25028,79.09577,0,2,17.15
17.239746,78.70629,0,2,17.14
17.21276,79.01267,0,2,17.13
17.234997,79.23462,0,2,17.13
17.209017,79.56354,0,2,17.13
17.209938,79.71393,0,2,17.13
17.199333,79.83657,0,2,17.13
17.20546,80.03625,0,2,17.12
17.187557,80.114265,0,2,17.11
17.151447,80.2334,0,2,17.11
17.101292,80.334236,0,2,17.11
17.137875,80.4754,0,2,17.11
17.132406,80.59219,0,2,17.1
17.150583,80.58713,0,2,17.1
17.127304,80.722244,0,2,17.1
17.116537,80.83416,0,2,17.1
17.151619,80.936676,0,2,17.1
17.16455,80.97707,0,2,17.1
17.120932,80.99559,0,2,17.1
17.095715,81.08379,0,2,17.09
17.111332,81.10907,0,2,17.09
17.109758,81.176994,0,2,17.08
17.069391,81.244095,0,2,17.08
17.136839,81.23217,0,2,17.08
17.134752,81.29828,0,2,17.08
17.118608,81.38365,0,2,17.09
17.092867,81.36788,0,2,17.08
17.099955,81.39632,0,2,17.07
17.118587,81.43587,0,2,17.08
17.06761,81.50884,0,2,17.08
17.095701,81.49875,0,2,17.07
17.027418,81.5781,0,2,17.07
17.082417,81.589325,0,2,17.07
17.072304,81.665405,0,2,17.07
17.073174,81.65455,0,2,17.07
17.116066,81.69341,0,2,17.06
17.069721,81.730515,0,2,17.06
17.101473,81.735405,0,2,17.06
17.107796,81.80982,0,2,17.06
17.041132,81.8347,0,2,17.06
17.057905,81.7861,0,2,17.06
17.03611,81.907234,0,2,17.06
17.06703,81.896324,0,2,17.06
17.075752,81.906746,0,2,17.06
17.116167,82.00438,0,2,17.05
17.04718,82.06858,0,2,17.06
17.084162,81.970604,0,2,17.06
17.063389,82.035675,0,2,17.05
17.070246,82.10161,0,2,17.06
17.065731,82.10973,0,2,17.06
17.038816,82.14184,0,2,17.05
17.065212,82.19724,0,2,17.05
17.073698,82.17329,0,2,17.06
17.067335,82.23236,0,2,17.05
17.075163,82.24095,0,2,17.05
17.03458,82.32243,0,2,17.06
17.04537,82.33968,0,2,17.06
17.065588,82.27488,0,2,17.05
17.071157,82.362206,0,2,17.05
17.046186,82.34936,0,2,17.05
17.013294,82.35589,0,2,17.05
17.075281,82.35121,0,2,17.05
17.056723,82.41272,0,2,17.05
17.05331,82.387695,0,2,17.04
17.040394,82.408646,0,2,17.04
17.10578,82.39967,0,2,17.05
17.040642,82.4781,0,2,17.05
17.043436,82.514015,0,2,17.06
17.058521,82.53602,0,2,17.06
17.062248,82.55551,0,2,17.07
17.073856,82.54482,0,2,17.07
17.027779,82.49835,0,2,17.07
17.040157,82.565544,0,2,17.07
17.052206,82.53992,0,2,17.07
17.01411,82.64581,0,2,17.08
17.052174,82.60787,0,2,17.08
17.056677,82.63726,0,2,17.09
17.04495,82.62108,0,2,17.09
17.07555,82.622284,0,2,17.08
17.085653,82.55174,0,2,17.08
17.06485,82.70021,0,2,17.09
17.081675,82.75062,0,2,17.09
17.07182,82.7154,0,2,17.09
17.047972,82.71301,0,2,17.09
17.101946,82.73324,0,2,17.09
17.084208,82.72216,0,2,17.09
17.092997,82.724045,0,2,17.09
17.101992,82.78346,0,2,17.1
17.081835,82.77949,0,2,17.1
17.08502,82.737305,0,2,17.1
17.096794,82.78582,0,2,17.1
17.100796,82.81273,0,2,17.11
17.07329,82.83994,0,2,17.12
17.087261,82.8009,0,2,17.1
17.089785,82.784645,0,2,17.11
17.108883,82.81278,0,2,17.12
17.067263,82.830864,0,2,17.12
17.098011,82.85119,0,2,17.13
17.067669,82.90705,0,2,17.13
17.0969,82.89515,0,2,17.14
17.089912,82.82332,0,2,17.14
17.115656,82.88892,0,2,17.14
17.12564,82.87443,0,2,17.14
17.07973,82.923775,0,2,17.14
17.117193,82.94958,0,2,17.14
17.131971,82.84973,0,2,17.14
17.084309,82.85445,0,2,17.16
17.171701,82.8056,0,2,17.15
17.151072,82.842926,0,2,17.15
17.105524,82.874596,0,2,17.16
17.171999,82.90602,0,2,17.16
17.162718,82.85335,0,2,17.15
17.141293,82.91982,0,2,17.16
17.10248,82.92169,0,2,17.16
17.133402,82.886955,0,2,17.17
17.151272,82.9253,0,2,17.17
17.157732,82.89781,0,2,17.16
17.120771,82.91768,0,2,17.17
17.149706,82.94495,0,2,17.17
17.171474,82.95747,0,2,17.17
17.189123,82.95346,0,2,17.17
17.19417,82.92808,0,2,17.18
17.143072,83.03106,0,2,17.18
17.152502,83.02556,0,2,17.17
17.159088,83.018875,0,2,17.17
17.205719,83.02523,0,2,17.18
17.171654,82.9859,0,2,17.18
17.144855,83.026024,0,2,17.17
17.120298,82.91463,0,2,17.17
17.13287,82.99064,0,2,17.18
17.16694,82.97258,0,2,17.18
17.1671,82.88092,0,2,17.18
17.20765,82.89581,0,2,17.19
17.157774,82.95791,0,2,17.19
17.19097,83.02733,0,2,17.19
17.19029,83.09468,0,2,17.19
17.16853,83.1309,0,2,17.19
17.179998,83.05619,0,2,17.19
17.189518,82.98937,0,2,17.19
17.182846,83.086006,0,2,17.21
17.18145,82.996635,0,2,17.2
17.1964,82.99668,0,2,17.21
17.19661,82.98638,0,2,17.21
17.20109,83.06938,0,2,17.22
17.167868,82.997345,0,2,17.21
17.189732,83.06749,0,2,17.23
17.185474,83.037155,0,2,17.23
17.202682,83.039215,0,2,17.23
17.16735,83.0365,0,2,17.23
17.217487,83.07155,0,2,17.26
17.201504,83.086914,0,2,17.29
17.216885,83.06744,0,2,17.3
17.208334,83.04794,0,2,17.3
17.209183,83.03182,0,2,17.29
17.211058,83.04686,0,2,17.27
17.220997,83.17257,0,2,17.26
17.242527,83.155334,0,2,17.27
17.225851,83.21109,0,2,17.28
17.211176,83.128,0,2,17.3
17.263277,83.53834,0,2,17.29
17.32924,83.305244,1,2,17.29
17.27162,83.2811,0,2,17.3
17.297785,83.11504,0,2,17.3
17.31604,82.83195,0,2,17.3
17.253748,82.26586,0,2,17.3
17.273424,81.89036,0,2,17.29
17.26059,81.77476,0,2,17.3
17.22732,81.93535,0,2,17.3
17.3055,81.93365,0,2,17.31
17.308092,81.761955,0,2,17.3
17.267672,81.94111,0,2,17.31
17.280989,82.01192,0,2,17.31
17.305716,81.98224,0,2,17.32
17.300957,81.88158,0,2,17.31
17.324696,81.960976,0,2,17.38
17.28585,81.81208,0,2,17.42
17.288109,81.84617,0,2,17.46
17.342377,81.73616,0,2,17.48
17.305628,81.675446,0,2,17.49
17.308748,81.08168,0,2,17.5
17.296131,81.22908,0,2,17.49
17.294014,81.221214,0,2,17.5
17.323452,81.44571,0,2,17.52
17.311968,81.28689,0,2,17.54
17.36723,81.53021,0,2,17.55
17.4238,81.48438,0,2,17.58
17.436626,81.45145,0,2,17.6
17.460106,81.37105,1,2,17.62
17.469969,81.15273,0,2,17.65
17.506239,81.08406,0,2,17.67
17.47029,80.96754,0,2,17.68
17.5001,81.090096,0,2,17.68
17.494444,81.063614,0,2,17.72
17.52317,81.13135,0,2,17.76
17.567556,81.1661,0,2,17.96
17.601946,81.24603,0,2,17.95
17.612202,81.296814,0,3,17.83
17.460827,80.845795,0,2,17.28
17.47987,80.62636,0,2,17.26
17.477543,80.50542,0,2,17.27
17.437561,80.57311,0,2,17.25
17.407465,80.65434,0,2,17.25
17.364538,80.76143,0,2,17.24
17.338541,80.81647,0,2,17.23
17.304869,80.776695,0,2,17.22
17.292213,80.808105,0,2,17.21
17.295464,80.83217,0,2,17.21
17.27342,80.8776,0,2,17.21
17.251099,80.818016,0,2,17.21
17.264442,80.8017,0,2,17.2
17.253584,80.76147,0,2,17.19
17.256943,80.787834,0,2,17.2
17.239399,80.85879,0,2,17.2
17.223057,80.82964,0,2,17.19
17.212698,80.913635,0,2,17.19
17.215673,80.87246,0,2,17.2
17.207205,80.95924,0,2,17.21
17.20792,80.95946,0,2,17.22
17.217447,80.84863,0,2,17.23
17.199896,80.88539,0,2,17.27
17.189339,80.835304,0,2,17.28
17.195946,80.93435,0,2,17.29
17.197245,80.92105,0,2,17.25
17.199043,80.92615,0,2,17.25
17.188484,80.946884,0,2,17.25
17.19263,80.8973,0,2,17.24
17.204435,80.69849,0,2,17.22
17.211369,80.18093,0,2,17.21
17.224709,79.6808,1,2,17.19
17.275644,79.53418,0,2,17.18
17.270334,79.2753,0,2,17.17
17.290668,79.45179,0,2,17.16
17.243364,79.09398,0,2,17.15
17.255144,78.71486,0,2,17.14
17.25819,78.99912,0,2,17.13
17.24876,79.24236,0,2,17.13
17.214632,79.54057,0,2,17.13
17.206587,79.709305,0,2,17.13
17.19073,79.83396,0,2,17.13
17.178375,80.03087,0,2,17.12
17.174309,80.10192,0,2,17.11
17.157997,80.24591,0,2,17.11
17.148811,80.32708,0,2,17.11
17.148115,80.48451,0,2,17.11
17.121387,80.56488,0,2,17.1
17.124132,80.6299,0,2,17.1
17.12143,80.73095,0,2,17.1
17.12743,80.8126,0,2,17.1
17.13648,80.90791,0,2,17.1
17.12402,80.969284,0,2,17.1
17.100903,81.00183,0,2,17.1
17.108398,81.06771,0,2,17.09
17.106443,81.11482,0,2,17.09
17.107386,81.19338,0,2,17.08
17.101582,81.22281,0,2,17.08
17.091719,81.242134,0,2,17.08
17.09179,81.28956,0,2,17.08
17.102324,81.35607,0,2,17.09
17.092678,81.37305,0,2,17.08
17.097168,81.41449,0,2,17.07
17.096392,81.42038,0,2,17.08
17.08952,81.49433,0,2,17.08
17.099691,81.51232,0,2,17.07
17.080372,81.56938,0,2,17.07
17.088774,81.58658,0,2,17.07
17.089178,81.66677,0,2,17.07
17.087378,81.641815,0,2,17.07
17.091911,81.69984,0,2,17.06
17.078339,81.72773,0,2,17.06
17.068047,81.74945,0,2,17.06
17.07353,81.788994,0,2,17.06
17.07664,81.82909,0,2,17.06
17.070597,81.799065,0,2,17.06
17.079245,81.893234,0,2,17.06
17.069815,81.91906,0,2,17.06
17.066162,81.92621,0,2,17.06
17.061718,82.00522,0,2,17.05
17.050962,82.02838,0,2,17.06
17.063997,81.979065,0,2,17.06
17.063162,82.02325,0,2,17.05
17.065563,82.11032,0,2,17.06
17.061804,82.11117,0,2,17.06
17.06365,82.13898,0,2,17.05
17.05277,82.188034,0,2,17.05
17.052557,82.18704,0,2,17.06
17.058533,82.268524,0,2,17.05
17.041399,82.23355,0,2,17.05
17.056856,82.313065,0,2,17.06
17.058416,82.33017,0,2,17.06
17.059717,82.26687,0,2,17.05
17.06201,82.36509,0,2,17.05
17.051468,82.31573,0,2,17.05
17.057959,82.337494,0,2,17.05
17.052866,82.330956,0,2,17.05
17.050863,82.38312,0,2,17.05
17.0518,82.38742,0,2,17.04
17.040033,82.41492,0,2,17.04
17.05397,82.42193,0,2,17.05
17.06188,82.4535,0,2,17.05
17.0567,82.49747,0,2,17.06
17.04992,82.52098,0,2,17.06
17.047691,82.525856,0,2,17.07
17.056776,82.543625,0,2,17.07
17.04385,82.51348,0,2,17.07
17.049856,82.53196,0,2,17.07
17.030603,82.53457,0,2,17.07
17.037138,82.61042,0,2,17.08
17.045362,82.592926,0,2,17.08
17.049395,82.62215,0,2,17.09
17.055902,82.62003,0,2,17.09
17.060543,82.588036,0,2,17.08
17.076172,82.60082,0,2,17.08
17.067158,82.67778,0,2,17.09
17.07402,82.72407,0,2,17.09
17.065216,82.74961,0,2,17.09
17.06035,82.7337,0,2,17.09
17.070465,82.74711,0,2,17.09
17.077942,82.716866,0,2,17.09
17.097858,82.74961,0,2,17.09
17.094973,82.785706,0,2,17.1
17.08915,82.79337,0,2,17.1
17.072823,82.769226,0,2,17.1
17.082972,82.77798,0,2,17.1
17.083538,82.80998,0,2,17.11
17.099253,82.82148,0,2,17.12
17.088644,82.80346,0,2,17.1
17.093277,82.82803,0,2,17.11
17.097694,82.81447,0,2,17.12
17.094519,82.836716,0,2,17.12
17.107725,82.83423,0,2,17.13
17.103916,82.86684,0,2,17.13
17.107481,82.891235,0,2,17.14
17.090431,82.841125,0,2,17.14
17.102625,82.883804,0,2,17.14
17.118122,82.885635,0,2,17.14
17.10205,82.905594,0,2,17.14
17.116436,82.91297,0,2,17.14
17.118235,82.87851,0,2,17.14
17.120327,82.86382,0,2,17.16
17.126978,82.84844,0,2,17.15
17.134039,82.86245,0,2,17.15
17.14612,82.86757,0,2,17.16
17.135712,82.89239,0,2,17.16
17.141308,82.86276,0,2,17.15
17.137743,82.92149,0,2,17.16
17.147755,82.90237,0,2,17.16
17.132622,82.90296,0,2,17.17
17.149458,82.94847,0,2,17.17
17.151611,82.91348,0,2,17.16
17.148302,82.9196,0,2,17.17
17.150496,82.91941,0,2,17.17
17.157942,82.92579,0,2,17.17
17.163225,82.934105,0,2,17.17
17.158129,82.97529,0,2,17.18
17.165728,83.02043,0,2,17.18
17.15151,83.02509,0,2,17.17
17.16535,83.01272,0,2,17.17
17.17291,83.00702,0,2,17.18
17.159185,82.963455,0,2,17.18
17.16933,83.02319,0,2,17.17
17.162498,82.953285,0,2,17.17
17.175379,82.97514,0,2,17.18
17.172802,82.99387,0,2,17.18
17.184366,82.91161,0,2,17.18
17.189297,82.896835,0,2,17.19
17.162933,82.94441,0,2,17.19
17.164936,83.028366,0,2,17.19
17.17616,83.091446,0,2,17.19
17.18329,83.12835,0,2,17.19
17.179405,83.05881,0,2,17.19
17.167118,83.01882,0,2,17.19
17.174318,83.08787,0,2,17.21
17.185276,83.00979,0,2,17.2
17.186508,83.03896,0,2,17.21
17.18527,82.99295,0,2,17.21
17.188856,83.04731,0,2,17.22
17.182247,82.99693,0,2,17.21
17.19338,83.07316,0,2,17.23
17.197489,83.05478,0,2,17.23
17.18719,83.03886,0,2,17.23
17.188196,83.0337,0,2,17.23
17.202217,83.08064,0,2,17.26
17.190504,83.094986,0,2,17.29
17.217209,83.05348,0,2,17.3
17.208267,83.06925,0,2,17.3
17.21055,83.064026,0,2,17.29
17.20926,83.079765,0,2,17.27
17.231619,83.174736,0,2,17.26
17.224096,83.14983,0,2,17.27
17.222776,83.2073,0,2,17.28
17.226194,83.13273,0,2,17.3
17.264551,83.50125,0,2,17.29
17.28053,83.31399,1,2,17.29
17.303944,83.27831,0,2,17.3
17.297144,83.100044,0,2,17.3
17.290354,82.79135,0,2,17.3
17.266197,82.26032,0,2,17.3
17.253914,81.87246,0,2,17.29
17.26753,81.790085,0,2,17.3
17.288944,81.92507,0,2,17.3
17.304049,81.96671,0,2,17.31
17.280285,81.75599,0,2,17.3
17.29893,81.93131,0,2,17.31
17.303247,82.00156,0,2,17.31
17.298258,81.93731,0,2,17.32
17.307638,81.91408,0,2,17.31
17.309055,81.93063,0,2,17.38
17.281948,81.81543,0,2,17.42
17.297688,81.87041,0,2,17.46
17.303238,81.77942,0,2,17.48
17.310528,81.63166,0,2,17.49
17.307547,81.083206,0,2,17.5
17.303427,81.24534,0,2,17.49
17.304998,81.21865,0,2,17.5
17.32489,81.43828,0,2,17.52
17.306715,81.29373,0,2,17.54
17.374662,81.51181,0,2,17.55
17.410217,81.46479,0,2,17.58
17.460846,81.48808,0,2,17.6
17.485542,81.36065,1,2,17.62
17.488075,81.126564,0,2,17.65
17.495474,81.09912,0,2,17.67
17.498344,80.971886,0,2,17.68
17.503296,81.04717,0,2,17.68
17.514126,81.06378,0,2,17.72
17.54924,81.10283,0,2,17.76
17.546036,81.178986,0,2,17.96
17.580683,81.23498,0,2,17.95
17.604471,81.304214,0,3,17.83
17.46514,80.85691,0,2,17.28
17.465221,80.60988,0,2,17.26
17.4609,80.50234,0,2,17.27
17.413631,80.58784,0,2,17.25
17.418243,80.659256,0,2,17.25
17.360128,80.76792,0,2,17.24
17.345003,80.82301,0,2,17.23
17.315212,80.76391,0,2,17.22
17.307053,80.82735,0,2,17.21
17.30849,80.81439,0,2,17.21
17.27814,80.88639,0,2,17.21
17.259045,80.8196,0,2,17.21
17.264353,80.790535,0,2,17.2
17.239527,80.773506,0,2,17.19
17.265451,80.77036,0,2,17.2
17.252558,80.85989,0,2,17.2
17.247284,80.82093,0,2,17.19
17.213552,80.93704,0,2,17.19
17.193436,80.86076,0,2,17.2
17.210941,80.95649,0,2,17.21
17.217825,80.952484,0,2,17.22
17.200739,80.85381,0,2,17.23
17.209713,80.88757,0,2,17.27
17.206388,80.82946,0,2,17.28
17.189024,80.94893,0,2,17.29
17.216787,80.91624,0,2,17.25
17.195154,80.93873,0,2,17.25
17.207302,80.9449,0,2,17.25
17.217497,80.886375,0,2,17.24
17.218199,80.68674,0,2,17.22
17.220755,80.170235,0,2,17.21
17.216133,79.70329,1,2,17.19
17.284319,79.53766,0,2,17.18
17.279972,79.27632,0,2,17.17
17.27398,79.455246,0,2,17.16
17.247654,79.10877,0,2,17.15
17.265917,78.7262,0,2,17.14
17.241158,79.01238,0,2,17.13
17.253248,79.25816,0,2,17.13
17.205105,79.56888,0,2,17.13
17.206884,79.716965,0,2,17.13
17.197529,79.832634,0,2,17.13
17.166943,80.03394,0,2,17.12
17.18321,80.10952,0,2,17.11
17.156504,80.246254,0,2,17.11
17.163473,80.33133,0,2,17.11
17.156794,80.47543,0,2,17.11
17.146263,80.58855,0,2,17.1
17.148607,80.6055,0,2,17.1
17.140747,80.743164,0,2,17.1
17.118288,80.81184,0,2,17.1
17.134953,80.90273,0,2,17.1
17.11789,80.943565,0,2,17.1
17.09652,81.01555,0,2,17.1
17.11074,81.0798,0,2,17.09
17.12827,81.13912,0,2,17.09
17.108334,81.186775,0,2,17.08
17.089886,81.23405,0,2,17.08
17.087395,81.23854,0,2,17.08
17.100433,81.27731,0,2,17.08
17.084505,81.36635,0,2,17.09
17.087818,81.38554,0,2,17.08
17.081247,81.426186,0,2,17.07
17.085657,81.41244,0,2,17.08
17.07511,81.50986,0,2,17.08
17.098253,81.512375,0,2,17.07
17.098555,81.562584,0,2,17.07
17.084023,81.594734,0,2,17.07
17.088997,81.66914,0,2,17.07
17.067717,81.65214,0,2,17.07
17.09663,81.71838,0,2,17.06
17.093864,81.71833,0,2,17.06
17.081228,81.75914,0,2,17.06
17.063019,81.798485,0,2,17.06
17.083576,81.82162,0,2,17.06
17.063753,81.80699,0,2,17.06
17.085484,81.881325,0,2,17.06
17.0822,81.91612,0,2,17.06
17.087353,81.904,0,2,17.06
17.078228,82.02966,0,2,17.05
17.078314,82.031105,0,2,17.06
17.069115,81.99448,0,2,17.06
17.059217,82.04309,0,2,17.05
17.071074,82.12213,0,2,17.06
17.063406,82.09848,0,2,17.06
17.043957,82.13661,0,2,17.05
17.047232,82.205635,0,2,17.05
17.069239,82.2076,0,2,17.06
17.073805,82.2656,0,2,17.05
17.069086,82.25531,0,2,17.05
17.068892,82.303085,0,2,17.06
17.061747,82.32217,0,2,17.06
17.03048,82.25843,0,2,17.05
17.060095,82.36216,0,2,17.05
17.065193,82.32003,0,2,17.05
17.048628,82.329704,0,2,17.05
17.038105,82.35396,0,2,17.05
17.07794,82.363495,0,2,17.05
17.043285,82.36462,0,2,17.04
17.045502,82.42689,0,2,17.04
17.077137,82.43104,0,2,17.05
17.049204,82.43148,0,2,17.05
17.034588,82.49135,0,2,17.06
17.035059,82.50728,0,2,17.06
17.038435,82.51608,0,2,17.07
17.05235,82.52424,0,2,17.07
17.065945,82.50543,0,2,17.07
17.031982,82.54854,0,2,17.07
17.020145,82.526,0,2,17.07
17.026945,82.591125,0,2,17.08
17.03294,82.596985,0,2,17.08
17.05771,82.628746,0,2,17.09
17.051224,82.64981,0,2,17.09
17.04427,82.58135,0,2,17.08
17.054352,82.59994,0,2,17.08
17.052137,82.68087,0,2,17.09
17.08317,82.74762,0,2,17.09
17.080376,82.73765,0,2,17.09
17.087845,82.734344,0,2,17.09
17.097311,82.72544,0,2,17.09
17.067818,82.7234,0,2,17.09
17.073414,82.73464,0,2,17.09
17.084074,82.797226,0,2,17.1
17.099476,82.78991,0,2,17.1
17.091858,82.7431,0,2,17.1
17.105795,82.78003,0,2,17.1
17.082031,82.80572,0,2,17.11
17.08539,82.819244,0,2,17.12
17.078415,82.79578,0,2,17.1
17.09054,82.805046,0,2,17.11
17.07197,82.80575,0,2,17.12
17.082724,82.83595,0,2,17.12
17.086712,82.821396,0,2,17.13
17.095573,82.875824,0,2,17.13
17.09955,82.89105,0,2,17.14
17.100876,82.84804,0,2,17.14
17.103405,82.89173,0,2,17.14
17.113419,82.86233,0,2,17.14
17.081333,82.913246,0,2,17.14
17.121347,82.93506,0,2,17.14
17.116207,82.87412,0,2,17.14
17.136896,82.85731,0,2,17.16
17.143848,82.844894,0,2,17.15
17.147793,82.86202,0,2,17.15
17.14074,82.850105,0,2,17.16
17.145203,82.916275,0,2,17.16
17.1262,82.868515,0,2,17.15
17.13884,82.941925,0,2,17.16
17.155338,82.8845,0,2,17.16
17.12777,82.91696,0,2,17.17
17.157316,82.93246,0,2,17.17
17.142015,82.92503,0,2,17.16
17.160381,82.9374,0,2,17.17
17.153421,82.91503,0,2,17.17
17.16991,82.94714,0,2,17.17
17.167528,82.95356,0,2,17.17
17.147451,82.980385,0,2,17.18
17.176018,83.03514,0,2,17.18
17.148262,83.02468,0,2,17.17
17.185696,83.01214,0,2,17.17
17.183136,83.01036,0,2,17.18
17.156523,82.96495,0,2,17.18
17.151495,83.01813,0,2,17.17
17.168303,82.95401,0,2,17.17
17.171972,82.98697,0,2,17.18
17.161858,83.00326,0,2,17.18
17.17787,82.91834,0,2,17.18
17.172243,82.889694,0,2,17.19
17.188274,82.96413,0,2,17.19
17.177616,83.03801,0,2,17.19
17.173552,83.0999,0,2,17.19
17.192165,83.13199,0,2,17.19
17.152166,83.057526,0,2,17.19
17.173458,83.00179,0,2,17.19
17.173956,83.09667,0,2,17.21
17.161745,83.01285,0,2,17.2
17.160187,83.04508,0,2,17.21
17.198343,83.00802,0,2,17.21
17.19116,83.05042,0,2,17.22
17.175348,82.9859,0,2,17.21
17.197353,83.06533,0,2,17.23
17.17302,83.06925,0,2,17.23
17.174059,83.03494,0,2,17.23
17.189632,83.0256,0,2,17.23
17.206633,83.07705,0,2,17.26
17.209068,83.07092,0,2,17.29
17.219038,83.049995,0,2,17.3
17.193394,83.086,0,2,17.3
17.218971,83.04082,0,2,17.29
17.200464,83.097305,0,2,17.27
17.235977,83.19143,0,2,17.26
17.22351,83.15326,0,2,17.27
17.230677,83.21232,0,2,17.28
17.246613,83.11645,0,2,17.3
17.259304,83.50899,0,2,17.29
17.274227,83.315315,1,2,17.29
17.315987,83.28077,0,2,17.3
17.283394,83.11641,0,2,17.3
17.280895,82.805855,0,2,17.3
17.253298,82.279236,0,2,17.3
17.25413,81.85458,0,2,17.29
17.279297,81.785576,0,2,17.3
17.281359,81.938194,0,2,17.3
17.307274,81.969376,0,2,17.31
17.298475,81.752464,0,2,17.3
17.308174,81.946075,0,2,17.31
17.313025,81.99266,0,2,17.31
17.304926,81.9123,0,2,17.32
17.296688,81.93572,0,2,17.31
17.319881,81.94552,0,2,17.38
17.308712,81.82177,0,2,17.42
17.314768,81.873085,0,2,17.46
17.300446,81.75419,0,2,17.48
17.322142,81.635254,0,2,17.49
17.28104,81.07667,0,2,17.5
17.30877,81.22805,0,2,17.49
17.299057,81.19038,0,2,17.5
17.338232,81.41568,0,2,17.52
17.300478,81.2993,0,2,17.54
17.399073,81.493065,0,2,17.55
17.423632,81.443855,0,2,17.58
17.466164,81.479256,0,2,17.6
17.494253,81.382,1,2,17.62
17.472055,81.14549,0,2,17.65
17.497225,81.104836,0,2,17.67
17.483816,80.99769,0,2,17.68
17.499151,81.05331,0,2,17.68
17.523092,81.06768,0,2,17.72
17.543503,81.09962,0,2,17.76
17.561672,81.15906,0,2,17.96
17.583344,81.24993,0,2,17.95
17.596794,81.30429,0,3,17.83
17.39037,80.481476,0,2,17.28
17.400324,80.25253,0,2,17.26
17.39037,80.13307,0,2,17.27
17.350554,80.21271,0,2,17.25
17.320688,80.29235,0,2,17.25
17.290827,80.39189,0,2,17.24
17.251009,80.451614,0,2,17.23
17.231098,80.40184,0,2,17.22
17.211191,80.44166,0,2,17.21
17.211191,80.46157,0,2,17.21
17.201237,80.51134,0,2,17.21
17.181328,80.44166,0,2,17.21
17.191282,80.44166,0,2,17.2
17.171373,80.40184,0,2,17.19
17.171373,80.42175,0,2,17.2
17.161419,80.49143,0,2,17.2
17.151464,80.46157,0,2,17.19
17.14151,80.551155,0,2,17.19
17.131554,80.51134,0,2,17.2
17.131554,80.58102,0,2,17.21
17.131554,80.59097,0,2,17.22
17.131554,80.481476,0,2,17.23
17.121601,80.52129,0,2,17.27
17.111647,80.47152,0,2,17.28
17.121601,80.57107,0,2,17.29
17.121601,80.551155,0,2,17.25
17.111647,80.56111,0,2,17.25
17.111647,80.57107,0,2,17.25
17.121601,80.53125,0,2,17.24
17.131554,80.32221,0,2,17.22
17.14151,79.81453,0,2,17.21
17.151464,79.32677,1,2,17.19
17.191282,79.17745,0,2,17.18
17.201237,78.91863,0,2,17.17
17.211191,79.08786,0,2,17.16
17.171373,78.739456,0,2,17.15
17.171373,78.351234,0,2,17.14
17.171373,78.63991,0,2,17.13
17.161419,78.878815,0,2,17.13
17.14151,79.18741,0,2,17.13
17.131554,79.34667,0,2,17.13
17.111647,79.46613,0,2,17.13
17.101692,79.67517,0,2,17.12
17.091738,79.73489,0,2,17.11
17.081783,79.88422,0,2,17.11
17.071829,79.953896,0,2,17.11
17.061874,80.11317,0,2,17.11
17.05192,80.20275,0,2,17.1
17.05192,80.25253,0,2,17.1
17.05192,80.36203,0,2,17.1
17.05192,80.451614,0,2,17.1
17.05192,80.54121,0,2,17.1
17.041965,80.59097,0,2,17.1
17.032011,80.6308,0,2,17.1
17.032011,80.70048,0,2,17.09
17.032011,80.75025,0,2,17.09
17.032011,80.81993,0,2,17.08
17.022057,80.85975,0,2,17.08
17.022057,80.879654,0,2,17.08
17.022057,80.91947,0,2,17.08
17.022057,80.98915,0,2,17.09
17.022057,80.999115,0,2,17.08
17.022057,81.03893,0,2,17.07
17.022057,81.05884,0,2,17.08
17.012102,81.11856,0,2,17.08
17.012102,81.14842,0,2,17.07
17.002148,81.1982,0,2,17.07
17.002148,81.20815,0,2,17.07
17.002148,81.28779,0,2,17.07
17.002148,81.27783,0,2,17.07
17.012102,81.3276,0,2,17.06
17.002148,81.34751,0,2,17.06
16.992193,81.37737,0,2,17.06
17.002148,81.4172,0,2,17.06
17.002148,81.44706,0,2,17.06
16.992193,81.427155,0,2,17.06
16.992193,81.526695,0,2,17.06
16.992193,81.53665,0,2,17.06
16.992193,81.5466,0,2,17.06
16.992193,81.63619,0,2,17.05
16.982239,81.6561,0,2,17.06
16.982239,81.60633,0,2,17.06
16.982239,81.6561,0,2,17.05
16.982239,81.74569,0,2,17.06
16.982239,81.73573,0,2,17.06
16.982239,81.75564,0,2,17.05
16.982239,81.81538,0,2,17.05
16.982239,81.81538,0,2,17.06
16.982239,81.885056,0,2,17.05
16.972284,81.86514,0,2,17.05
16.982239,81.93482,0,2,17.06
16.982239,81.954735,0,2,17.06
16.972284,81.885056,0,2,17.05
16.982239,81.9846,0,2,17.05
16.982239,81.94478,0,2,17.05
16.972284,81.96468,0,2,17.05
16.982239,82.0045,0,2,17.05
16.972284,82.0045,0,2,17.04
16.972284,82.03437,0,2,17.04
16.982239,82.04432,0,2,17.05
16.982239,82.07418,0,2,17.05
16.972284,82.123955,0,2,17.06
16.972284,82.14386,0,2,17.06
16.972284,82.15382,0,2,17.07
16.972284,82.16378,0,2,17.07
16.972284,82.13391,0,2,17.07
16.962332,82.15382,0,2,17.07
16.962332,82.23346,0,2,17.08
16.972284,82.2235,0,2,17.08
16.972284,82.253365,0,2,17.09
16.982239,82.253365,0,2,17.09
16.982239,82.21355,0,2,17.08
16.992193,82.2235,0,2,17.08
16.992193,82.30314,0,2,17.09
16.992193,82.35291,0,2,17.09
16.992193,82.37282,0,2,17.09
17.002148,82.36286,0,2,17.09
17.002148,82.34296,0,2,17.09
17.012102,82.37282,0,2,17.09
17.012102,82.40268,0,2,17.1
17.002148,82.412636,0,2,17.1
17.002148,82.382774,0,2,17.1
17.012102,82.42259,0,2,17.11
17.012102,82.45245,0,2,17.12
17.012102,82.43254,0,2,17.1
17.012102,82.4425,0,2,17.11
17.012102,82.4425,0,2,17.12
17.022057,82.4624,0,2,17.13
17.022057,82.49227,0,2,17.13
17.022057,82.51218,0,2,17.14
17.022057,82.47236,0,2,17.14
17.032011,82.51218,0,2,17.14
17.041965,82.50222,0,2,17.14
17.022057,82.52213,0,2,17.14
17.032011,82.54204,0,2,17.14
17.041965,82.482315,0,2,17.16
17.05192,82.4624,0,2,17.15
17.05192,82.482315,0,2,17.15
17.061874,82.49227,0,2,17.16
17.061874,82.52213,0,2,17.16
17.061874,82.49227,0,2,17.15
17.061874,82.552,0,2,17.16
17.061874,82.52213,0,2,17.17
17.061874,82.57191,0,2,17.17
17.081783,82.54204,0,2,17.16
17.071829,82.54204,0,2,17.17
17.081783,82.552,0,2,17.17
17.081783,82.56196,0,2,17.17
17.071829,82.59182,0,2,17.18
17.081783,82.64159,0,2,17.18
17.081783,82.65154,0,2,17.17
17.091738,82.64159,0,2,17.17
17.091738,82.63164,0,2,17.18
17.081783,82.58186,0,2,17.18
17.091738,82.58186,0,2,17.17
17.091738,82.601776,0,2,17.18
17.091738,82.611725,0,2,17.18
17.101692,82.54204,0,2,17.18
17.101692,82.51218,0,2,17.19
17.091738,82.57191,0,2,17.19
17.091738,82.65154,0,2,17.19
17.101692,82.72122,0,2,17.19
17.101692,82.741135,0,2,17.19
17.091738,82.671455,0,2,17.19
17.091738,82.64159,0,2,17.19
17.101692,82.70132,0,2,17.21
17.101692,82.62168,0,2,17.2
17.101692,82.65154,0,2,17.21
17.111647,82.62168,0,2,17.21
17.111647,82.671455,0,2,17.22
17.111647,82.70132,0,2,17.23
17.111647,82.681404,0,2,17.23
17.111647,82.65154,0,2,17.23
17.131554,82.70132,0,2,17.26
17.121601,82.711266,0,2,17.29
17.131554,82.681404,0,2,17.3
17.131554,82.69136,0,2,17.3
17.14151,82.681404,0,2,17.29
17.131554,82.70132,0,2,17.27
17.151464,82.80086,0,2,17.26
17.151464,82.76104,0,2,17.27
17.151464,82.82076,0,2,17.28
17.151464,82.75108,0,2,17.3
17.181328,83.1194,0,2,17.29
17.211191,82.94022,1,2,17.29
17.221144,82.9004,0,2,17.3
17.221144,82.72122,0,2,17.3
17.211191,82.42259,0,2,17.3
17.191282,81.885056,0,2,17.3
17.181328,81.49683,0,2,17.29
17.191282,81.4172,0,2,17.3
17.201237,81.55656,0,2,17.3
17.221144,81.596375,0,2,17.31
17.211191,81.37737,0,2,17.3
17.211191,81.55656,0,2,17.31
17.221144,81.626236,0,2,17.31
17.221144,81.55656,0,2,17.32
17.221144,81.5466,0,2,17.31
17.221144,81.55656,0,2,17.38
17.211191,81.4371,0,2,17.42
17.221144,81.49683,0,2,17.46
17.221144,81.397285,0,2,17.48
17.231098,81.267876,0,2,17.49
17.221144,80.72038,0,2,17.5
17.231098,80.8697,0,2,17.49
17.231098,80.839836,0,2,17.5
17.241055,81.05884,0,2,17.52
17.231098,80.91947,0,2,17.54
17.30078,81.13847,0,2,17.55
17.3406,81.0887,0,2,17.58
17.380415,81.10861,0,2,17.6
17.400324,80.999115,1,2,17.62
17.410278,80.7602,0,2,17.65
17.420233,80.73034,0,2,17.67
17.410278,80.61089,0,2,17.68
17.420233,80.670616,0,2,17.68
17.440144,80.70048,0,2,17.72
17.460052,80.740295,0,2,17.76
17.470005,80.80002,0,2,17.96
17.499868,80.85975,0,2,17.95
17.519777,80.92943,0,3,17.83
18.026642,83.4261,0,2,17.28
18.03696,83.188774,0,2,17.26
18.026642,83.06495,0,2,17.27
17.985369,83.1475,0,2,17.25
17.95441,83.23005,0,2,17.25
17.923456,83.33324,0,2,17.24
17.882181,83.39515,0,2,17.23
17.861544,83.34355,0,2,17.22
17.840908,83.38483,0,2,17.21
17.840908,83.405464,0,2,17.21
17.83059,83.457054,0,2,17.21
17.809952,83.38483,0,2,17.21
17.82027,83.38483,0,2,17.2
17.799633,83.34355,0,2,17.19
17.799633,83.36419,0,2,17.2
17.789314,83.436424,0,2,17.2
17.778994,83.405464,0,2,17.19
17.768675,83.49833,0,2,17.19
17.758356,83.457054,0,2,17.2
17.758356,83.52928,0,2,17.21
17.758356,83.539604,0,2,17.22
17.758356,83.4261,0,2,17.23
17.74804,83.46738,0,2,17.27
17.73772,83.41578,0,2,17.28
17.74804,83.518974,0,2,17.29
17.74804,83.49833,0,2,17.25
17.73772,83.50865,0,2,17.25
17.73772,83.518974,0,2,17.25
17.74804,83.4777,0,2,17.24
17.758356,83.26101,0,2,17.22
17.768675,82.73476,0,2,17.21
17.778994,82.22914,1,2,17.19
17.82027,82.07436,0,2,17.18
17.83059,81.806076,0,2,17.17
17.840908,81.98149,0,2,17.16
17.799633,81.62034,0,2,17.15
17.799633,81.21792,0,2,17.14
17.799633,81.51716,0,2,17.13
17.789314,81.7648,0,2,17.13
17.768675,82.08469,0,2,17.13
17.758356,82.24978,0,2,17.13
17.73772,82.373604,0,2,17.13
17.727402,82.590294,0,2,17.12
17.717083,82.65221,0,2,17.11
17.706764,82.806984,0,2,17.11
17.696445,82.87921,0,2,17.11
17.686127,83.04432,0,2,17.11
17.675808,83.13718,0,2,17.1
17.675808,83.188774,0,2,17.1
17.675808,83.302284,0,2,17.1
17.675808,83.39515,0,2,17.1
17.675808,83.488014,0,2,17.1
17.665491,83.539604,0,2,17.1
17.655172,83.58088,0,2,17.1
17.655172,83.653114,0,2,17.09
17.655172,83.704704,0,2,17.09
17.655172,83.77694,0,2,17.08
17.644854,83.818214,0,2,17.08
17.644854,83.838844,0,2,17.08
17.644854,83.88012,0,2,17.08
17.644854,83.952354,0,2,17.09
17.644854,83.96268,0,2,17.08
17.644854,84.00395,0,2,17.07
17.644854,84.02458,0,2,17.08
17.634535,84.086494,0,2,17.08
17.634535,84.11745,0,2,17.07
17.624216,84.169044,0,2,17.07
17.624216,84.17937,0,2,17.07
17.624216,84.26192,0,2,17.07
17.624216,84.251595,0,2,17.07
17.634535,84.303185,0,2,17.06
17.624216,84.32382,0,2,17.06
17.613897,84.35478,0,2,17.06
17.624216,84.39606,0,2,17.06
17.624216,84.42701,0,2,17.06
17.613897,84.40637,0,2,17.06
17.613897,84.50956,0,2,17.06
17.613897,84.51988,0,2,17.06
17.613897,84.5302,0,2,17.06
17.613897,84.62306,0,2,17.05
17.603579,84.6437,0,2,17.06
17.603579,84.59211,0,2,17.06
17.603579,84.6437,0,2,17.05
17.603579,84.73657,0,2,17.06
17.603579,84.72625,0,2,17.06
17.603579,84.74689,0,2,17.05
17.603579,84.8088,0,2,17.05
17.603579,84.8088,0,2,17.06
17.603579,84.88103,0,2,17.05
17.593258,84.86039,0,2,17.05
17.603579,84.93262,0,2,17.06
17.603579,84.95326,0,2,17.06
17.593258,84.88103,0,2,17.05
17.603579,84.984215,0,2,17.05
17.603579,84.94294,0,2,17.05
17.593258,84.96358,0,2,17.05
17.603579,85.00485,0,2,17.05
17.593258,85.00485,0,2,17.04
17.593258,85.03581,0,2,17.04
17.603579,85.04613,0,2,17.05
17.603579,85.07708,0,2,17.05
17.593258,85.12868,0,2,17.06
17.593258,85.14931,0,2,17.06
17.593258,85.15963,0,2,17.07
17.593258,85.16995,0,2,17.07
17.593258,85.139,0,2,17.07
17.582941,85.15963,0,2,17.07
17.582941,85.24218,0,2,17.08
17.593258,85.23186,0,2,17.08
17.593258,85.26282,0,2,17.09
17.603579,85.26282,0,2,17.09
17.603579,85.22154,0,2,17.08
17.613897,85.23186,0,2,17.08
17.613897,85.314415,0,2,17.09
17.613897,85.366005,0,2,17.09
17.613897,85.38664,0,2,17.09
17.624216,85.37632,0,2,17.09
17.624216,85.35569,0,2,17.09
17.634535,85.38664,0,2,17.09
17.634535,85.417595,0,2,17.1
17.624216,85.42792,0,2,17.1
17.624216,85.396965,0,2,17.1
17.634535,85.43824,0,2,17.11
17.634535,85.46919,0,2,17.12
17.634535,85.44855,0,2,17.1
17.634535,85.45887,0,2,17.11
17.634535,85.45887,0,2,17.12
17.644854,85.47951,0,2,17.13
17.644854,85.51047,0,2,17.13
17.644854,85.531105,0,2,17.14
17.644854,85.48982,0,2,17.14
17.655172,85.531105,0,2,17.14
17.665491,85.52078,0,2,17.14
17.644854,85.54142,0,2,17.14
17.655172,85.56206,0,2,17.14
17.665491,85.500145,0,2,17.16
17.675808,85.47951,0,2,17.15
17.675808,85.500145,0,2,17.15
17.686127,85.51047,0,2,17.16
17.686127,85.54142,0,2,17.16
17.686127,85.51047,0,2,17.15
17.686127,85.57238,0,2,17.16
17.686127,85.54142,0,2,17.17
17.686127,85.59301,0,2,17.17
17.706764,85.56206,0,2,17.16
17.696445,85.56206,0,2,17.17
17.706764,85.57238,0,2,17.17
17.706764,85.582695,0,2,17.17
17.696445,85.613655,0,2,17.18
17.706764,85.66524,0,2,17.18
17.706764,85.67556,0,2,17.17
17.717083,85.66524,0,2,17.17
17.717083,85.65493,0,2,17.18
17.706764,85.60333,0,2,17.18
17.717083,85.60333,0,2,17.17
17.717083,85.62397,0,2,17.18
17.717083,85.634285,0,2,17.18
17.727402,85.56206,0,2,17.18
17.727402,85.531105,0,2,17.19
17.717083,85.59301,0,2,17.19
17.717083,85.67556,0,2,17.19
17.727402,85.747795,0,2,17.19
17.727402,85.76843,0,2,17.19
17.717083,85.696205,0,2,17.19
17.717083,85.66524,0,2,17.19
17.727402,85.72716,0,2,17.21
17.727402,85.64461,0,2,17.2
17.727402,85.67556,0,2,17.21
17.73772,85.64461,0,2,17.21
17.73772,85.696205,0,2,17.22
17.73772,85.72716,0,2,17.23
17.73772,85.70652,0,2,17.23
17.73772,85.67556,0,2,17.23
17.758356,85.72716,0,2,17.26
17.74804,85.73747,0,2,17.29
17.758356,85.70652,0,2,17.3
17.758356,85.716835,0,2,17.3
17.768675,85.70652,0,2,17.29
17.758356,85.72716,0,2,17.27
17.778994,85.830345,0,2,17.26
17.778994,85.78907,0,2,17.27
17.778994,85.850975,0,2,17.28
17.778994,85.77875,0,2,17.3
17.809952,86.16054,0,2,17.29
17.840908,85.9748,1,2,17.29
17.851225,85.933525,0,2,17.3
17.851225,85.747795,0,2,17.3
17.840908,85.43824,0,2,17.3
17.82027,84.88103,0,2,17.3
17.809952,84.47861,0,2,17.29
17.82027,84.39606,0,2,17.3
17.83059,84.54051,0,2,17.3
17.851225,84.58179,0,2,17.31
17.840908,84.35478,0,2,17.3
17.840908,84.54051,0,2,17.31
17.851225,84.61275,0,2,17.31
17.851225,84.54051,0,2,17.32
17.851225,84.5302,0,2,17.31
17.851225,84.54051,0,2,17.38
17.840908,84.41669,0,2,17.42
17.851225,84.47861,0,2,17.46
17.851225,84.37541,0,2,17.48
17.861544,84.24127,0,2,17.49
17.851225,83.673744,0,2,17.5
17.861544,83.82853,0,2,17.49
17.861544,83.79757,0,2,17.5
17.871862,84.02458,0,2,17.52
17.861544,83.88012,0,2,17.54
17.933773,84.10713,0,2,17.55
17.975048,84.055534,0,2,17.58
18.016323,84.07618,0,2,17.6
18.03696,83.96268,1,2,17.62
18.04728,83.71502,0,2,17.65
18.057598,83.68407,0,2,17.67
18.04728,83.56025,0,2,17.68
18.057598,83.622154,0,2,17.68
18.078236,83.653114,0,2,17.72
18.098873,83.69439,0,2,17.76
18.10919,83.756294,0,2,17.96
18.140146,83.818214,0,2,17.95
18.160784,83.89044,0,3,17.83
17.626905,81.57615,0,2,17.28
17.636995,81.344086,0,2,17.26
17.626905,81.22301,0,2,17.27
17.586548,81.30373,0,2,17.25
17.556276,81.384445,0,2,17.25
17.526009,81.485344,0,2,17.24
17.48565,81.54588,0,2,17.23
17.46547,81.49543,0,2,17.22
17.44529,81.53579,0,2,17.21
17.44529,81.55598,0,2,17.21
17.4352,81.606415,0,2,17.21
17.41502,81.53579,0,2,17.21
17.42511,81.53579,0,2,17.2
17.40493,81.49543,0,2,17.19
17.40493,81.51562,0,2,17.2
17.39484,81.58624,0,2,17.2
17.38475,81.55598,0,2,17.19
17.37466,81.64678,0,2,17.19
17.36457,81.606415,0,2,17.2
17.36457,81.67705,0,2,17.21
17.36457,81.68714,0,2,17.22
17.36457,81.57615,0,2,17.23
17.354483,81.61651,0,2,17.27
17.344393,81.566055,0,2,17.28
17.354483,81.66696,0,2,17.29
17.354483,81.64678,0,2,17.25
17.344393,81.65687,0,2,17.25
17.344393,81.66696,0,2,17.25
17.354483,81.6266,0,2,17.24
17.36457,81.41472,0,2,17.22
17.37466,80.90013,0,2,17.21
17.38475,80.40574,1,2,17.19
17.42511,80.25439,0,2,17.18
17.4352,79.99205,0,2,17.17
17.44529,80.163574,0,2,17.16
17.40493,79.81043,0,2,17.15
17.40493,79.41693,0,2,17.14
17.40493,79.70953,0,2,17.13
17.39484,79.95169,0,2,17.13
17.37466,80.26448,0,2,17.13
17.36457,80.42591,0,2,17.13
17.344393,80.54699,0,2,17.13
17.334301,80.75888,0,2,17.12
17.324211,80.81941,0,2,17.11
17.314121,80.970764,0,2,17.11
17.304031,81.04139,0,2,17.11
17.293941,81.202835,0,2,17.11
17.283852,81.29364,0,2,17.1
17.283852,81.344086,0,2,17.1
17.283852,81.45508,0,2,17.1
17.283852,81.54588,0,2,17.1
17.283852,81.636696,0,2,17.1
17.273764,81.68714,0,2,17.1
17.263674,81.7275,0,2,17.1
17.263674,81.79813,0,2,17.09
17.263674,81.84858,0,2,17.09
17.263674,81.919205,0,2,17.08
17.253584,81.959564,0,2,17.08
17.253584,81.979744,0,2,17.08
17.253584,82.0201,0,2,17.08
17.253584,82.09074,0,2,17.09
17.253584,82.10082,0,2,17.08
17.253584,82.14118,0,2,17.07
17.253584,82.16136,0,2,17.08
17.243494,82.2219,0,2,17.08
17.243494,82.25217,0,2,17.07
17.233404,82.30262,0,2,17.07
17.233404,82.31271,0,2,17.07
17.233404,82.39343,0,2,17.07
17.233404,82.38334,0,2,17.07
17.243494,82.433784,0,2,17.06
17.233404,82.453964,0,2,17.06
17.223312,82.48424,0,2,17.06
17.233404,82.5246,0,2,17.06
17.233404,82.55486,0,2,17.06
17.223312,82.53468,0,2,17.06
17.223312,82.63558,0,2,17.06
17.223312,82.645676,0,2,17.06
17.223312,82.65576,0,2,17.06
17.223312,82.746574,0,2,17.05
17.213223,82.76675,0,2,17.06
17.213223,82.7163,0,2,17.06
17.213223,82.76675,0,2,17.05
17.213223,82.85756,0,2,17.06
17.213223,82.847466,0,2,17.06
17.213223,82.867645,0,2,17.05
17.213223,82.92819,0,2,17.05
17.213223,82.92819,0,2,17.06
17.213223,82.99882,0,2,17.05
17.203133,82.97863,0,2,17.05
17.213223,83.04926,0,2,17.06
17.213223,83.06944,0,2,17.06
17.203133,82.99882,0,2,17.05
17.213223,83.09972,0,2,17.05
17.213223,83.05936,0,2,17.05
17.203133,83.07953,0,2,17.05
17.213223,83.11989,0,2,17.05
17.203133,83.11989,0,2,17.04
17.203133,83.15017,0,2,17.04
17.213223,83.16025,0,2,17.05
17.213223,83.19052,0,2,17.05
17.203133,83.240974,0,2,17.06
17.203133,83.26115,0,2,17.06
17.203133,83.27124,0,2,17.07
17.203133,83.281334,0,2,17.07
17.203133,83.25106,0,2,17.07
17.193045,83.27124,0,2,17.07
17.193045,83.35196,0,2,17.08
17.203133,83.341866,0,2,17.08
17.203133,83.37214,0,2,17.09
17.213223,83.37214,0,2,17.09
17.213223,83.33177,0,2,17.08
17.223312,83.341866,0,2,17.08
17.223312,83.422585,0,2,17.09
17.223312,83.47304,0,2,17.09
17.223312,83.49322,0,2,17.09
17.233404,83.48312,0,2,17.09
17.233404,83.46295,0,2,17.09
17.243494,83.49322,0,2,17.09
17.243494,83.52348,0,2,17.1
17.233404,83.53358,0,2,17.1
17.233404,83.50331,0,2,17.1
17.243494,83.54367,0,2,17.11
17.243494,83.57394,0,2,17.12
17.243494,83.55375,0,2,17.1
17.243494,83.56384,0,2,17.11
17.243494,83.56384,0,2,17.12
17.253584,83.58402,0,2,17.13
17.253584,83.614296,0,2,17.13
17.253584,83.634476,0,2,17.14
17.253584,83.59412,0,2,17.14
17.263674,83.634476,0,2,17.14
17.273764,83.62438,0,2,17.14
17.253584,83.64456,0,2,17.14
17.263674,83.66474,0,2,17.14
17.273764,83.6042,0,2,17.16
17.283852,83.58402,0,2,17.15
17.283852,83.6042,0,2,17.15
17.293941,83.614296,0,2,17.16
17.293941,83.64456,0,2,17.16
17.293941,83.614296,0,2,17.15
17.293941,83.674835,0,2,17.16
17.293941,83.64456,0,2,17.17
17.293941,83.69501,0,2,17.17
17.314121,83.66474,0,2,17.16
17.304031,83.66474,0,2,17.17
17.314121,83.674835,0,2,17.17
17.314121,83.68493,0,2,17.17
17.304031,83.715195,0,2,17.18
17.314121,83.76564,0,2,17.18
17.314121,83.77573,0,2,17.17
17.324211,83.76564,0,2,17.17
17.324211,83.755554,0,2,17.18
17.314121,83.7051,0,2,17.18
17.324211,83.7051,0,2,17.17
17.324211,83.72529,0,2,17.18
17.324211,83.73537,0,2,17.18
17.334301,83.66474,0,2,17.18
17.334301,83.634476,0,2,17.19
17.324211,83.69501,0,2,17.19
17.324211,83.77573,0,2,17.19
17.334301,83.84636,0,2,17.19
17.334301,83.86654,0,2,17.19
17.324211,83.79591,0,2,17.19
17.324211,83.76564,0,2,17.19
17.334301,83.82618,0,2,17.21
17.334301,83.74546,0,2,17.2
17.334301,83.77573,0,2,17.21
17.344393,83.74546,0,2,17.21
17.344393,83.79591,0,2,17.22
17.344393,83.82618,0,2,17.23
17.344393,83.806,0,2,17.23
17.344393,83.77573,0,2,17.23
17.36457,83.82618,0,2,17.26
17.354483,83.836266,0,2,17.29
17.36457,83.806,0,2,17.3
17.36457,83.81609,0,2,17.3
17.37466,83.806,0,2,17.29
17.36457,83.82618,0,2,17.27
17.38475,83.92708,0,2,17.26
17.38475,83.88672,0,2,17.27
17.38475,83.94726,0,2,17.28
17.38475,83.876625,0,2,17.3
17.41502,84.249954,0,2,17.29
17.44529,84.06834,1,2,17.29
17.45538,84.02798,0,2,17.3
17.45538,83.84636,0,2,17.3
17.44529,83.54367,0,2,17.3
17.42511,82.99882,0,2,17.3
17.41502,82.605316,0,2,17.29
17.42511,82.5246,0,2,17.3
17.4352,82.665855,0,2,17.3
17.45538,82.706215,0,2,17.31
17.44529,82.48424,0,2,17.3
17.44529,82.665855,0,2,17.31
17.45538,82.73648,0,2,17.31
17.45538,82.665855,0,2,17.32
17.45538,82.65576,0,2,17.31
17.45538,82.665855,0,2,17.38
17.44529,82.54477,0,2,17.42
17.45538,82.605316,0,2,17.46
17.45538,82.50441,0,2,17.48
17.46547,82.373245,0,2,17.49
17.45538,81.818306,0,2,17.5
17.46547,81.96965,0,2,17.49
17.46547,81.939384,0,2,17.5
17.47556,82.16136,0,2,17.52
17.46547,82.0201,0,2,17.54
17.536097,82.24208,0,2,17.55
17.576458,82.19163,0,2,17.58
17.616816,82.211815,0,2,17.6
17.636995,82.10082,1,2,17.62
17.647085,81.858665,0,2,17.65
17.657175,81.82839,0,2,17.67
17.647085,81.70732,0,2,17.68
17.657175,81.76786,0,2,17.68
17.677355,81.79813,0,2,17.72
17.697536,81.838486,0,2,17.76
17.707624,81.899025,0,2,17.96
17.737894,81.959564,0,2,17.95
17.758074,82.0302,0,3,17.83
17.524284,80.90428,0,2,17.28
17.534285,80.674286,0,2,17.26
17.524284,80.55428,0,2,17.27
17.484285,80.634285,0,2,17.25
17.454285,80.71429,0,2,17.25
17.424286,80.814285,0,2,17.24
17.384285,80.87428,0,2,17.23
17.364285,80.82428,0,2,17.22
17.344286,80.86428,0,2,17.21
17.344286,80.884285,0,2,17.21
17.334286,80.93428,0,2,17.21
17.314285,80.86428,0,2,17.21
17.324286,80.86428,0,2,17.2
17.304285,80.82428,0,2,17.19
17.304285,80.844284,0,2,17.2
17.294285,80.91428,0,2,17.2
17.284285,80.884285,0,2,17.19
17.274284,80.97428,0,2,17.19
17.264284,80.93428,0,2,17.2
17.264284,81.00428,0,2,17.21
17.264284,81.01428,0,2,17.22
17.264284,80.90428,0,2,17.23
17.254286,80.94428,0,2,17.27
17.244286,80.89428,0,2,17.28
17.254286,80.994286,0,2,17.29
17.254286,80.97428,0,2,17.25
17.244286,80.98428,0,2,17.25
17.244286,80.994286,0,2,17.25
17.254286,80.954285,0,2,17.24
17.264284,80.744286,0,2,17.22
17.274284,80.23428,0,2,17.21
17.284285,79.744286,1,2,17.19
17.324286,79.594284,0,2,17.18
17.334286,79.33428,0,2,17.17
17.344286,79.50428,0,2,17.16
17.304285,79.15428,0,2,17.15
17.304285,78.76428,0,2,17.14
17.304285,79.05428,0,2,17.13
17.294285,79.29428,0,2,17.13
17.274284,79.60429,0,2,17.13
17.264284,79.76428,0,2,17.13
17.244286,79.884285,0,2,17.13
17.234285,80.094284,0,2,17.12
17.224285,80.15428,0,2,17.11
17.214285,80.30428,0,2,17.11
17.204285,80.37428,0,2,17.11
17.194284,80.53429,0,2,17.11
17.184284,80.62428,0,2,17.1
17.184284,80.674286,0,2,17.1
17.184284,80.78429,0,2,17.1
17.184284,80.87428,0,2,17.1
17.184284,80.96429,0,2,17.1
17.174286,81.01428,0,2,17.1
17.164286,81.05428,0,2,17.1
17.164286,81.12428,0,2,17.09
17.164286,81.174286,0,2,17.09
17.164286,81.244286,0,2,17.08
17.154285,81.28429,0,2,17.08
17.154285,81.30428,0,2,17.08
17.154285,81.344284,0,2,17.08
17.154285,81.41428,0,2,17.09
17.154285,81.424286,0,2,17.08
17.154285,81.46429,0,2,17.07
17.154285,81.48428,0,2,17.08
17.144285,81.54428,0,2,17.08
17.144285,81.57428,0,2,17.07
17.134285,81.62428,0,2,17.07
17.134285,81.634285,0,2,17.07
17.134285,81.71429,0,2,17.07
17.134285,81.704285,0,2,17.07
17.144285,81.75428,0,2,17.06
17.134285,81.774284,0,2,17.06
17.124285,81.80428,0,2,17.06
17.134285,81.844284,0,2,17.06
17.134285,81.87428,0,2,17.06
17.124285,81.85429,0,2,17.06
17.124285,81.954285,0,2,17.06
17.124285,81.96429,0,2,17.06
17.124285,81.97428,0,2,17.06
17.124285,82.064285,0,2,17.05
17.114285,82.08428,0,2,17.06
17.114285,82.03429,0,2,17.06
17.114285,82.08428,0,2,17.05
17.114285,82.174286,0,2,17.06
17.114285,82.16428,0,2,17.06
17.114285,82.18428,0,2,17.05
17.114285,82.244286,0,2,17.05
17.114285,82.244286,0,2,17.06
17.114285,82.314285,0,2,17.05
17.104284,82.29428,0,2,17.05
17.114285,82.36428,0,2,17.06
17.114285,82.384285,0,2,17.06
17.104284,82.314285,0,2,17.05
17.114285,82.41428,0,2,17.05
17.114285,82.37428,0,2,17.05
17.104284,82.39428,0,2,17.05
17.114285,82.43428,0,2,17.05
17.104284,82.43428,0,2,17.04
17.104284,82.46429,0,2,17.04
17.114285,82.47428,0,2,17.05
17.114285,82.50428,0,2,17.05
17.104284,82.55428,0,2,17.06
17.104284,82.57428,0,2,17.06
17.104284,82.58428,0,2,17.07
17.104284,82.594284,0,2,17.07
17.104284,82.564285,0,2,17.07
17.094286,82.58428,0,2,17.07
17.094286,82.66428,0,2,17.08
17.104284,82.65428,0,2,17.08
17.104284,82.68428,0,2,17.09
17.114285,82.68428,0,2,17.09
17.114285,82.64428,0,2,17.08
17.124285,82.65428,0,2,17.08
17.124285,82.73428,0,2,17.09
17.124285,82.78429,0,2,17.09
17.124285,82.80428,0,2,17.09
17.134285,82.79428,0,2,17.09
17.134285,82.774284,0,2,17.09
17.144285,82.80428,0,2,17.09
17.144285,82.83428,0,2,17.1
17.134285,82.844284,0,2,17.1
17.134285,82.814285,0,2,17.1
17.144285,82.85429,0,2,17.11
17.144285,82.884285,0,2,17.12
17.144285,82.86428,0,2,17.1
17.144285,82.87428,0,2,17.11
17.144285,82.87428,0,2,17.12
17.154285,82.89428,0,2,17.13
17.154285,82.924286,0,2,17.13
17.154285,82.94428,0,2,17.14
17.154285,82.90428,0,2,17.14
17.164286,82.94428,0,2,17.14
17.174286,82.93428,0,2,17.14
17.154285,82.954285,0,2,17.14
17.164286,82.97428,0,2,17.14
17.174286,82.91428,0,2,17.16
17.184284,82.89428,0,2,17.15
17.184284,82.91428,0,2,17.15
17.194284,82.924286,0,2,17.16
17.194284,82.954285,0,2,17.16
17.194284,82.924286,0,2,17.15
17.194284,82.98428,0,2,17.16
17.194284,82.954285,0,2,17.17
17.194284,83.00428,0,2,17.17
17.214285,82.97428,0,2,17.16
17.204285,82.97428,0,2,17.17
17.214285,82.98428,0,2,17.17
17.214285,82.994286,0,2,17.17
17.204285,83.024284,0,2,17.18
17.214285,83.07428,0,2,17.18
17.214285,83.08428,0,2,17.17
17.224285,83.07428,0,2,17.17
17.224285,83.064285,0,2,17.18
17.214285,83.01428,0,2,17.18
17.224285,83.01428,0,2,17.17
17.224285,83.03429,0,2,17.18
17.224285,83.04428,0,2,17.18
17.234285,82.97428,0,2,17.18
17.234285,82.94428,0,2,17.19
17.224285,83.00428,0,2,17.19
17.224285,83.08428,0,2,17.19
17.234285,83.15428,0,2,17.19
17.234285,83.174286,0,2,17.19
17.224285,83.10429,0,2,17.19
17.224285,83.07428,0,2,17.19
17.234285,83.134285,0,2,17.21
17.234285,83.05428,0,2,17.2
17.234285,83.08428,0,2,17.21
17.244286,83.05428,0,2,17.21
17.244286,83.10429,0,2,17.22
17.244286,83.134285,0,2,17.23
17.244286,83.11428,0,2,17.23
17.244286,83.08428,0,2,17.23
17.264284,83.134285,0,2,17.26
17.254286,83.14428,0,2,17.29
17.264284,83.11428,0,2,17.3
17.264284,83.12428,0,2,17.3
17.274284,83.11428,0,2,17.29
17.264284,83.134285,0,2,17.27
17.284285,83.23428,0,2,17.26
17.284285,83.19428,0,2,17.27
17.284285,83.25428,0,2,17.28
17.284285,83.18428,0,2,17.3
17.314285,83.55428,0,2,17.29
17.344286,83.37428,1,2,17.29
17.354284,83.33428,0,2,17.3
17.354284,83.15428,0,2,17.3
17.344286,82.85429,0,2,17.3
17.324286,82.314285,0,2,17.3
17.314285,81.924286,0,2,17.29
17.324286,81.844284,0,2,17.3
17.334286,81.98428,0,2,17.3
17.354284,82.024284,0,2,17.31
17.344286,81.80428,0,2,17.3
17.344286,81.98428,0,2,17.31
17.354284,82.05428,0,2,17.31
17.354284,81.98428,0,2,17.32
17.354284,81.97428,0,2,17.31
17.354284,81.98428,0,2,17.38
17.344286,81.86428,0,2,17.42
17.354284,81.924286,0,2,17.46
17.354284,81.82428,0,2,17.48
17.364285,81.69428,0,2,17.49
17.354284,81.14428,0,2,17.5
17.364285,81.29428,0,2,17.49
17.364285,81.26428,0,2,17.5
17.374285,81.48428,0,2,17.52
17.364285,81.344284,0,2,17.54
17.434284,81.564285,0,2,17.55
17.474285,81.51428,0,2,17.58
17.514284,81.53429,0,2,17.6
17.534285,81.424286,1,2,17.62
17.544285,81.18428,0,2,17.65
17.554285,81.15428,0,2,17.67
17.544285,81.03429,0,2,17.68
17.554285,81.094284,0,2,17.68
17.574286,81.12428,0,2,17.72
17.594286,81.16428,0,2,17.76
17.604284,81.22428,0,2,17.96
17.634285,81.28429,0,2,17.95
17.654285,81.35429,0,3,17.83
17.289982,80.66998,0,2,17.28
17.299982,80.43999,0,2,17.26
17.289982,80.319984,0,2,17.27
17.249983,80.39999,0,2,17.25
17.219982,80.47999,0,2,17.25
17.189983,80.57999,0,2,17.24
17.149982,80.639984,0,2,17.23
17.129982,80.58998,0,2,17.22
17.109983,80.62998,0,2,17.21
17.109983,80.64999,0,2,17.21
17.099983,80.69998,0,2,17.21
17.079983,80.62998,0,2,17.21
17.089983,80.62998,0,2,17.2
17.069983,80.58998,0,2,17.19
17.069983,80.609985,0,2,17.2
17.059982,80.679985,0,2,17.2
17.049982,80.64999,0,2,17.19
17.039982,80.73998,0,2,17.19
17.029982,80.69998,0,2,17.2
17.029982,80.76998,0,2,17.21
17.029982,80.77998,0,2,17.22
17.029982,80.66998,0,2,17.23
17.019983,80.709984,0,2,17.27
17.009983,80.65998,0,2,17.28
17.019983,80.75999,0,2,17.29
17.019983,80.73998,0,2,17.25
17.009983,80.749985,0,2,17.25
17.009983,80.75999,0,2,17.25
17.019983,80.719986,0,2,17.24
17.029982,80.50999,0,2,17.22
17.039982,79.999985,0,2,17.21
17.049982,79.50999,1,2,17.19
17.089983,79.359985,0,2,17.18
17.099983,79.09998,0,2,17.17
17.109983,79.26998,0,2,17.16
17.069983,78.91998,0,2,17.15
17.069983,78.52998,0,2,17.14
17.069983,78.819984,0,2,17.13
17.059982,79.05998,0,2,17.13
17.039982,79.36999,0,2,17.13
17.029982,79.52998,0,2,17.13
17.009983,79.64999,0,2,17.13
16.999983,79.859985,0,2,17.12
16.989983,79.91998,0,2,17.11
16.979982,80.069984,0,2,17.11
16.969982,80.139984,0,2,17.11
16.959982,80.29999,0,2,17.11
16.949982,80.389984,0,2,17.1
16.949982,80.43999,0,2,17.1
16.949982,80.54999,0,2,17.1
16.949982,80.639984,0,2,17.1
16.949982,80.72999,0,2,17.1
16.939983,80.77998,0,2,17.1
16.929983,80.819984,0,2,17.1
16.929983,80.889984,0,2,17.09
16.929983,80.93999,0,2,17.09
16.929983,81.00999,0,2,17.08
16.919983,81.04999,0,2,17.08
16.919983,81.069984,0,2,17.08
16.919983,81.109985,0,2,17.08
16.919983,81.179985,0,2,17.09
16.919983,81.18999,0,2,17.08
16.919983,81.22999,0,2,17.07
16.919983,81.249985,0,2,17.08
16.909983,81.30998,0,2,17.08
16.909983,81.33998,0,2,17.07
16.899982,81.389984,0,2,17.07
16.899982,81.39999,0,2,17.07
16.899982,81.47999,0,2,17.07
16.899982,81.469986,0,2,17.07
16.909983,81.51998,0,2,17.06
16.899982,81.539986,0,2,17.06
16.889982,81.569984,0,2,17.06
16.899982,81.609985,0,2,17.06
16.899982,81.639984,0,2,17.06
16.889982,81.61999,0,2,17.06
16.889982,81.719986,0,2,17.06
16.889982,81.72999,0,2,17.06
16.889982,81.73998,0,2,17.06
16.889982,81.82999,0,2,17.05
16.879982,81.84998,0,2,17.06
16.879982,81.79999,0,2,17.06
16.879982,81.84998,0,2,17.05
16.879982,81.93999,0,2,17.06
16.879982,81.929985,0,2,17.06
16.879982,81.94998,0,2,17.05
16.879982,82.00999,0,2,17.05
16.879982,82.00999,0,2,17.06
16.879982,82.07999,0,2,17.05
16.869982,82.05998,0,2,17.05
16.879982,82.12998,0,2,17.06
16.879982,82.14999,0,2,17.06
16.869982,82.07999,0,2,17.05
16.879982,82.179985,0,2,17.05
16.879982,82.139984,0,2,17.05
16.869982,82.15998,0,2,17.05
16.879982,82.19998,0,2,17.05
16.869982,82.19998,0,2,17.04
16.869982,82.22999,0,2,17.04
16.879982,82.23998,0,2,17.05
16.879982,82.26998,0,2,17.05
16.869982,82.319984,0,2,17.06
16.869982,82.33998,0,2,17.06
16.869982,82.34998,0,2,17.07
16.869982,82.359985,0,2,17.07
16.869982,82.32999,0,2,17.07
16.859983,82.34998,0,2,17.07
16.859983,82.429985,0,2,17.08
16.869982,82.41998,0,2,17.08
16.869982,82.44998,0,2,17.09
16.879982,82.44998,0,2,17.09
16.879982,82.40998,0,2,17.08
16.889982,82.41998,0,2,17.08
16.889982,82.499985,0,2,17.09
16.889982,82.54999,0,2,17.09
16.889982,82.569984,0,2,17.09
16.899982,82.55998,0,2,17.09
16.899982,82.539986,0,2,17.09
16.909983,82.569984,0,2,17.09
16.909983,82.59998,0,2,17.1
16.899982,82.609985,0,2,17.1
16.899982,82.57999,0,2,17.1
16.909983,82.61999,0,2,17.11
16.909983,82.64999,0,2,17.12
16.909983,82.62998,0,2,17.1
16.909983,82.639984,0,2,17.11
16.909983,82.639984,0,2,17.12
16.919983,82.65998,0,2,17.13
16.919983,82.68999,0,2,17.13
16.919983,82.709984,0,2,17.14
16.919983,82.66998,0,2,17.14
16.929983,82.709984,0,2,17.14
16.939983,82.69998,0,2,17.14
16.919983,82.719986,0,2,17.14
16.929983,82.73998,0,2,17.14
16.939983,82.679985,0,2,17.16
16.949982,82.65998,0,2,17.15
16.949982,82.679985,0,2,17.15
16.959982,82.68999,0,2,17.16
16.959982,82.719986,0,2,17.16
16.959982,82.68999,0,2,17.15
16.959982,82.749985,0,2,17.16
16.959982,82.719986,0,2,17.17
16.959982,82.76998,0,2,17.17
16.979982,82.73998,0,2,17.16
16.969982,82.73998,0,2,17.17
16.979982,82.749985,0,2,17.17
16.979982,82.75999,0,2,17.17
16.969982,82.789986,0,2,17.18
16.979982,82.83998,0,2,17.18
16.979982,82.84998,0,2,17.17
16.989983,82.83998,0,2,17.17
16.989983,82.82999,0,2,17.18
16.979982,82.77998,0,2,17.18
16.989983,82.77998,0,2,17.17
16.989983,82.79999,0,2,17.18
16.989983,82.80998,0,2,17.18
16.999983,82.73998,0,2,17.18
16.999983,82.709984,0,2,17.19
16.989983,82.76998,0,2,17.19
16.989983,82.84998,0,2,17.19
16.999983,82.91998,0,2,17.19
16.999983,82.93999,0,2,17.19
16.989983,82.86999,0,2,17.19
16.989983,82.83998,0,2,17.19
16.999983,82.89999,0,2,17.21
16.999983,82.819984,0,2,17.2
16.999983,82.84998,0,2,17.21
17.009983,82.819984,0,2,17.21
17.009983,82.86999,0,2,17.22
17.009983,82.89999,0,2,17.23
17.009983,82.87998,0,2,17.23
17.009983,82.84998,0,2,17.23
17.029982,82.89999,0,2,17.26
17.019983,82.90998,0,2,17.29
17.029982,82.87998,0,2,17.3
17.029982,82.889984,0,2,17.3
17.039982,82.87998,0,2,17.29
17.029982,82.89999,0,2,17.27
17.049982,82.999985,0,2,17.26
17.049982,82.959984,0,2,17.27
17.049982,83.01998,0,2,17.28
17.049982,82.94998,0,2,17.3
17.079983,83.319984,0,2,17.29
17.109983,83.139984,1,2,17.29
17.119982,83.09998,0,2,17.3
17.119982,82.91998,0,2,17.3
17.109983,82.61999,0,2,17.3
17.089983,82.07999,0,2,17.3
17.079983,81.68999,0,2,17.29
17.089983,81.609985,0,2,17.3
17.099983,81.749985,0,2,17.3
17.119982,81.789986,0,2,17.31
17.109983,81.569984,0,2,17.3
17.109983,81.749985,0,2,17.31
17.119982,81.819984,0,2,17.31
17.119982,81.749985,0,2,17.32
17.119982,81.73998,0,2,17.31
17.119982,81.749985,0,2,17.38
17.109983,81.62998,0,2,17.42
17.119982,81.68999,0,2,17.46
17.119982,81.58998,0,2,17.48
17.129982,81.459984,0,2,17.49
17.119982,80.90998,0,2,17.5
17.129982,81.05998,0,2,17.49
17.129982,81.02998,0,2,17.5
17.139982,81.249985,0,2,17.52
17.129982,81.109985,0,2,17.54
17.199982,81.32999,0,2,17.55
17.239983,81.27998,0,2,17.58
17.279982,81.29999,0,2,17.6
17.299982,81.18999,1,2,17.62
17.309982,80.94998,0,2,17.65
17.319983,80.91998,0,2,17.67
17.309982,80.79999,0,2,17.68
17.319983,80.859985,0,2,17.68
17.339983,80.889984,0,2,17.72
17.359983,80.929985,0,2,17.76
17.369982,80.98998,0,2,17.96
17.399982,81.04999,0,2,17.95
17.419983,81.11999,0,3,17.83
17.278296,82.23028,0,2,17.216099
17.312199,80.977684,0,2,17.180515
17.500774,80.85084,0,2,17.546978
17.281855,81.556015,0,2,17.189
17.220142,81.254074,0,2,17.146446
17.26862,81.03518,0,2,17.178446
17.220272,82.349365,0,2,17.202568
17.173084,81.673645,0,2,17.126896
17.27969,80.81,0,2,17.204845
17.239151,82.26013,0,2,17.241781
17.231808,81.95953,0,2,17.200361
17.229149,81.55727,0,2,17.199715
17.197754,81.34324,0,2,17.148397
17.16604,81.34839,0,2,17.124699
17.185785,80.60904,0,2,17.14746
17.233265,81.60089,0,2,17.23031
17.155449,81.525795,0,2,17.1403
17.141459,81.40807,0,2,17.11707
17.21,81.77436,0,2,17.228458
17.222658,82.37413,0,2,17.254307
17.161867,81.1044,0,2,17.158741
17.21,80.7579,0,2,17.224243
17.188345,82.05557,0,2,17.223377
17.19,81.92624,0,2,17.25051
17.144365,81.11247,0,2,17.173164
17.178965,81.982346,0,2,17.207928
17.216072,82.370445,0,2,17.263035
17.178669,80.46413,0,2,17.170687
17.2,80.910675,0,2,17.245335
17.396656,80.953896,0,2,17.50964
17.390606,80.677605,0,2,17.560692
17.23,81.27686,1,2,17.221828
17.207712,81.47659,0,2,17.18
17.14138,81.67811,0,2,17.114552
17.410772,80.17074,0,2,17.421022
17.206215,80.60061,0,2,17.15398
17.242987,80.26003,0,2,17.19611
17.176855,81.17185,0,2,17.14688
17.164225,81.22101,0,2,17.135412
17.13032,81.12204,0,2,17.098347
17.233128,79.29948,0,2,17.13
17.115477,81.26192,0,2,17.09274
17.230537,80.99512,0,2,17.210964
17.125513,80.93043,0,2,17.087757
17.130209,81.32675,0,2,17.105743
17.093016,81.37104,0,2,17.078342
17.14,81.734184,0,2,17.135597
17.171131,80.765366,0,2,17.156555
17.182415,80.023766,0,2,17.119656
17.254555,80.86839,0,2,17.290293
17.170383,80.239944,0,2,17.111013
17.119997,81.06003,0,2,17.096666
17.125328,81.972496,0,2,17.126644
17.09275,81.382965,0,2,17.086199
17.220451,81.567024,0,2,17.234966
17.1065,81.2075,0,2,17.0865
17.155037,81.061325,0,2,17.118603
17.199404,81.50205,0,2,17.195097
17.304829,81.384415,0,2,17.400043
17.165255,81.52165,0,2,17.155043
17.106558,81.20263,0,2,17.09
17.147552,82.46367,0,2,17.14793
17.105532,82.24512,0,2,17.108715
17.094711,82.128265,0,2,17.085289
17.126492,81.285645,0,2,17.142036
17.171385,81.68756,0,2,17.175322
17.224909,82.57779,0,2,17.221497
17.187647,81.11951,0,2,17.153725
17.19055,81.55406,0,2,17.27728
17.245632,81.5759,0,2,17.301012
17.139265,81.36336,0,2,17.117476
17.103285,82.17272,0,2,17.096613
17.074533,81.85013,0,2,17.06
17.134628,81.41939,0,2,17.164707
17.140007,81.37558,0,2,17.116882
17.111326,82.51989,0,2,17.12494
17.260567,81.179504,0,2,17.17434
17.232473,81.31524,0,2,17.14575
17.111645,82.43062,0,2,17.108303
17.064217,82.32526,0,2,17.072655
17.174976,80.64409,0,2,17.1257
17.048643,82.359375,0,2,17.067036
17.210396,82.00094,0,2,17.222927
17.085968,82.61639,0,2,17.111937
17.056515,82.258896,0,2,17.053482
17.146135,82.74657,0,2,17.169264
17.128914,82.761986,0,2,17.142696
17.102833,82.60266,0,2,17.11425
17.076496,81.769684,0,2,17.06656
17.109764,82.61853,0,2,17.11474
17.056856,82.41487,0,2,17.066286
17.132565,82.26,0,2,17.143822
17.14307,82.85842,0,2,17.160759
17.149612,82.189316,0,2,17.14708
17.138395,81.392914,0,2,17.195219
17.064255,82.55382,0,2,17.073757
17.073086,81.85657,0,2,17.063086
17.160658,80.34942,0,2,17.09533
17.084682,81.71634,0,2,17.06081
17.130539,82.75987,0,2,17.139778
17.076569,82.65988,0,2,17.088661
17.149456,81.542725,0,2,17.159456
17.09445,82.68192,0,2,17.113976
17.09068,82.675766,0,2,17.103899
17.1443,81.32587,0,2,17.105362
17.100086,82.71536,0,2,17.120087
17.223791,83.05138,0,2,17.229889
17.15173,82.92105,0,2,17.223629
17.133997,81.94075,0,2,17.128878
17.054115,82.402435,0,2,17.071768
17.057745,82.64937,0,2,17.09
17.100822,82.752464,0,2,17.120617
17.07919,81.93754,0,2,17.08
17.35116,81.762375,0,2,17.59546
17.073006,82.373405,0,2,17.083988
17.182793,82.21773,0,2,17.277988
17.170708,82.364685,0,2,17.252008
17.151081,81.01106,0,2,17.111622
17.154356,82.92303,0,2,17.210114
17.072245,82.685104,0,2,17.09
17.230375,81.803604,0,2,17.162453
17.112864,82.8524,0,2,17.130486
17.08598,82.01263,0,2,17.088041
17.15263,82.918465,0,2,17.172628
17.209322,81.68982,0,2,17.165085
17.109457,81.99574,0,2,17.11
17.096064,82.84213,0,2,17.132128
17.096027,82.84617,0,2,17.118084
17.169693,83.13877,0,2,17.194382
17.26512,82.168915,0,2,17.344513
17.065691,82.70846,0,2,17.101768
17.081947,82.7738,0,2,17.10593
17.152233,82.90265,0,2,17.162645
17.154192,81.52074,0,2,17.143612
17.319061,81.85875,0,2,17.435734
17.122267,82.8992,0,2,17.1492
17.193233,81.64725,0,2,17.176617
17.072582,82.495605,0,2,17.085167
17.090797,82.79199,0,2,17.107998
17.1408,82.9008,0,2,17.150398
17.23762,81.8881,0,2,17.395239
17.344244,81.48108,0,2,17.217335
17.1459,82.95011,0,2,17.160603
17.109024,82.24019,0,2,17.113537
17.216476,81.41911,0,2,17.180859
17.123718,82.85372,0,2,17.14023
17.078993,82.65886,0,2,17.098991
17.106304,82.839355,0,2,17.119566
17.110811,82.82995,0,2,17.129135
17.193886,81.08418,0,2,17.196941
17.131887,82.533455,0,2,17.124859
17.134167,82.187775,0,2,17.138336
17.234247,82.84779,0,2,17.24823
17.170347,81.86084,0,2,17.156204
17.148855,82.902855,0,2,17.16257
17.171568,81.87548,0,2,17.217743
17.093048,82.72785,0,2,17.113049
17.175539,83.04553,0,2,17.201077
17.13255,82.78168,0,2,17.129145
17.104246,82.74041,0,2,17.114246
17.10172,82.28008,0,2,17.102295
17.22219,82.30237,0,2,17.189571
17.122892,82.855316,0,2,17.133362
17.243965,83.18956,1,2,17.2478
17.127663,82.6205,0,2,17.133812
17.152525,82.892525,0,2,17.161682
17.18686,82.207565,0,2,17.207148
17.230755,80.92302,0,2,17.178955
17.215214,82.64742,0,2,17.256083
17.158922,83.02271,0,2,17.172436
17.352482,81.92934,0,2,17.46263
17.24883,82.23543,0,2,17.341091
17.240606,82.34108,0,2,17.347507
17.105547,82.61467,0,2,17.116932
17.198277,82.04965,0,2,17.19543
17.122034,82.88187,0,2,17.145594
17.169333,82.958664,0,2,17.189331
17.153973,81.59091,0,2,17.147945
17.236738,81.97644,0,2,17.21
17.394938,81.9265,0,2,17.540333
17.282953,82.210144,0,2,17.243279
17.180334,82.13431,0,2,17.191338
17.204601,81.81082,0,2,17.215399
17.200993,83.043976,0,2,17.237482
17.238274,82.32451,0,2,17.370377
17.123022,82.6657,0,2,17.155039
17.158215,82.09642,0,2,17.18607
17.187948,82.38692,0,2,17.229103
17.159674,82.03324,0,2,17.184448
17.219479,82.37687,0,2,17.263508
17.203686,83.11895,0,2,17.227898
17.252882,82.78156,0,2,17.289806
17.166187,82.64741,0,2,17.204279
17.187107,83.00068,0,2,17.20253
17.210672,82.03587,1,2,17.195799
17.24308,83.14719,0,2,17.252567
17.251545,83.09119,0,2,17.269165
17.20873,82.94899,0,2,17.211958
17.192083,82.64359,0,2,17.21609
17.224289,82.33028,0,2,17.25032
17.15219,82.16026,0,2,17.159748
17.191917,82.0341,0,2,17.203909
17.173111,82.19333,0,2,17.172962
17.217846,81.92738,0,2,17.224838
17.175549,81.891785,0,2,17.174728
17.20427,82.2713,0,2,17.22427
17.289644,81.381485,0,2,17.258219
17.186262,82.24278,0,2,17.237827
17.204967,81.976364,0,2,17.283209
17.198942,82.01956,0,2,17.294268
17.30656,81.40251,0,2,17.493124
17.17857,81.929146,0,2,17.258686
17.242224,80.93593,0,2,17.326674
17.165705,81.44703,0,2,17.226505
17.242205,81.73621,0,2,17.38055
17.186867,81.839264,0,2,17.288248
17.124842,82.14036,0,2,17.217686
17.165533,82.07541,0,2,17.218554
17.374533,81.369064,0,2,17.5428
17.332947,81.12965,0,2,17.407495
17.354797,80.81493,1,2,17.41133
17.455982,81.24751,0,2,17.619074
17.369493,81.290985,0,2,17.475834
17.391294,81.63273,0,2,17.53035
17.378922,81.88754,0,2,17.521347
17.211618,81.713585,0,2,17.270836
17.51122,81.0031,0,2,17.562654
17.31995,82.069275,0,2,17.531273
17.328953,82.1305,0,2,17.507938
17.389786,81.12557,0,3,17.503498
17.184996,81.861084,0,2,17.123926
17.323643,80.77636,0,2,17.24883
17.451176,80.53765,0,2,17.260586
17.288544,81.50363,0,2,17.191753
17.284718,81.27593,0,2,17.190712
17.345459,81.08884,0,2,17.377422
17.255646,81.427216,0,2,17.189724
17.248207,81.7587,0,2,17.202343
17.190744,81.67623,0,2,17.15586
17.372894,80.678024,0,2,17.23763
17.178673,81.54784,0,2,17.140913
17.179468,81.28111,0,2,17.149601
17.18364,81.696335,0,2,17.154549
17.218369,81.659615,0,2,17.182093
17.231817,81.45974,0,2,17.203032
17.169212,81.78969,0,2,17.162247
17.254421,80.81168,0,2,17.199158
17.146458,81.50374,0,2,17.12565
17.223606,82.410774,0,2,17.268034
17.146421,82.07706,0,2,17.16954
17.374132,81.3014,0,2,17.469482
17.21,82.06473,0,2,17.25179
17.137926,81.113464,0,2,17.15206
17.177738,82.15805,0,2,17.218695
17.172083,81.85199,0,2,17.229511
17.204195,81.817535,0,2,17.27097
17.119337,81.70728,0,2,17.141289
17.127914,81.63182,0,2,17.16574
17.131851,81.49875,0,2,17.14751
17.231018,80.74045,0,2,17.215796
17.118969,81.41612,0,2,17.114912
17.19728,81.47325,0,2,17.179094
17.223862,80.34743,0,2,17.220371
17.228405,81.199326,0,2,17.185478
17.205011,80.0336,0,2,17.13167
17.165926,81.04947,0,2,17.123726
17.25,79.68981,0,2,17.168262
17.272484,80.313065,0,2,17.210941
17.258753,80.102615,0,2,17.186256
17.173096,80.24928,0,2,17.10868
17.32173,80.26866,0,2,17.200567
17.261116,81.18767,0,2,17.252836
17.137829,81.078926,0,2,17.1085
17.130896,80.77945,0,2,17.095337
17.14816,81.81863,0,2,17.145515
17.118843,81.388275,0,2,17.101099
17.19472,80.72463,0,2,17.232317
17.167488,80.74138,0,2,17.191042
17.222725,81.7062,0,2,17.232462
17.13,80.79163,0,2,17.1
17.218452,81.91458,0,2,17.210564
17.33712,81.01103,0,2,17.433414
17.082352,82.00785,0,2,17.093725
17.123112,81.83041,0,2,17.126225
17.141954,81.71228,0,2,17.144321
17.100597,81.392685,0,2,17.075895
17.093552,81.39835,0,2,17.074518
17.121939,81.99344,0,2,17.123877
17.11277,81.76723,0,2,17.102348
17.201345,81.63458,0,2,17.196547
17.152727,82.3882,0,2,17.149319
17.094557,82.16472,0,2,17.101772
17.096777,81.85168,0,2,17.079672
17.2011,81.362595,0,2,17.301456
17.323812,81.233376,0,2,17.422163
17.139225,80.77178,0,2,17.08969
17.180208,82.658936,0,2,17.210293
17.084152,82.09482,0,2,17.086607
17.120502,81.39122,0,2,17.136276
17.161432,81.204834,0,2,17.135147
17.187504,82.73075,0,2,17.199291
17.100368,81.33302,0,2,17.080368
17.111105,80.97586,0,2,17.087402
17.073542,82.31305,0,2,17.072914
17.275364,81.60022,0,2,17.333508
17.079636,81.61691,0,2,17.066423
17.085728,81.653595,0,2,17.070484
17.059967,82.210945,0,2,17.065014
17.085556,82.21246,0,2,17.091112
17.123337,82.51138,0,2,17.124672
17.102497,82.52176,0,2,17.11464
17.132168,80.78648,0,2,17.098858
17.087643,82.50545,0,2,17.099754
17.136171,80.72123,0,2,17.094624
17.326332,81.503006,0,2,17.425432
17.06,82.12573,0,2,17.054272
17.06,82.246765,0,2,17.05473
17.121313,82.66518,0,2,17.126423
17.143902,82.77632,0,2,17.16617
17.056875,82.1506,0,2,17.056875
17.144562,82.73845,0,2,17.1953
17.056503,82.40343,0,2,17.063496
17.074688,81.738464,0,2,17.06543
17.124773,81.70301,0,2,17.161041
17.278559,81.86186,0,2,17.428276
17.115005,82.72462,0,2,17.12584
17.146866,81.423004,0,2,17.179153
17.110582,82.674286,0,2,17.105179
17.05,82.38922,0,2,17.04
17.070528,81.88994,0,2,17.060528
17.106102,82.67357,0,2,17.11147
17.054916,82.48557,0,2,17.05508
17.094059,81.6243,0,2,17.082031
17.137867,81.32981,0,2,17.107927
17.224808,82.11046,0,2,17.286762
17.114208,82.33514,0,2,17.137268
17.165724,82.86643,0,2,17.176466
17.080133,82.74695,0,2,17.112185
17.126778,81.59076,0,2,17.146568
17.319296,81.693184,0,2,17.438227
17.05,82.420456,0,2,17.065037
17.12196,81.59292,0,2,17.140795
17.06,82.44201,0,2,17.077183
17.322365,81.96324,0,2,17.444397
17.166088,82.89467,0,2,17.214523
17.063177,82.66295,0,2,17.09
17.086933,82.7808,0,2,17.106934
17.081879,82.1996,0,2,17.09
17.064674,82.655426,0,2,17.084675
17.186848,81.066055,0,2,17.125614
17.090317,82.797386,0,2,17.110636
17.11013,82.80536,0,2,17.120197
17.08545,82.784546,0,2,17.1
17.187738,83.06191,1,2,17.197477
17.116121,82.129524,0,2,17.159107
17.0969,82.207306,0,2,17.09655
17.09,82.78009,0,2,17.102034
17.097939,82.13139,0,2,17.108093
17.080582,82.33443,0,2,17.081165
17.225712,82.21609,0,2,17.24571
17.211504,80.556206,0,2,17.151976
17.129416,82.897,0,2,17.155474
17.093624,82.82725,0,2,17.123625
17.118462,82.89769,0,2,17.143845
17.17519,82.48899,0,2,17.206835
17.185848,82.957306,0,2,17.20868
17.078144,82.52683,0,2,17.082657
17.23749,82.142426,0,2,17.179163
17.199396,80.38194,0,2,17.146626
17.151428,82.07486,0,2,17.164856
17.170135,81.804855,0,2,17.178993
17.10774,82.84774,0,2,17.14161
17.175598,82.17881,0,2,17.166286
17.16082,81.12178,0,2,17.13151
17.218857,82.09998,0,2,17.317715
17.08139,82.56137,0,2,17.081856
17.100796,82.32675,0,2,17.099596
17.15588,82.95647,0,2,17.170586
17.20417,82.44679,0,2,17.288343
17.122467,82.41612,0,2,17.134937
17.099203,82.480835,0,2,17.108805
17.118563,82.26736,0,2,17.113382
17.155813,82.978134,0,2,17.175814
17.175999,83.023994,0,2,17.208996
17.122759,82.75124,0,2,17.12531
17.172712,82.90822,0,2,17.182713
17.1541,82.9577,0,2,17.1759
17.17312,83.07248,0,2,17.186562
17.174587,83.03973,0,2,17.194313
17.208712,82.26688,0,2,17.184076
17.138878,82.598495,0,2,17.138504
17.135872,82.91174,0,2,17.155872
17.23455,82.33684,0,2,17.23993
17.125456,82.725136,0,2,17.121407
17.229456,83.323524,0,2,17.25267
17.121237,82.80307,0,2,17.135302
17.18922,82.317566,0,2,17.192295
17.121983,82.42587,0,2,17.116161
17.11987,82.26488,0,2,17.117588
17.207762,81.85938,0,2,17.195396
17.105104,82.79506,0,2,17.125803
17.207361,82.71566,0,2,17.223442
17.21633,81.72963,0,2,17.19
17.138317,82.943054,0,2,17.16737
17.228077,82.282715,0,2,17.326187
17.196783,81.88897,0,2,17.196644
17.167456,82.984,0,2,17.193274
17.213919,83.08371,0,2,17.245876
17.130865,82.372635,0,2,17.133984
17.155172,81.682335,0,2,17.146149
17.1453,82.23069,0,2,17.155499
17.182749,83.045494,0,2,17.215498
17.147692,82.83148,0,2,17.17142
17.12172,82.83084,0,2,17.150337
17.21,81.76092,0,2,17.242254
17.308018,82.141846,0,2,17.446026
17.124235,82.848885,0,2,17.161459
17.38458,81.943665,0,2,17.53653
17.14975,81.744385,0,2,17.168657
17.185669,83.05567,0,2,17.221338
17.212435,83.127304,0,2,17.242435
17.209497,83.08362,0,2,17.249496
17.225025,81.38424,0,2,17.20538
17.241405,80.77471,0,2,17.20305
17.14202,82.24153,0,2,17.145802
17.235205,82.025986,1,2,17.21413
17.303398,82.722565,0,2,17.36458
17.145327,82.62979,0,2,17.145327
17.229015,82.31533,0,2,17.229385
17.211142,82.6185,0,2,17.230438
17.12775,82.127884,0,2,17.1313
17.151794,81.52577,0,2,17.140072
17.205387,81.00594,0,2,17.190948
17.238083,82.39015,0,2,17.24366
17.3418,81.10896,0,2,17.261148
17.267897,81.611084,0,2,17.27211
17.348736,81.780685,0,2,17.419659
17.293077,81.16852,0,2,17.24385
17.173914,82.254616,0,2,17.198462
17.14129,82.35534,0,2,17.189548
17.176437,82.332016,0,2,17.261225
17.21003,81.86746,0,2,17.322554
17.403149,81.18007,0,2,17.367739
17.199814,82.05495,0,2,17.310173
17.240303,81.941055,0,2,17.358809
17.237934,82.303,0,2,17.33785
17.267487,81.93215,0,2,17.408411
17.296713,80.9711,0,2,17.320759
17.31097,81.93318,0,2,17.435951
17.277306,82.35612,0,2,17.357399
17.308744,82.41661,0,2,17.419659
17.516722,81.265076,0,2,17.798365
17.36476,81.752625,0,2,17.474663
17.381086,79.96319,0,2,17.417904
17.281189,81.44237,0,2,17.371754
17.28387,81.396866,0,2,17.368374
17.257397,81.566025,0,2,17.334848
17.424847,80.95097,0,2,17.469372
17.433002,81.49759,0,2,17.726006
17.42472,80.592094,0,2,17.605865
17.52537,81.08289,0,2,17.728231
17.281609,81.54382,0,2,17.174318
17.338963,82.06421,0,2,17.26
17.261337,82.25972,0,2,17.214357
17.326889,80.38964,0,2,17.194477
17.210735,81.878395,0,2,17.155367
17.293423,80.79404,0,2,17.257017
17.214737,81.49966,0,2,17.166407
17.25569,80.82924,0,2,17.244686
17.273617,80.8018,0,2,17.205904
17.24332,82.002205,0,2,17.251493
17.19751,81.85533,0,2,17.176033
17.220297,82.06919,0,2,17.221344
17.260187,80.790375,0,2,17.195095
17.20549,81.83328,0,2,17.175163
17.210358,81.895,0,2,17.185135
17.24,80.371735,0,2,17.178902
17.162228,81.90912,0,2,17.163933
17.239883,79.64754,0,2,17.150234
17.194286,80.440056,0,2,17.1581
17.155186,81.450165,0,2,17.15176
17.242458,81.796715,0,2,17.248852
17.135258,81.19653,0,2,17.134874
17.17506,80.7938,0,2,17.20943
17.134699,81.72022,0,2,17.19244
17.179785,81.99628,0,2,17.229353
17.133553,81.32976,0,2,17.15033
17.367937,80.87916,0,2,17.269066
17.109474,81.85454,0,2,17.146467
17.21,80.85772,0,2,17.213549
17.199001,82.20979,0,2,17.223997
17.169098,80.41577,0,2,17.139248
17.172768,80.84822,0,2,17.126965
17.286854,80.972694,0,2,17.259089
17.211246,80.6838,0,2,17.133749
17.175995,80.15088,0,2,17.115463
17.169716,80.0909,0,2,17.107887
17.174854,80.26809,0,2,17.097122
17.257753,79.31456,0,2,17.140652
17.140541,80.74191,0,2,17.092918
17.172249,81.44647,0,2,17.14618
17.210773,79.63611,0,2,17.13
17.26354,81.3488,0,2,17.252274
17.23884,81.68863,0,2,17.210613
17.245815,81.27979,0,2,17.238724
17.184143,80.638664,0,2,17.161215
17.235867,81.96273,0,2,17.23143
17.370665,80.87571,0,2,17.477259
17.155437,82.14625,0,2,17.144516
17.210087,82.0264,1,2,17.195103
17.102867,81.31743,0,2,17.081913
17.083172,81.853226,0,2,17.066551
17.395945,81.094765,0,2,17.65189
17.418116,81.15078,0,2,17.65723
17.290783,81.28178,0,2,17.353426
17.198793,82.528854,0,2,17.208391
17.133211,82.19386,0,2,17.132225
17.13906,82.22321,0,2,17.1358
17.094341,82.13842,0,2,17.102634
17.086449,81.94047,0,2,17.084518
17.089634,81.582886,0,2,17.074448
17.069506,82.07747,0,2,17.073902
17.166769,81.60289,0,2,17.155315
17.087091,81.67526,0,2,17.073545
17.126957,81.28674,0,2,17.142824
17.094091,82.0804,0,2,17.098633
17.173393,81.4563,0,2,17.260845
17.126518,80.80661,0,2,17.09326
17.180544,81.81539,0,2,17.179684
17.107086,82.1414,0,2,17.108692
17.066887,82.220024,0,2,17.071556
17.069204,82.11401,0,2,17.054602
17.07,82.032104,0,2,17.066637
17.184185,81.8363,0,2,17.193127
17.191446,81.284004,0,2,17.139603
17.180809,81.865486,0,2,17.18592
17.226074,81.61386,0,2,17.279245
17.07,82.31431,0,2,17.074791
17.079735,81.70261,0,2,17.066488
17.144144,81.45392,0,2,17.140032
17.158989,82.72293,0,2,17.198586
17.126553,82.46805,0,2,17.148735
17.1991,81.18149,0,2,17.16128
17.101158,82.40812,0,2,17.113823
17.162714,82.76052,0,2,17.224342
17.06,82.31416,0,2,17.064732
17.16123,80.851,0,2,17.105217
17.145626,82.72351,0,2,17.158798
17.10079,81.84268,0,2,17.112755
17.099625,81.809906,0,2,17.129402
17.143246,81.585266,0,2,17.12366
17.110434,82.662025,0,2,17.114637
17.057829,82.16214,0,2,17.05
17.064125,82.17028,0,2,17.054123
17.054544,82.3309,0,2,17.05
17.139524,82.79451,0,2,17.1533
17.097483,81.28943,0,2,17.079678
17.142536,81.24512,0,2,17.132536
17.05,82.31145,0,2,17.045713
17.055471,82.24582,0,2,17.050945
17.10312,82.632286,0,2,17.109705
17.0904,81.7421,0,2,17.071714
17.122787,82.29074,0,2,17.169178
17.06092,82.09955,0,2,17.06
17.133259,82.33017,0,2,17.173243
17.0966,82.76634,0,2,17.1166
17.099293,82.73854,0,2,17.119293
17.053293,82.39493,0,2,17.066706
17.122524,82.805084,0,2,17.138771
17.132885,82.8691,0,2,17.172886
17.129448,81.02807,0,2,17.108374
17.123257,81.33701,0,2,17.111977
17.247042,81.73488,0,2,17.165707
17.074343,82.69995,0,2,17.094341
17.160137,82.17816,0,2,17.23864
17.07,82.18508,0,2,17.070717
17.086788,82.13573,0,2,17.093357
17.180735,83.06144,0,2,17.221498
17.087763,81.948425,0,2,17.07816
17.226692,81.40581,0,2,17.173822
17.130186,82.85512,0,2,17.17107
17.072386,82.38597,0,2,17.066513
17.168648,82.137726,0,2,17.142601
17.098154,81.70686,0,2,17.1
17.073206,82.59017,0,2,17.083015
17.079165,82.61748,0,2,17.085552
17.096796,82.2529,0,2,17.099806
17.120237,82.87233,0,2,17.144192
17.19529,82.37927,0,2,17.253149
17.072409,82.58546,0,2,17.074818
17.079155,82.53444,0,2,17.094698
17.222485,81.9026,0,2,17.175558
17.168703,82.96596,0,2,17.221603
17.176487,82.18926,0,2,17.2715
17.09616,82.85928,0,2,17.124643
17.13263,82.92924,0,2,17.163307
17.100697,82.86209,0,2,17.130695
17.110626,82.20035,0,2,17.111876
17.21648,81.59286,0,2,17.185297
17.239227,81.81511,0,2,17.372608
17.131153,82.91904,0,2,17.15673
17.232578,81.900116,0,2,17.355532
17.201149,81.80832,0,2,17.175411
17.245087,81.98534,0,2,17.188362
17.152536,82.91597,0,2,17.168358
17.353928,81.83035,0,2,17.463066
17.109743,82.65821,0,2,17.115961
17.088112,82.58984,0,2,17.09658
17.127914,82.90806,0,2,17.151943
17.192005,81.04514,1,2,17.181557
17.108067,82.87336,0,2,17.138067
17.21012,80.57551,0,2,17.14886
17.19321,81.93094,0,2,17.184404
17.15428,82.93712,0,2,17.17428
17.153305,82.91995,0,2,17.17
17.206535,82.652336,0,2,17.224995
17.142365,82.183685,0,2,17.149464
17.317373,82.22899,0,2,17.420202
17.172258,82.94418,0,2,17.182259
17.22282,82.49933,0,2,17.290735
17.154633,82.93828,0,2,17.16463
17.408024,81.657875,0,2,17.552036
17.195372,81.643524,0,2,17.20806
17.136986,82.4538,0,2,17.133318
17.179626,83.01369,0,2,17.19925
17.15945,82.95835,0,2,17.172966
17.151604,81.67629,0,2,17.134567
17.106112,82.52056,0,2,17.110428
17.21487,82.429504,0,2,17.239357
17.144527,82.42594,0,2,17.149973
17.140833,82.950455,0,2,17.154394
17.18,82.99173,0,2,17.183586
17.140444,82.646065,0,2,17.147308
17.176785,83.02678,0,2,17.203568
17.152943,82.93796,0,2,17.17618
17.166378,82.95914,0,2,17.17957
17.123486,82.87302,0,2,17.140926
17.200058,81.34546,0,2,17.169767
17.132114,82.91318,0,2,17.156853
17.183475,83.06524,0,2,17.19695
17.177975,83.00784,0,2,17.193924
17.15287,82.95391,0,2,17.19287
17.09405,82.58452,0,2,17.099783
17.156609,82.95844,0,2,17.187065
17.172543,83.00849,0,2,17.21573
17.147434,82.897255,0,2,17.212904
17.25243,82.49896,0,2,17.375431
17.373314,81.85097,0,2,17.521643
17.153183,82.89099,0,2,17.211393
17.220385,83.10596,0,2,17.285578
17.171406,82.47269,0,2,17.184666
17.191467,83.017975,0,2,17.218622
17.223017,81.60788,0,2,17.217154
17.28383,81.54196,0,2,17.246168
17.169756,83.11779,0,2,17.18914
17.296438,82.45078,0,2,17.302877
17.279247,80.69275,0,2,17.216986
17.20417,82.89636,0,2,17.212156
17.200703,82.27698,0,2,17.202198
17.16208,82.6282,0,2,17.19208
17.235699,82.23755,0,2,17.265701
17.198103,82.33949,0,2,17.222967
17.147408,82.26436,0,2,17.167408
17.161144,82.58097,0,2,17.19197
17.232393,82.252,0,2,17.250622
17.295143,81.84772,0,2,17.397419
17.40628,81.62802,1,2,17.493042
17.163115,81.66275,0,2,17.157042
17.17799,81.97592,0,2,17.182905
17.32909,81.44379,0,2,17.32182
17.217382,81.51146,0,2,17.28687
17.209778,80.93771,0,2,17.249483
17.23192,81.191315,0,2,17.323416
17.167673,81.83357,0,2,17.2452
17.212414,81.80319,0,2,17.337341
17.48151,81.27548,0,3,17.691082
17.198488,81.73187,0,2,17.299278
17.171867,81.60899,0,2,17.23608
17.163845,81.816154,0,2,17.253536
17.271507,81.96205,0,2,17.387262
17.311047,81.0605,0,2,17.39322
17.271889,82.45949,0,2,17.327562
17.276917,82.22295,0,2,17.347288
17.206814,82.02461,0,2,17.270273
17.329163,82.10948,0,2,17.421513
17.48033,80.74794,0,2,17.481777
17.268427,80.67978,0,2,17.313343
17.345573,81.75148,0,2,17.464443
17.453716,81.325714,0,2,17.646753
17.381435,81.34215,0,2,17.640804
17.346794,81.82597,0,2,17.57428
17.40741,82.09856,0,3,17.538763
17.477482,80.861755,0,2,17.28
17.478931,80.625885,0,2,17.26
17.468397,80.51069,0,2,17.27
17.430534,80.58,0,2,17.25
17.4,80.66107,0,2,17.25
17.369467,80.757866,0,2,17.24
17.331068,80.81412,0,2,17.23
17.31,80.77481,0,2,17.22
17.291069,80.80893,0,2,17.21
17.289467,80.831604,0,2,17.21
17.279467,80.87358,0,2,17.21
17.261604,80.813736,0,2,17.21
17.268398,80.80785,0,2,17.2
17.251068,80.77321,0,2,17.19
17.249466,80.79268,0,2,17.2
17.24,80.85466,0,2,17.2
17.23,80.83641,0,2,17.19
17.22,80.913055,0,2,17.19
17.210533,80.88587,0,2,17.2
17.21,80.94679,0,2,17.21
17.21,80.95358,0,2,17.22
17.209465,80.85802,0,2,17.23
17.2,80.885185,0,2,17.27
17.191069,80.848015,0,2,17.28
17.199467,80.93359,0,2,17.29
17.199467,80.9216,0,2,17.25
17.190535,80.93,0,2,17.25
17.190535,80.93733,0,2,17.25
17.2,80.890915,0,2,17.24
17.21,80.67397,0,2,17.22
17.22,80.18107,0,2,17.21
17.231602,79.70817,1,2,17.19
17.268398,79.53413,0,2,17.18
17.28,79.30298,0,2,17.17
17.287329,79.42221,0,2,17.16
17.252138,79.097855,0,2,17.15
17.25,78.74634,0,2,17.14
17.249466,78.99733,0,2,17.13
17.239466,79.243744,0,2,17.13
17.220533,79.54199,0,2,17.13
17.209465,79.70786,0,2,17.13
17.190535,79.83481,0,2,17.13
17.18,80.03199,0,2,17.12
17.17,80.104805,0,2,17.11
17.16,80.24573,0,2,17.11
17.15,80.32481,0,2,17.11
17.14,80.47626,0,2,17.11
17.130533,80.56786,0,2,17.1
17.13,80.623215,0,2,17.1
17.13,80.728935,0,2,17.1
17.129465,80.90787,0,2,17.1
17.12,80.95946,0,2,17.1
17.110535,81.0016,0,2,17.1
17.11,81.06893,0,2,17.09
17.11,81.12107,0,2,17.09
17.109467,81.1884,0,2,17.08
17.100534,81.228935,0,2,17.08
17.1,81.25107,0,2,17.08
17.1,81.2916,0,2,17.08
17.1,81.3568,0,2,17.09
17.1,81.371605,0,2,17.08
17.1,81.408936,0,2,17.07
17.099466,81.43214,0,2,17.08
17.090534,81.488396,0,2,17.08
17.089466,81.52107,0,2,17.07
17.080534,81.56786,0,2,17.07
17.08,81.58374,0,2,17.07
17.08,81.6552,0,2,17.07
17.080534,81.653206,0,2,17.07
17.088932,81.698395,0,2,17.06
17.08,81.720535,0,2,17.06
17.071068,81.750534,0,2,17.06
17.079466,81.78947,0,2,17.06
17.079466,81.81733,0,2,17.06
17.070534,81.80641,0,2,17.06
17.07,81.895195,0,2,17.06
17.07,81.92428,0,2,17.06
17.069466,82.006256,0,2,17.05
17.060534,82.02626,0,2,17.06
17.06,81.98535,0,2,17.06
17.06,82.032135,0,2,17.05
17.06,82.114655,0,2,17.06
17.06,82.1116,0,2,17.06
17.06,82.13213,0,2,17.05
17.06,82.1868,0,2,17.05
17.06,82.19374,0,2,17.06
17.059465,82.25519,0,2,17.05
17.051067,82.24481,0,2,17.05
17.059465,82.30733,0,2,17.06
17.059465,82.325195,0,2,17.06
17.051067,82.26908,0,2,17.05
17.059465,82.352516,0,2,17.05
17.059465,82.32321,0,2,17.05
17.050533,82.33893,0,2,17.05
17.050533,82.34214,0,2,17.05
17.058931,82.37786,0,2,17.05
17.050533,82.3816,0,2,17.04
17.050533,82.408936,0,2,17.04
17.059465,82.421074,0,2,17.05
17.059465,82.451065,0,2,17.05
17.050533,82.4984,0,2,17.06
17.05,82.51946,0,2,17.06
17.05,82.537865,0,2,17.07
17.05,82.51267,0,2,17.07
17.049465,82.52893,0,2,17.07
17.040535,82.53427,0,2,17.07
17.040535,82.60519,0,2,17.08
17.049465,82.602135,0,2,17.08
17.050533,82.628395,0,2,17.09
17.059465,82.62786,0,2,17.09
17.060534,82.59267,0,2,17.08
17.069466,82.60374,0,2,17.08
17.07,82.6784,0,2,17.09
17.07,82.7284,0,2,17.09
17.07,82.74786,0,2,17.09
17.070534,82.731606,0,2,17.09
17.079466,82.738396,0,2,17.09
17.080534,82.72267,0,2,17.09
17.089466,82.75,0,2,17.09
17.089466,82.77893,0,2,17.1
17.080534,82.787865,0,2,17.1
17.080534,82.76267,0,2,17.1
17.089466,82.78,0,2,17.1
17.09,82.80054,0,2,17.11
17.09,82.827324,0,2,17.12
17.09,82.8116,0,2,17.1
17.09,82.81947,0,2,17.11
17.09,82.82054,0,2,17.12
17.090534,82.829994,0,2,17.12
17.099466,82.841064,0,2,17.13
17.1,82.86947,0,2,17.13
17.1,82.886795,0,2,17.14
17.100534,82.85427,0,2,17.14
17.11,82.88733,0,2,17.14
17.118399,82.8816,0,2,17.14
17.101604,82.90001,0,2,17.14
17.11,82.916794,0,2,17.14
17.119467,82.881065,0,2,17.14
17.120535,82.86,0,2,17.16
17.129465,82.84213,0,2,17.15
17.130533,82.85947,0,2,17.15
17.139465,82.87107,0,2,17.16
17.14,82.8968,0,2,17.16
17.14,82.87482,0,2,17.15
17.14,82.925186,0,2,17.16
17.14,82.90161,0,2,17.16
17.14,82.90268,0,2,17.17
17.141068,82.945724,0,2,17.17
17.158398,82.9216,0,2,17.16
17.150534,82.92,0,2,17.17
17.150534,82.92053,0,2,17.17
17.159466,82.93,0,2,17.17
17.159466,82.94107,0,2,17.17
17.151068,82.97107,0,2,17.18
17.159466,83.01786,0,2,17.18
17.160534,83.02893,0,2,17.17
17.169466,83.02,0,2,17.17
17.169466,83.007866,0,2,17.18
17.161068,82.96588,0,2,17.18
17.169466,83.01358,0,2,17.17
17.17,82.96427,0,2,17.17
17.17,82.97947,0,2,17.18
17.170534,82.985725,0,2,17.18
17.179466,82.922134,0,2,17.18
17.179466,82.89481,0,2,17.19
17.170534,82.951065,0,2,17.19
17.170534,83.029465,0,2,17.19
17.179466,83.09733,0,2,17.19
17.179466,83.1152,0,2,17.19
17.170534,83.05214,0,2,17.19
17.170534,83.0248,0,2,17.19
17.179466,83.07252,0,2,17.21
17.18,83.005875,0,2,17.2
17.180534,83.026794,0,2,17.21
17.189466,83.00427,0,2,17.21
17.19,83.04466,0,2,17.22
17.19,83.00694,0,2,17.21
17.19,83.07465,0,2,17.23
17.19,83.05946,0,2,17.23
17.19,83.0316,0,2,17.23
17.191069,83.03267,0,2,17.23
17.208397,83.077866,0,2,17.26
17.201069,83.08786,0,2,17.29
17.209465,83.06213,0,2,17.3
17.210533,83.06893,0,2,17.3
17.218931,83.0616,0,2,17.29
17.211601,83.084274,0,2,17.27
17.228931,83.172516,0,2,17.26
17.23,83.14535,0,2,17.27
17.23,83.193054,0,2,17.28
17.231602,83.15351,0,2,17.3
17.26,83.47061,0,2,17.29
17.288933,83.32748,1,2,17.29
17.299465,83.27252,0,2,17.3
17.299465,83.09358,0,2,17.3
17.289467,82.78718,0,2,17.3
17.270535,82.26801,0,2,17.3
17.261068,81.886566,0,2,17.29
17.27,81.80176,0,2,17.3
17.280535,81.92466,0,2,17.3
17.298397,81.95611,0,2,17.31
17.290535,81.77138,0,2,17.3
17.290535,81.924126,0,2,17.31
17.299465,81.99252,0,2,17.31
17.3,81.93321,0,2,17.32
17.3,81.92107,0,2,17.31
17.299465,81.92306,0,2,17.38
17.291069,81.81962,0,2,17.42
17.299465,81.86145,0,2,17.46
17.300533,81.768394,0,2,17.48
17.308931,81.61755,0,2,17.49
17.301067,81.1274,0,2,17.5
17.309465,81.23038,0,2,17.49
17.310534,81.22336,0,2,17.5
17.318932,81.41077,0,2,17.52
17.314274,81.309235,0,2,17.54
17.378395,81.495575,0,2,17.55
17.42,81.46374,0,2,17.58
17.458931,81.47305,0,2,17.6
17.479465,81.36305,1,2,17.62
17.49,81.14122,0,2,17.65
17.49893,81.09519,0,2,17.67
17.491068,80.989624,0,2,17.68
17.500534,81.03839,0,2,17.68
17.52,81.07053,0,2,17.72
17.539467,81.11107,0,2,17.76
17.551067,81.17,0,2,17.96
17.579466,81.23054,0,2,17.95
17.591986,81.27222,0,3,17.83
16.794744,77.64317,0,2,17.25
17.581537,81.993065,0,2,17.23
17.443918,81.39487,0,2,17.22
16.879171,78.88986,0,2,17.21
16.683113,77.99283,0,2,17.21
16.914755,79.17044,0,2,17.21
16.8415,78.80495,0,2,17.2
17.813602,83.56782,0,2,17.19
17.88101,84.026215,0,2,17.19
16.945702,79.6379,0,2,17.2
16.592916,78.0571,0,2,17.22
18.333473,86.127914,0,2,17.23
17.325645,81.480896,0,2,17.27
17.167826,80.73572,0,2,17.28
16.295801,76.68501,0,2,17.29
16.696655,78.28316,0,2,17.22
17.40218,81.028275,0,2,17.21
18.051596,83.13978,0,2,17.18
17.833277,81.96687,0,2,17.13
17.08123,79.113594,0,2,17.13
17.09875,79.40623,0,2,17.13
17.79486,83.015045,0,2,17.11
17.107565,80.00478,0,2,17.11
17.724545,83.01081,0,2,17.11
18.151384,85.22891,0,2,17.11
16.418165,77.221924,0,2,17.1
17.764477,83.72015,0,2,17.1
17.07932,80.67064,0,2,17.1
16.754047,79.229416,0,2,17.1
16.983839,80.40275,0,2,17.1
17.812716,84.45164,0,2,17.09
16.418564,77.90901,0,2,17.08
17.324564,82.317,0,2,17.08
17.661556,84.04215,0,2,17.08
16.663328,79.331085,0,2,17.07
16.382208,78.14379,0,2,17.07
16.326462,77.97128,0,2,17.07
17.728485,84.6774,0,2,17.07
16.57801,79.250275,0,2,17.07
17.499792,83.659035,0,2,17.06
17.351088,83.01703,0,2,17.06
16.509003,79.06333,0,2,17.06
17.943035,85.92277,0,2,17.06
17.996609,86.21092,0,2,17.06
18.08902,86.68318,0,2,17.06
16.237007,77.90339,0,2,17.06
17.365974,83.33023,0,2,17.06
18.129702,87.00558,0,2,17.06
17.241833,82.83555,0,2,17.05
17.704372,85.07647,0,2,17.06
16.166513,77.73383,0,2,17.05
17.394909,83.732124,0,2,17.06
16.911581,81.39566,0,2,17.06
17.204168,82.82406,0,2,17.05
17.021477,82.00441,0,2,17.05
17.573126,84.66209,0,2,17.06
16.7702,80.86265,0,2,17.05
16.323973,78.758865,0,2,17.06
16.610203,80.159325,0,2,17.06
17.418276,84.0368,0,2,17.05
16.621222,80.20275,0,2,17.05
16.709162,80.69398,0,2,17.05
16.44897,79.42944,0,2,17.05
17.651697,85.318275,0,2,17.04
17.564425,84.85697,0,2,17.05
17.261486,83.56383,0,2,17.07
16.06963,77.7657,0,2,17.07
17.979408,87.02878,0,2,17.07
17.546736,84.98427,0,2,17.07
16.429409,79.64985,0,2,17.08
16.98814,82.300316,0,2,17.08
17.210482,83.407745,0,2,17.09
16.036818,77.63663,0,2,17.08
17.91765,86.7017,0,2,17.08
16.032703,77.70273,0,2,17.09
17.0896,82.825,0,2,17.09
16.20396,78.49623,0,2,17.09
16.782646,81.27989,0,2,17.09
17.715818,85.87194,0,2,17.1
16.239523,78.68753,0,2,17.1
17.996658,87.17164,0,2,17.1
17.36816,84.15783,0,2,17.1
17.79225,86.19356,0,2,17.13
16.361158,79.28943,0,2,17.13
17.009916,82.40514,0,2,17.14
17.711468,85.74336,0,2,17.14
17.61868,85.41453,0,2,17.14
17.960186,86.94743,0,2,17.14
17.862404,86.40274,0,2,17.15
18.051636,87.30926,0,2,17.16
16.379946,79.19523,0,2,17.15
17.066797,82.57582,0,2,17.16
16.863863,81.56443,0,2,17.16
18.072903,87.41212,0,2,17.17
17.41869,84.21912,0,2,17.17
17.621128,85.16879,0,2,17.17
17.455427,84.447624,0,2,17.18
18.113531,87.58213,0,2,17.17
17.697903,85.56049,0,2,17.18
16.139595,78.000206,0,2,17.18
17.79185,85.99567,0,2,17.18
17.132366,82.69009,0,2,17.18
16.459705,79.41473,0,2,17.19
17.401035,84.16914,0,2,17.19
17.602812,85.16564,0,2,17.19
17.966696,86.88435,0,2,17.21
16.996044,82.11127,0,2,17.2
16.818918,81.28491,0,2,17.21
17.948597,86.715004,0,2,17.22
17.750471,85.70617,0,2,17.21
17.743319,85.70261,0,2,17.23
16.999924,82.11191,0,2,17.23
16.087776,77.71705,0,2,17.29
16.859745,81.36958,0,2,17.3
17.535383,84.64058,0,2,17.3
16.940552,81.73349,0,2,17.3
17.555235,84.32601,0,2,17.3
17.47024,83.663155,0,2,17.3
16.918856,80.25184,0,2,17.29
16.43313,77.826614,0,2,17.3
16.555258,78.49377,0,2,17.3
17.2971,81.78356,0,2,17.3
18.259377,86.52346,0,2,17.31
17.412283,82.461754,0,2,17.32
16.787327,79.50206,0,2,17.38
17.121449,81.02503,0,2,17.46
16.243696,76.77728,0,2,17.48
16.859083,79.0233,0,2,17.5
17.317078,81.27322,0,2,17.49
17.982353,84.36436,0,2,17.5
17.054789,80.0915,0,2,17.54
17.362083,81.42598,0,2,17.55
16.809067,78.60313,0,2,17.58
17.656435,82.396706,0,2,17.6
16.499563,76.80604,1,2,17.62
17.74821,82.25028,0,2,17.67
17.924719,83.00682,0,2,17.68
17.918194,82.91256,0,2,17.72
17.748713,82.07515,0,2,17.76
18.16441,83.90719,0,3,17.83
17.09,82.83,0,2,17.28
17.07,81.91,0,2,17.26
17.33,80.82,0,2,17.27
17.48,80.62,0,2,17.25
17.19,80.84,0,2,17.25
17.19,83.03,0,2,17.24
17.22,80.92,0,2,17.23
17.09,82.78,0,2,17.22
17.17,83.03,0,2,17.21
17.12,82.88,0,2,17.21
17.1,82.89,0,2,17.21
17.08,81.82,0,2,17.21
17.05,82.6,0,2,17.2
17.1,81.29,0,2,17.19
17.25,78.71,0,2,17.2
17.16,82.92,0,2,17.2
17.47,80.5,0,2,17.19
17.16,82.93,0,2,17.19
17.14,82.93,0,2,17.2
17.06,82.19,0,2,17.21
17.22,79.55,0,2,17.22
17.14,82.87,0,2,17.23
17.52,81.07,0,2,17.27
17.12,82.86,0,2,17.28
17.1,81.23,0,2,17.29
17.15,82.92,0,2,17.25
17.16,83.02,0,2,17.25
17.23,83.18,0,2,17.25
17.48,81.37,1,2,17.24
17.18,83.12,0,2,17.22
17.06,81.98,0,2,17.21
17.05,82.34,0,2,17.19
17.6,81.3,0,3,17.18
17.1,82.84,0,2,17.16
17.13,80.82,0,2,17.15
17.05,82.53,0,2,17.14
17.18,83.0,0,2,17.13
17.07,82.73,0,2,17.13
17.25,80.77,0,2,17.13
17.2,80.89,0,2,17.13
17.06,82.31,0,2,17.13
17.19,83.0,0,2,17.12
17.38,81.51,0,2,17.11
17.17,83.02,0,2,17.11
17.19,79.83,0,2,17.11
17.23,83.2,0,2,17.11
17.23,83.13,0,2,17.1
17.14,82.87,0,2,17.1
17.09,82.82,0,2,17.1
17.37,80.76,0,2,17.1
17.11,82.89,0,2,17.1
17.05,82.63,0,2,17.1
17.12,80.96,0,2,17.09
17.14,80.48,0,2,17.09
17.19,83.06,0,2,17.08
17.15,80.32,0,2,17.08
17.2,80.94,0,2,17.08
17.26,81.87,0,2,17.08
17.22,83.06,0,2,17.09
17.08,81.65,0,2,17.08
17.21,83.08,0,2,17.07
17.07,81.9,0,2,17.08
17.21,80.88,0,2,17.08
17.1,82.9,0,2,17.07
17.13,80.91,0,2,17.07
17.05,82.24,0,2,17.07
17.16,83.03,0,2,17.07
17.08,82.74,0,2,17.07
17.05,82.38,0,2,17.06
17.21,83.06,0,2,17.06
17.09,82.83,0,2,17.06
17.1,81.25,0,2,17.06
17.2,83.09,0,2,17.06
17.3,81.93,0,2,17.06
17.06,82.36,0,2,17.06
17.05,82.41,0,2,17.06
17.29,82.8,0,2,17.05
17.29,79.45,0,2,17.06
17.05,82.34,0,2,17.06
17.17,82.98,0,2,17.05
17.08,81.66,0,2,17.06
17.13,80.73,0,2,17.06
17.06,82.12,0,2,17.05
17.22,80.18,0,2,17.05
17.28,79.28,0,2,17.06
17.07,81.92,0,2,17.05
17.28,81.93,0,2,17.05
17.04,82.61,0,2,17.06
17.13,80.57,0,2,17.06
17.2,80.9,0,2,17.05
17.11,81.12,0,2,17.05
17.05,82.54,0,2,17.05
17.15,82.92,0,2,17.05
17.29,81.75,0,2,17.05
17.5,81.04,0,2,17.05
17.3,81.93,0,2,17.04
17.07,82.6,0,2,17.04
17.18,83.08,0,2,17.05
17.07,82.68,0,2,17.05
17.3,81.97,0,2,17.06
17.18,83.1,0,2,17.06
17.27,81.79,0,2,17.07
17.32,81.43,0,2,17.07
17.14,82.9,0,2,17.07
17.42,81.46,0,2,17.07
17.06,82.26,0,2,17.07
17.24,80.86,0,2,17.08
17.29,80.83,0,2,17.08
17.07,82.01,0,2,17.09
17.08,81.72,0,2,17.08
17.13,82.86,0,2,17.08
17.27,82.26,0,2,17.09
17.29,81.81,0,2,17.09
17.16,82.94,0,2,17.09
17.29,81.93,0,2,17.09
17.09,82.81,0,2,17.09
17.55,81.17,0,2,17.09
17.21,79.71,0,2,17.09
17.1,82.87,0,2,17.1
17.31,81.24,0,2,17.1
17.26,83.5,0,2,17.1
17.17,82.99,0,2,17.1
17.11,82.92,0,2,17.11
17.06,82.63,0,2,17.12
17.43,80.58,0,2,17.1
17.18,83.03,0,2,17.11
17.17,82.95,0,2,17.12
17.31,81.29,0,2,17.12
17.14,82.9,0,2,17.13
17.23,79.69,1,2,17.13
17.2,80.92,0,2,17.14
17.05,82.5,0,2,17.14
17.04,82.53,0,2,17.14
17.1,81.43,0,2,17.14
17.05,82.51,0,2,17.14
17.28,80.88,0,2,17.14
17.21,83.07,0,2,17.14
17.19,83.03,0,2,17.16
17.21,80.69,0,2,17.15
17.21,83.08,0,2,17.15
17.06,82.45,0,2,17.16
17.31,81.21,0,2,17.16
17.3,83.28,0,2,17.15
17.19,80.94,0,2,17.16
17.06,82.33,0,2,17.16
17.29,83.32,1,2,17.17
17.05,82.26,0,2,17.17
17.18,82.89,0,2,17.16
17.5,81.1,0,2,17.17
17.05,82.53,0,2,17.17
17.19,80.93,0,2,17.17
17.09,82.8,0,2,17.17
17.14,82.9,0,2,17.18
17.23,80.83,0,2,17.18
17.09,82.82,0,2,17.17
17.09,82.75,0,2,17.17
17.47,80.85,0,2,17.18
17.26,80.81,0,2,17.18
17.08,81.58,0,2,17.17
17.21,80.96,0,2,17.17
17.23,83.14,0,2,17.18
17.4,80.66,0,2,17.18
17.12,82.88,0,2,17.18
17.08,81.57,0,2,17.19
17.3,82.0,0,2,17.19
17.08,81.79,0,2,17.19
17.13,80.62,0,2,17.19
17.09,82.78,0,2,17.19
17.06,82.32,0,2,17.19
17.24,79.24,0,2,17.19
17.1,81.41,0,2,17.21
17.1,82.85,0,2,17.2
17.27,79.54,0,2,17.21
17.19,83.05,0,2,17.21
17.18,80.04,0,2,17.22
17.17,83.01,0,2,17.21
17.06,82.59,0,2,17.23
17.06,82.42,0,2,17.23
17.09,81.49,0,2,17.23
17.17,83.05,0,2,17.23
17.09,81.7,0,2,17.26
17.06,82.19,0,2,17.29
17.06,82.03,0,2,17.3
17.21,80.95,0,2,17.3
17.27,80.81,0,2,17.29
17.29,80.81,0,2,17.27
17.05,82.52,0,2,17.26
17.17,80.1,0,2,17.27
17.19,83.0,0,2,17.28
17.06,82.13,0,2,17.3
17.06,82.38,0,2,17.29
17.07,82.75,0,2,17.29
17.17,83.02,0,2,17.3
17.31,80.77,0,2,17.3
17.25,79.0,0,2,17.3
17.06,82.11,0,2,17.3
17.54,81.11,0,2,17.29
17.18,82.92,0,2,17.3
17.58,81.23,0,2,17.3
17.06,82.03,0,2,17.31
17.49,81.13,0,2,17.3
17.15,82.97,0,2,17.31
17.17,83.02,0,2,17.31
17.07,81.75,0,2,17.32
17.13,82.84,0,2,17.38
17.21,80.85,0,2,17.42
17.14,82.95,0,2,17.46
17.19,83.08,0,2,17.48
17.07,82.73,0,2,17.49
17.09,81.52,0,2,17.5
17.3,81.77,0,2,17.49
17.3,81.87,0,2,17.5
17.49,80.98,0,2,17.52
17.3,83.1,0,2,17.54
17.25,80.79,0,2,17.55
17.1,81.37,0,2,17.58
17.08,82.76,0,2,17.6
17.11,81.07,0,2,17.62
17.25,79.1,0,2,17.65
17.08,82.72,0,2,17.67
17.46,81.48,0,2,17.68
17.31,81.64,0,2,17.68
17.16,82.96,0,2,17.72
17.3,81.09,0,2,17.76
17.16,80.25,0,2,17.96
17.08,82.79,0,2,17.95
17.11,81.19,0,2,17.83
