temp,hum,pir,taux_occupation,temp_future
18.41,80.96,0,4,17.89
18.34,80.4,0,4,17.86
18.25,80.4,0,4,17.85
18.16,80.05,0,4,17.87
18.07,80.31,0,4,17.87
17.95,79.89,0,4,17.84
17.95,80.3,0,4,17.86
17.97,80.02,0,4,17.85
17.97,80.24,0,4,17.86
17.94,80.47,0,4,17.86
17.89,80.19,0,4,17.85
17.86,80.7,0,4,17.86
17.85,80.57,0,4,17.87
17.87,81.17,0,4,17.88
17.87,81.06,0,4,17.87
17.84,80.29,0,4,17.87
17.86,81.0,0,4,17.87
17.85,80.37,0,4,17.86
17.86,81.06,0,4,17.84
17.86,80.51,0,4,17.87
17.85,80.76,0,4,17.89
17.86,80.63,0,4,17.89
17.87,80.82,0,4,17.87
17.88,80.98,0,4,17.84
17.87,80.63,0,4,17.82
17.87,80.49,0,4,17.83
17.87,80.35,0,4,17.86
17.86,80.57,0,4,17.89
17.84,79.89,0,4,17.86
17.87,80.62,0,4,17.84
17.89,80.75,0,4,17.84
17.89,80.31,0,4,17.84
17.87,80.23,0,4,17.81
17.84,80.27,0,4,17.84
17.82,80.12,0,4,17.85
17.83,80.34,0,4,17.84
17.86,80.63,0,4,17.86
17.89,80.78,0,4,17.84
17.86,80.29,0,4,17.83
17.84,80.42,0,4,17.84
17.84,80.67,0,4,17.83
17.84,80.41,0,4,17.83
17.81,79.96,1,4,17.83
17.84,80.49,0,4,17.83
17.85,80.77,0,4,17.8
17.84,80.74,0,4,17.84
17.86,80.76,0,4,17.84
17.84,80.66,0,4,17.85
17.83,80.4,0,4,17.82
17.84,80.54,0,4,17.81
17.83,80.38,0,4,17.87
17.83,80.59,0,4,17.91
17.83,80.72,0,4,17.97
17.83,80.62,0,4,18.01
17.8,80.29,0,4,18.04
17.84,80.24,0,4,18.01
17.84,80.28,0,4,18.03
17.85,80.74,0,4,18.0
17.82,80.57,0,4,17.93
17.81,80.85,0,4,17.88
17.87,80.75,0,4,17.87
17.91,80.46,0,4,17.88
17.97,80.82,0,4,17.91
18.01,80.73,0,4,17.89
18.04,80.64,0,4,17.86
18.01,80.2,0,4,17.88
18.03,80.33,0,4,17.89
18.0,80.52,0,4,17.91
17.93,80.48,0,4,17.9
17.88,80.43,0,4,17.93
17.87,80.6,0,4,17.94
17.88,80.78,0,4,17.94
17.91,80.68,0,4,17.95
17.89,80.7,0,4,17.93
17.86,80.66,0,4,17.96
17.88,80.97,0,4,17.97
17.89,81.08,0,4,17.96
17.91,81.08,0,4,17.96
17.9,80.91,0,4,17.93
17.93,81.09,0,4,17.93
17.94,81.1,0,4,17.94
17.94,81.14,0,4,17.94
17.95,81.15,0,4,17.95
17.93,80.95,0,4,17.96
17.96,81.22,0,4,17.96
17.97,81.14,0,4,17.96
17.96,81.14,0,4,17.96
17.96,80.94,0,4,17.96
17.93,80.81,0,4,17.98
17.93,81.11,0,4,17.96
17.94,80.9,0,4,17.94
17.94,80.93,0,4,17.93
17.95,81.19,0,4,17.94
17.96,80.99,0,4,17.95
17.96,80.97,0,4,17.99
17.96,80.9,0,4,18.04
17.96,81.07,0,4,18.05
17.96,81.13,0,4,18.04
17.98,81.08,0,4,18.04
17.96,81.11,0,4,18.03
17.94,81.12,0,4,18.03
17.93,81.2,0,4,18.02
17.94,81.39,0,4,18.01
17.95,81.53,0,4,18.02
17.99,81.68,0,4,18.02
18.04,81.72,0,4,18.02
18.05,81.54,0,4,18.03
18.04,81.47,0,4,18.02
18.04,81.46,0,4,18.03
18.03,81.36,0,4,17.99
18.03,81.34,0,4,17.99
18.02,81.31,0,4,17.96
18.01,81.43,0,4,17.98
18.02,81.41,0,4,18.01
18.02,81.26,0,4,18.06
18.02,81.19,0,4,18.06
18.03,81.33,0,4,18.05
18.02,81.33,0,4,18.04
18.03,81.38,0,4,18.02
17.99,81.3,0,4,18.06
17.99,81.32,0,4,17.97
17.96,81.52,0,4,17.93
17.98,82.0,0,4,17.91
18.01,82.21,0,4,17.9
18.06,82.17,0,4,17.9
18.06,82.05,0,4,17.91
18.05,82.1,0,4,17.9
18.04,82.26,0,4,17.9
18.02,82.64,0,4,17.9
18.06,82.72,0,4,17.92
17.97,82.91,1,4,17.92
17.93,83.13,0,4,17.93
17.91,83.27,1,4,17.94
17.9,83.39,0,4,17.96
17.9,83.49,0,4,18.0
17.91,83.53,1,4,18.0
17.9,83.51,1,4,17.98
17.9,83.49,0,4,17.99
17.9,83.54,0,4,18.06
17.92,83.49,1,4,18.05
17.92,83.48,1,4,18.02
17.93,83.52,0,4,18.05
17.94,83.49,0,4,18.05
17.96,83.41,1,4,18.04
18.0,83.42,0,4,18.03
18.0,83.14,0,4,18.03
17.98,83.12,0,4,18.03
17.99,83.09,0,4,18.02
18.06,83.04,0,4,18.0
18.05,82.93,0,4,18.01
18.02,82.92,0,4,18.01
18.05,83.02,0,4,18.02
18.05,83.01,0,4,18.03
18.04,82.89,0,4,18.04
18.03,82.95,0,4,18.04
18.03,82.93,0,4,18.05
18.03,82.95,0,4,18.05
18.02,82.96,1,4,18.05
18.0,83.04,0,4,18.06
18.01,83.07,0,4,18.06
18.01,83.24,0,4,18.07
18.02,83.13,0,4,18.05
18.03,83.15,0,4,18.06
18.04,83.12,0,4,18.06
18.04,83.12,0,4,18.05
18.05,83.13,0,4,18.06
18.05,83.2,0,4,18.07
18.05,83.38,1,4,18.06
18.06,83.2,0,4,18.06
18.06,83.2,0,4,18.05
18.07,83.25,0,4,18.06
18.05,83.22,0,4,18.06
18.06,83.22,0,4,18.06
18.06,83.27,0,4,18.06
18.05,83.18,1,4,18.06
18.07,83.29,0,4,18.06
18.06,83.19,0,4,18.07
18.05,83.1,0,4,18.07
18.06,83.18,0,4,18.07
18.06,83.21,0,4,18.06
18.06,83.17,0,4,18.05
18.06,83.23,0,4,18.05
18.06,83.22,0,4,18.05
18.07,83.29,0,4,18.05
18.06,83.21,0,4,18.05
18.07,83.3,0,4,18.05
18.07,83.21,0,4,18.05
18.06,83.13,0,4,18.04
18.05,83.14,0,4,18.05
18.05,83.08,0,4,18.04
18.05,83.13,0,4,18.04
18.05,83.16,0,4,18.02
18.05,83.15,0,4,18.05
18.05,83.16,0,4,18.06
18.05,83.14,0,4,18.06
18.05,83.17,0,4,18.06
18.05,83.18,1,4,18.05
18.04,83.23,1,4,18.07
18.05,83.26,0,4,18.07
18.04,83.26,0,4,18.09
18.04,83.28,0,4,18.11
18.02,83.29,1,4,18.12
18.05,83.24,0,4,18.11
18.06,83.25,0,4,18.09
18.06,83.24,0,4,18.07
18.06,83.27,0,4,18.07
18.05,83.24,1,4,18.08
18.07,83.22,0,4,18.07
18.07,83.13,1,4,18.07
18.09,83.06,0,4,18.07
18.11,83.02,0,4,18.07
18.12,82.92,1,4,18.09
18.11,82.96,0,4,18.1
18.09,82.89,1,4,18.09
18.07,82.87,1,4,18.08
18.07,82.98,1,4,18.08
18.08,83.04,0,4,18.08
18.07,83.06,0,4,18.13
18.07,83.02,0,4,18.14
18.07,83.1,1,4,18.13
18.07,83.01,0,4,18.11
18.09,82.93,0,4,18.12
18.1,83.0,1,4,18.11
18.09,83.01,1,4,18.09
18.08,82.98,0,4,18.09
18.08,83.01,0,4,18.08
18.13,83.17,1,4,18.07
18.14,83.17,1,4,18.07
18.13,83.07,0,4,18.06
18.11,83.24,0,4,18.05
18.12,83.23,1,4,18.05
18.11,83.24,0,4,18.04
18.09,83.26,0,4,18.03
18.09,83.32,0,4,18.02
18.08,83.35,1,4,18.02
18.08,83.39,0,4,18.02
18.07,83.43,0,4,18.01
18.07,83.46,1,4,18.01
18.06,83.53,1,4,18.0
18.05,83.53,0,4,18.01
18.05,83.54,0,4,18.01
18.04,83.58,0,4,18.0
18.03,83.59,0,4,18.01
18.02,83.64,0,4,18.0
18.02,83.68,1,4,17.99
18.02,83.67,1,4,17.99
18.01,83.7,0,4,17.99
18.01,83.79,0,3,17.99
18.0,83.77,0,3,18.0
18.01,83.81,0,3,18.01
18.01,83.79,0,3,18.01
18.0,83.76,0,3,18.01
18.01,83.8,0,3,18.0
18.0,83.82,0,3,17.99
17.99,83.85,0,3,17.99
17.99,83.9,0,3,17.98
17.99,83.9,0,3,17.97
18.0,83.87,1,3,17.97
18.01,84.03,0,3,17.97
18.01,83.93,0,3,18.01
18.01,83.92,0,3,18.01
18.0,83.85,0,3,17.99
17.99,83.86,0,3,17.97
17.99,83.86,0,3,17.96
17.99,83.87,0,3,17.95
17.98,83.82,0,3,17.95
17.97,83.8,0,3,17.95
17.97,83.84,0,3,17.95
18.01,84.12,0,3,17.94
18.01,83.93,0,3,17.93
17.99,83.9,0,3,17.94
17.97,83.88,0,3,17.93
17.96,83.86,0,3,17.93
17.95,83.86,0,3,17.93
17.95,83.84,0,3,17.92
17.95,83.83,0,3,17.92
17.95,83.81,0,3,17.91
17.95,83.8,0,3,17.91
17.94,83.8,0,1,17.9
17.93,83.79,0,1,17.89
17.94,83.78,0,1,17.89
17.93,83.76,0,1,17.89
17.93,83.77,0,1,17.89
17.93,83.78,0,1,17.88
17.92,83.79,0,1,17.88
17.92,83.79,0,1,17.87
17.91,83.83,0,1,17.88
17.91,83.84,0,1,17.87
17.9,83.84,0,1,17.87
17.89,83.88,0,1,17.87
17.89,83.89,0,1,17.87
17.89,83.9,0,1,17.85
17.89,83.85,0,1,17.85
17.88,83.87,1,1,17.85
17.88,83.89,0,2,17.88
17.87,83.91,0,2,17.89
17.88,83.92,1,2,17.9
17.87,83.92,0,2,17.91
17.87,83.89,0,2,17.92
17.87,83.92,0,2,17.93
17.87,83.94,0,2,17.93
17.85,83.92,0,2,17.93
17.85,83.95,0,2,17.93
17.85,84.02,1,2,17.94
17.88,83.91,0,2,17.94
17.89,83.82,0,2,17.94
17.9,83.77,0,2,17.93
17.91,83.78,0,2,17.93
18.409346,80.95575,0,4,17.89
18.339884,80.40524,0,4,17.86
18.249626,80.39955,0,4,17.85
18.161112,80.04554,0,4,17.87
18.06649,80.30706,0,4,17.87
17.95244,79.89035,0,4,17.84
17.94908,80.30445,0,4,17.86
17.972065,80.01941,0,4,17.85
17.973385,80.23154,0,4,17.86
17.936817,80.47178,0,4,17.86
17.892748,80.19562,0,4,17.85
17.8548,80.70163,0,4,17.86
17.84049,80.56709,0,4,17.87
17.86967,81.16634,0,4,17.88
17.862309,81.06561,0,4,17.87
17.84002,80.29018,0,4,17.87
17.863178,81.002594,0,4,17.87
17.847542,80.37525,0,4,17.86
17.86556,81.05968,0,4,17.84
17.85949,80.50876,0,4,17.87
17.841856,80.755745,0,4,17.89
17.863441,80.62579,0,4,17.89
17.868156,80.81385,0,4,17.87
17.87955,80.979706,0,4,17.84
17.871368,80.624245,0,4,17.82
17.879833,80.497406,0,4,17.83
17.86753,80.35686,0,4,17.86
17.859697,80.57496,0,4,17.89
17.838184,79.881905,0,4,17.86
17.867,80.6209,0,4,17.84
17.898739,80.74505,0,4,17.84
17.891321,80.30509,0,4,17.84
17.87261,80.23249,0,4,17.81
17.840574,80.2705,0,4,17.84
17.81723,80.12458,0,4,17.85
17.823442,80.340775,0,4,17.84
17.860916,80.638115,0,4,17.86
17.885126,80.78262,0,4,17.84
17.857866,80.29583,0,4,17.83
17.83647,80.42154,0,4,17.84
17.841108,80.671684,0,4,17.83
17.840263,80.412605,0,4,17.83
17.821182,79.96082,1,4,17.83
17.837149,80.491394,0,4,17.83
17.8511,80.76877,0,4,17.8
17.847805,80.73382,0,4,17.84
17.862785,80.76148,0,4,17.84
17.837387,80.65912,0,4,17.85
17.828262,80.399925,0,4,17.82
17.844564,80.53764,0,4,17.81
17.832705,80.37627,0,4,17.87
17.831284,80.59088,0,4,17.91
17.838175,80.70814,0,4,17.97
17.830906,80.62382,0,4,18.01
17.803064,80.295715,0,4,18.04
17.839138,80.23412,0,4,18.01
17.840183,80.28458,0,4,18.03
17.840582,80.73904,0,4,18.0
17.817652,80.57591,0,4,17.93
17.806133,80.84919,0,4,17.88
17.877684,80.746284,0,4,17.87
17.910912,80.45401,0,4,17.88
17.975199,80.813225,0,4,17.91
18.003088,80.73507,0,4,17.89
18.043468,80.64909,0,4,17.86
17.998434,80.19096,0,4,17.88
18.02966,80.3313,0,4,17.89
18.00219,80.51202,0,4,17.91
17.93017,80.48276,0,4,17.9
17.883026,80.436005,0,4,17.93
17.867987,80.611244,0,4,17.94
17.880669,80.779755,0,4,17.94
17.908443,80.67774,0,4,17.95
17.89123,80.7009,0,4,17.93
17.864388,80.653404,0,4,17.96
17.874762,80.97303,0,4,17.97
17.88838,81.08023,0,4,17.96
17.923615,81.0729,0,4,17.96
17.90059,80.909996,0,4,17.93
17.936245,81.084435,0,4,17.93
17.935827,81.095764,0,4,17.94
17.939045,81.13919,0,4,17.94
17.946215,81.15167,0,4,17.95
17.933025,80.9486,0,4,17.96
17.963514,81.22352,0,4,17.96
17.97121,81.131966,0,4,17.96
17.948954,81.13608,0,4,17.96
17.959675,80.94447,0,4,17.96
17.929838,80.81475,0,4,17.98
17.929329,81.11157,0,4,17.96
17.941402,80.9011,0,4,17.94
17.935072,80.92427,0,4,17.93
17.948202,81.19001,0,4,17.94
17.967957,80.99072,0,4,17.95
17.967133,80.9713,0,4,17.99
17.970785,80.90376,0,4,18.04
17.944927,81.07205,0,4,18.05
17.96282,81.128914,0,4,18.04
17.984001,81.0834,0,4,18.04
17.959768,81.11694,0,4,18.03
17.935366,81.12221,0,4,18.03
17.924814,81.20158,0,4,18.02
17.94167,81.39567,0,4,18.01
17.947033,81.53613,0,4,18.02
17.988922,81.68671,0,4,18.02
18.042517,81.71039,0,4,18.02
18.048683,81.53416,0,4,18.03
18.039762,81.4728,0,4,18.02
18.038399,81.45261,0,4,18.03
18.032122,81.365875,0,4,17.99
18.025303,81.335495,0,4,17.99
18.017117,81.314125,0,4,17.96
18.017693,81.43173,0,4,17.98
18.018064,81.41042,0,4,18.01
18.02323,81.257835,0,4,18.06
18.027534,81.183365,0,4,18.06
18.032696,81.32291,0,4,18.05
18.010881,81.32796,0,4,18.04
18.037071,81.3812,0,4,18.02
18.005726,81.30787,0,4,18.06
17.98497,81.32709,0,4,17.97
17.956121,81.5204,0,4,17.93
17.98172,82.00222,0,4,17.91
18.005402,82.2056,0,4,17.9
18.05855,82.16927,0,4,17.9
18.064726,82.04662,0,4,17.91
18.03592,82.09322,0,4,17.9
18.042269,82.26371,0,4,17.9
18.01255,82.63594,0,4,17.9
18.055452,82.71991,0,4,17.92
17.964912,82.91468,1,4,17.92
17.928862,83.13805,0,4,17.93
17.904737,83.26809,1,4,17.94
17.90201,83.387856,0,4,17.96
17.89415,83.48914,0,4,18.0
17.908876,83.53568,1,4,18.0
17.90353,83.5071,1,4,17.98
17.892546,83.49329,0,4,17.99
17.913647,83.54644,0,4,18.06
17.918766,83.49126,1,4,18.05
17.925829,83.47532,1,4,18.02
17.935991,83.51939,0,4,18.05
17.946138,83.492035,0,4,18.05
17.965893,83.417755,1,4,18.04
18.001223,83.41968,0,4,18.03
18.001303,83.14265,0,4,18.03
17.981236,83.114944,0,4,18.03
17.998102,83.08913,0,4,18.02
18.054424,83.04009,0,4,18.0
18.048697,82.92558,0,4,18.01
18.033298,82.92306,0,4,18.01
18.052628,83.02208,0,4,18.02
18.053574,83.01271,0,4,18.03
18.04573,82.89143,0,4,18.04
18.030565,82.95129,0,4,18.04
18.03623,82.93368,0,4,18.05
18.026602,82.947754,0,4,18.05
18.012146,82.955826,1,4,18.05
17.999537,83.045616,0,4,18.06
18.01404,83.07405,0,4,18.06
18.005457,83.2449,0,4,18.07
18.017344,83.128,0,4,18.05
18.026083,83.15771,0,4,18.06
18.035858,83.11877,0,4,18.06
18.042156,83.12257,0,4,18.05
18.052746,83.12611,0,4,18.06
18.04961,83.20694,0,4,18.07
18.052702,83.37649,1,4,18.06
18.06211,83.1923,0,4,18.06
18.057703,83.1933,0,4,18.05
18.075167,83.2543,0,4,18.06
18.047083,83.22099,0,4,18.06
18.062471,83.21817,0,4,18.06
18.055826,83.262314,0,4,18.06
18.049623,83.18835,1,4,18.06
18.06003,83.220634,0,4,18.06
18.07762,83.29585,0,4,18.06
18.052645,83.18307,0,4,18.07
18.064026,83.26005,0,4,18.06
18.056196,83.096954,0,4,18.07
18.056353,83.17132,0,4,18.07
18.05854,83.213326,0,4,18.06
18.06773,83.20864,0,4,18.06
18.064861,83.16972,0,4,18.05
18.065325,83.23186,0,4,18.05
18.061142,83.193596,0,4,18.05
18.06441,83.21094,0,4,18.05
18.074652,83.29246,0,4,18.05
18.057404,83.21471,0,4,18.05
18.0695,83.29728,0,4,18.05
18.072126,83.2063,0,4,18.05
18.066399,83.21606,0,4,18.05
18.056911,83.13652,0,4,18.04
18.054302,83.13667,0,4,18.05
18.050602,83.084435,0,4,18.04
18.046947,83.12915,0,4,18.04
18.053783,83.15275,0,4,18.02
18.056166,83.14451,0,4,18.05
18.054749,83.16092,0,4,18.06
18.054636,83.14717,0,4,18.06
18.047977,83.16687,0,4,18.06
18.053637,83.17843,1,4,18.05
18.037323,83.23432,1,4,18.07
18.050783,83.2521,0,4,18.07
18.042929,83.26518,0,4,18.09
18.037931,83.272026,0,4,18.11
18.016777,83.281845,1,4,18.12
18.052753,83.2405,0,4,18.11
18.071249,83.25126,0,4,18.09
18.06709,83.235466,0,4,18.07
18.05685,83.27791,0,4,18.07
18.050617,83.24282,1,4,18.08
18.07212,83.21864,0,4,18.07
18.069279,83.122475,1,4,18.07
18.079096,83.06246,0,4,18.07
18.10943,83.018555,0,4,18.07
18.118246,82.9199,1,4,18.09
18.107676,82.958435,0,4,18.1
18.090618,82.89457,1,4,18.09
18.056372,82.876785,1,4,18.08
18.072758,82.98932,1,4,18.08
18.080605,83.03583,0,4,18.08
18.073442,83.0601,0,4,18.13
18.066639,83.02252,0,4,18.14
18.067507,83.11189,1,4,18.13
18.067366,83.01106,0,4,18.11
18.081516,82.93047,0,4,18.12
18.099682,83.00188,1,4,18.11
18.099535,83.009315,1,4,18.09
18.089315,82.98686,0,4,18.09
18.071644,83.00369,0,4,18.08
18.077332,83.01267,0,4,18.08
18.139118,83.16757,1,4,18.07
18.130615,83.159096,1,4,18.07
18.12046,83.07525,0,4,18.06
18.107565,83.24949,0,4,18.05
18.124527,83.228806,1,4,18.05
18.109198,83.23714,0,4,18.04
18.094713,83.26002,0,4,18.03
18.079967,83.314804,0,4,18.02
18.079996,83.34679,1,4,18.02
18.07432,83.39837,0,4,18.02
18.077242,83.43082,0,4,18.01
18.07173,83.46077,1,4,18.01
18.061594,83.52954,1,4,18.0
18.043903,83.53773,0,4,18.01
18.051348,83.53998,0,4,18.01
18.037575,83.56483,0,4,18.0
18.03538,83.59566,0,4,18.01
18.010662,83.63163,0,4,18.0
18.021217,83.68503,1,4,17.99
18.011736,83.67164,1,4,17.99
18.012196,83.69924,0,4,17.99
18.002907,83.79089,0,3,17.99
18.002863,83.76489,0,3,18.0
18.014715,83.80853,0,3,18.01
18.011757,83.79269,0,3,18.01
17.994467,83.7601,0,3,18.01
18.01377,83.80214,0,3,18.0
17.996836,83.82524,0,3,17.99
17.995638,83.84888,0,3,17.99
17.986155,83.8544,0,3,17.99
17.993044,83.90912,0,3,17.98
17.999311,83.89229,0,3,17.97
18.001255,83.87903,1,3,17.97
18.013668,84.02995,0,3,17.97
18.007961,83.932175,0,3,18.01
18.01006,83.920395,0,3,18.01
18.009632,83.848976,0,3,17.99
17.989338,83.85725,0,3,17.97
17.987299,83.84463,0,3,17.96
17.988419,83.86766,0,3,17.95
17.970734,83.820244,0,3,17.95
17.974571,83.8033,0,3,17.95
17.97535,83.83773,0,3,17.95
17.974005,83.83923,0,3,17.95
18.016926,84.11698,0,3,17.94
18.004107,83.93967,0,3,17.93
17.997269,83.8847,0,3,17.94
17.969791,83.88801,0,3,17.93
17.955893,83.8628,0,3,17.93
17.947905,83.859375,0,3,17.93
17.958193,83.83194,0,3,17.92
17.952726,83.83215,0,3,17.92
17.948122,83.804535,0,3,17.91
17.954151,83.8011,0,3,17.91
17.9402,83.79544,0,1,17.9
17.92253,83.79251,0,1,17.89
17.934378,83.785484,0,1,17.89
17.929787,83.75754,0,1,17.89
17.930347,83.758675,0,1,17.89
17.930841,83.78496,0,1,17.88
17.914799,83.79332,0,1,17.88
17.922413,83.784,0,1,17.87
17.913279,83.83313,0,1,17.88
17.908983,83.84659,0,1,17.87
17.897861,83.84121,0,1,17.87
17.888887,83.88081,0,1,17.87
17.89045,83.88289,0,1,17.87
17.890974,83.90426,0,1,17.85
17.8879,83.851395,0,1,17.85
17.879314,83.8711,1,1,17.85
17.881332,83.89069,0,2,17.88
17.871092,83.900024,0,2,17.89
17.865955,83.93223,1,2,17.9
17.86847,83.93044,0,2,17.91
17.871584,83.89479,0,2,17.92
17.875933,83.92132,0,2,17.93
17.871893,83.94344,0,2,17.93
17.851337,83.92206,0,2,17.93
17.851723,83.95602,0,2,17.93
17.854881,84.014305,1,2,17.94
17.879992,83.914474,0,2,17.94
17.895075,83.821785,0,2,17.94
17.89723,83.76427,0,2,17.93
17.91367,83.776535,0,2,17.93
18.40481,80.96642,0,4,17.89
18.330074,80.40401,0,4,17.86
18.253122,80.397736,0,4,17.85
18.155642,80.04607,0,4,17.87
18.071999,80.317245,0,4,17.87
17.944727,79.888824,0,4,17.84
17.956215,80.28963,0,4,17.86
17.95109,80.01694,0,4,17.85
17.963406,80.247795,0,4,17.86
17.929573,80.45818,0,4,17.86
17.89189,80.19194,0,4,17.85
17.87055,80.69607,0,4,17.86
17.84069,80.588715,0,4,17.87
17.882587,81.173706,0,4,17.88
17.882658,81.052444,0,4,17.87
17.856153,80.28248,0,4,17.87
17.87904,80.99977,0,4,17.87
17.856106,80.37984,0,4,17.86
17.84577,81.05367,0,4,17.84
17.881784,80.5119,0,4,17.87
17.862476,80.74996,0,4,17.89
17.848398,80.61378,0,4,17.89
17.873074,80.815384,0,4,17.87
17.882696,80.98539,0,4,17.84
17.880823,80.65619,0,4,17.82
17.869392,80.46914,0,4,17.83
17.870424,80.36715,0,4,17.86
17.83542,80.5692,0,4,17.89
17.846478,79.87972,0,4,17.86
17.865784,80.62844,0,4,17.84
17.885881,80.75084,0,4,17.84
17.899685,80.285385,0,4,17.84
17.87583,80.22989,0,4,17.81
17.843678,80.26252,0,4,17.84
17.817778,80.10796,0,4,17.85
17.821142,80.34838,0,4,17.84
17.858995,80.63141,0,4,17.86
17.888851,80.757576,0,4,17.84
17.864037,80.299446,0,4,17.83
17.837032,80.4358,0,4,17.84
17.848886,80.65643,0,4,17.83
17.845285,80.413605,0,4,17.83
17.811758,79.96996,1,4,17.83
17.845776,80.49324,0,4,17.83
17.840939,80.757286,0,4,17.8
17.838717,80.74316,0,4,17.84
17.858854,80.754585,0,4,17.84
17.837015,80.67173,0,4,17.85
17.829233,80.41082,0,4,17.82
17.846313,80.54669,0,4,17.81
17.817759,80.3876,0,4,17.87
17.845247,80.57821,0,4,17.91
17.81647,80.73433,0,4,17.97
17.837845,80.61133,0,4,18.01
17.794067,80.29226,0,4,18.04
17.863262,80.23923,0,4,18.01
17.827763,80.256226,0,4,18.03
17.856256,80.74882,0,4,18.0
17.7941,80.55903,0,4,17.93
17.801785,80.86318,0,4,17.88
17.862743,80.74462,0,4,17.87
17.921564,80.45713,0,4,17.88
17.94004,80.80445,0,4,17.91
18.021198,80.741394,0,4,17.89
18.034334,80.640045,0,4,17.86
18.012629,80.20001,0,4,17.88
18.02923,80.324776,0,4,17.89
18.001223,80.53272,0,4,17.91
17.947506,80.4863,0,4,17.9
17.881073,80.430176,0,4,17.93
17.871492,80.61096,0,4,17.94
17.899672,80.77258,0,4,17.94
17.92026,80.69388,0,4,17.95
17.881521,80.68023,0,4,17.93
17.853603,80.67373,0,4,17.96
17.865292,80.97055,0,4,17.97
17.913097,81.06947,0,4,17.96
17.907944,81.085686,0,4,17.96
17.906155,80.91501,0,4,17.93
17.93235,81.09661,0,4,17.93
17.93192,81.08665,0,4,17.94
17.961288,81.13926,0,4,17.94
17.964645,81.148026,0,4,17.95
17.91706,80.955795,0,4,17.96
17.954557,81.20361,0,4,17.96
17.964445,81.138626,0,4,17.96
17.942759,81.14413,0,4,17.96
17.96441,80.940765,0,4,17.96
17.92357,80.80792,0,4,17.98
17.940475,81.1124,0,4,17.96
17.942099,80.899254,0,4,17.94
17.94657,80.9195,0,4,17.93
17.941841,81.17644,0,4,17.94
17.93886,81.00409,0,4,17.95
17.95352,80.97171,0,4,17.99
17.950623,80.88258,0,4,18.04
17.953362,81.07562,0,4,18.05
17.954111,81.134285,0,4,18.04
17.969263,81.08151,0,4,18.04
17.944681,81.12148,0,4,18.03
17.939798,81.135155,0,4,18.03
17.938797,81.205696,0,4,18.02
17.93609,81.37366,0,4,18.01
17.944513,81.53085,0,4,18.02
17.99884,81.67748,0,4,18.02
18.041529,81.7192,0,4,18.02
18.051592,81.543976,0,4,18.03
18.045792,81.4585,0,4,18.02
18.053318,81.4566,0,4,18.03
18.029133,81.3497,0,4,17.99
18.034746,81.33686,0,4,17.99
18.01663,81.31708,0,4,17.96
18.006771,81.44129,0,4,17.98
18.019758,81.403465,0,4,18.01
18.023764,81.24846,0,4,18.06
18.019344,81.18205,0,4,18.06
18.030664,81.32582,0,4,18.05
17.997402,81.336,0,4,18.04
18.009993,81.38921,0,4,18.02
17.992006,81.28912,0,4,18.06
17.993156,81.313774,0,4,17.97
17.964628,81.53286,0,4,17.93
17.998978,81.996506,0,4,17.91
18.017542,82.22649,0,4,17.9
18.05078,82.17696,0,4,17.9
18.053743,82.04385,0,4,17.91
18.070623,82.10492,0,4,17.9
18.044586,82.25858,0,4,17.9
18.028276,82.634186,0,4,17.9
18.05904,82.71918,0,4,17.92
17.96232,82.899055,1,4,17.92
17.94002,83.123535,0,4,17.93
17.903177,83.24017,1,4,17.94
17.893353,83.37943,0,4,17.96
17.90736,83.49847,0,4,18.0
17.902048,83.54361,1,4,18.0
17.912382,83.521935,1,4,17.98
17.890125,83.50603,0,4,17.99
17.910149,83.540825,0,4,18.06
17.930838,83.49299,1,4,18.05
17.929289,83.48824,1,4,18.02
17.925877,83.54365,0,4,18.05
17.939074,83.48084,0,4,18.05
17.967981,83.412766,1,4,18.04
18.006994,83.41171,0,4,18.03
18.001337,83.14243,0,4,18.03
17.972115,83.12436,0,4,18.03
17.98963,83.068085,0,4,18.02
18.060637,83.04814,0,4,18.0
18.034302,82.949036,0,4,18.01
18.019766,82.9092,0,4,18.01
18.052837,83.01591,0,4,18.02
18.064121,83.009224,0,4,18.03
18.044914,82.8778,0,4,18.04
18.019302,82.95483,0,4,18.04
18.02692,82.929855,0,4,18.05
18.040056,82.93921,0,4,18.05
18.021082,82.96879,1,4,18.05
18.001945,83.057274,0,4,18.06
18.016445,83.07855,0,4,18.06
18.016535,83.24101,0,4,18.07
18.007114,83.14063,0,4,18.05
18.049347,83.14966,0,4,18.06
18.04009,83.12499,0,4,18.06
18.045156,83.11441,0,4,18.05
18.042202,83.1152,0,4,18.06
18.034212,83.20713,0,4,18.07
18.056965,83.3982,1,4,18.06
18.039803,83.198586,0,4,18.06
18.066647,83.19474,0,4,18.05
18.082748,83.25138,0,4,18.06
18.055843,83.22847,0,4,18.06
18.045256,83.21208,0,4,18.06
18.05415,83.2743,0,4,18.06
18.04626,83.18122,1,4,18.06
18.06246,83.217896,0,4,18.06
18.060966,83.27383,0,4,18.06
18.080078,83.189224,0,4,18.07
18.059902,83.269104,0,4,18.06
18.055428,83.0889,0,4,18.07
18.024122,83.178024,0,4,18.07
18.071342,83.20647,0,4,18.06
18.059095,83.22157,0,4,18.06
18.050264,83.16861,0,4,18.05
18.043417,83.22513,0,4,18.05
18.07316,83.19675,0,4,18.05
18.072777,83.209045,0,4,18.05
18.055647,83.27702,0,4,18.05
18.038345,83.2244,0,4,18.05
18.072643,83.29904,0,4,18.05
18.073391,83.202095,0,4,18.05
18.058283,83.2042,0,4,18.05
18.057419,83.13189,0,4,18.04
18.051117,83.10907,0,4,18.05
18.073046,83.062805,0,4,18.04
18.056583,83.13424,0,4,18.04
18.044426,83.16346,0,4,18.02
18.058992,83.1559,0,4,18.05
18.03987,83.16092,0,4,18.06
18.042797,83.13465,0,4,18.06
18.050964,83.16601,0,4,18.06
18.054047,83.16157,1,4,18.05
18.050947,83.22623,1,4,18.07
18.03988,83.26241,0,4,18.07
18.029413,83.27723,0,4,18.09
18.034622,83.289665,0,4,18.11
18.023094,83.28932,1,4,18.12
18.045761,83.23318,0,4,18.11
18.080854,83.24859,0,4,18.09
18.059881,83.226135,0,4,18.07
18.075691,83.28919,0,4,18.07
18.032578,83.23276,1,4,18.08
18.057196,83.21944,0,4,18.07
18.062645,83.11634,1,4,18.07
18.084604,83.048035,0,4,18.07
18.105692,83.024025,0,4,18.07
18.133312,82.91753,1,4,18.09
18.111464,82.95881,0,4,18.1
18.075703,82.90945,1,4,18.09
18.073854,82.86705,1,4,18.08
18.055225,82.96775,1,4,18.08
18.068897,83.048386,0,4,18.08
18.065083,83.02995,0,4,18.13
18.078129,83.01315,0,4,18.14
18.068945,83.078674,1,4,18.13
18.058977,83.01111,0,4,18.11
18.0831,82.9219,0,4,18.12
18.100328,83.00506,1,4,18.11
18.07582,83.014,1,4,18.09
18.078966,82.97146,0,4,18.09
18.062757,82.991394,0,4,18.08
18.076113,83.01011,0,4,18.08
18.143253,83.18624,1,4,18.07
18.151989,83.182625,1,4,18.07
18.116278,83.054504,0,4,18.06
18.107748,83.246376,0,4,18.05
18.120829,83.235245,1,4,18.05
18.096926,83.230736,0,4,18.04
18.079052,83.25827,0,4,18.03
18.087328,83.34074,0,4,18.02
18.088621,83.3496,1,4,18.02
18.074047,83.38802,0,4,18.02
18.064566,83.424225,0,4,18.01
18.082434,83.481064,1,4,18.01
18.063116,83.537,1,4,18.0
18.046309,83.550125,0,4,18.01
18.06322,83.52734,0,4,18.01
18.037796,83.57015,0,4,18.0
18.016773,83.604904,0,4,18.01
18.014524,83.646805,0,4,18.0
18.002617,83.692986,1,4,17.99
18.025606,83.6782,1,4,17.99
18.002657,83.69051,0,4,17.99
17.988293,83.794815,0,3,17.99
17.98932,83.77757,0,3,18.0
17.994364,83.81766,0,3,18.01
18.004385,83.78726,0,3,18.01
18.006304,83.76147,0,3,18.01
18.02003,83.786835,0,3,18.0
18.003595,83.82714,0,3,17.99
18.003317,83.853546,0,3,17.99
17.98568,83.851,0,3,17.99
17.994463,83.92705,0,3,17.98
17.98249,83.91253,0,3,17.97
17.98827,83.867004,1,3,17.97
18.005968,84.022415,0,3,17.97
18.007359,83.92742,0,3,18.01
18.014301,83.91663,0,3,18.01
17.995913,83.857254,0,3,17.99
17.983156,83.8528,0,3,17.97
18.000433,83.854,0,3,17.96
17.986956,83.86794,0,3,17.95
17.976954,83.82131,0,3,17.95
17.981386,83.79676,0,3,17.95
17.967611,83.83986,0,3,17.95
17.974277,83.854546,0,3,17.95
18.012417,84.11293,0,3,17.94
17.998745,83.912605,0,3,17.93
18.004356,83.89786,0,3,17.94
17.967268,83.864105,0,3,17.93
17.972513,83.85431,0,3,17.93
17.94354,83.88031,0,3,17.93
17.931683,83.85526,0,3,17.92
17.957642,83.82206,0,3,17.92
17.966309,83.82167,0,3,17.91
17.945133,83.78657,0,3,17.91
17.941528,83.80326,0,1,17.9
17.941814,83.78072,0,1,17.89
17.927618,83.78614,0,1,17.89
17.924726,83.76212,0,1,17.89
17.935867,83.76002,0,1,17.89
17.926989,83.77326,0,1,17.88
17.903913,83.79752,0,1,17.88
17.907795,83.79625,0,1,17.87
17.895397,83.82282,0,1,17.88
17.907473,83.8303,0,1,17.87
17.902084,83.84276,0,1,17.87
17.890032,83.88731,0,1,17.87
17.892838,83.88905,0,1,17.87
17.878178,83.90544,0,1,17.85
17.897976,83.8404,0,1,17.85
17.877848,83.875626,1,1,17.85
17.87974,83.89835,0,2,17.88
17.87891,83.90865,0,2,17.89
17.889257,83.922,1,2,17.9
17.889296,83.9188,0,2,17.91
17.879229,83.8823,0,2,17.92
17.879414,83.91124,0,2,17.93
17.882048,83.929756,0,2,17.93
17.845217,83.90653,0,2,17.93
17.856869,83.955795,0,2,17.93
17.856312,84.02818,1,2,17.94
17.886536,83.90365,0,2,17.94
17.892282,83.81222,0,2,17.94
17.897291,83.782104,0,2,17.93
17.90426,83.775185,0,2,17.93
18.376917,80.975655,0,4,17.89
18.35238,80.42624,0,4,17.86
18.26789,80.411194,0,4,17.85
18.170273,80.077156,0,4,17.87
18.076035,80.287094,0,4,17.87
17.96198,79.87195,0,4,17.84
17.967348,80.28196,0,4,17.86
17.962769,80.00337,0,4,17.85
17.98627,80.25817,0,4,17.86
17.935387,80.47686,0,4,17.86
17.894266,80.21781,0,4,17.85
17.89036,80.690025,0,4,17.86
17.834826,80.567635,0,4,17.87
17.841042,81.14784,0,4,17.88
17.89289,81.04653,0,4,17.87
17.8092,80.31875,0,4,17.87
17.836924,81.0163,0,4,17.87
17.842344,80.3798,0,4,17.86
17.846352,81.0498,0,4,17.84
17.843472,80.49793,0,4,17.87
17.834974,80.74057,0,4,17.89
17.855812,80.60442,0,4,17.89
17.877102,80.81485,0,4,17.87
17.892815,80.96722,0,4,17.84
17.865355,80.638145,0,4,17.82
17.868294,80.49201,0,4,17.83
17.863197,80.349884,0,4,17.86
17.873703,80.554985,0,4,17.89
17.875109,79.90915,0,4,17.86
17.846977,80.64409,0,4,17.84
17.889505,80.73177,0,4,17.84
17.879534,80.31519,0,4,17.84
17.876781,80.23557,0,4,17.81
17.825167,80.21873,0,4,17.84
17.85728,80.13639,0,4,17.85
17.813349,80.3334,0,4,17.84
17.879774,80.62784,0,4,17.86
17.88228,80.75076,0,4,17.84
17.840998,80.306496,0,4,17.83
17.813482,80.41045,0,4,17.84
17.87236,80.643456,0,4,17.83
17.830004,80.372894,0,4,17.83
17.846045,79.941826,1,4,17.83
17.843954,80.479805,0,4,17.83
17.831379,80.77576,0,4,17.8
17.789316,80.74796,0,4,17.84
17.843182,80.78952,0,4,17.84
17.836988,80.68187,0,4,17.85
17.805706,80.35835,0,4,17.82
17.828823,80.52962,0,4,17.81
17.84447,80.42813,0,4,17.87
17.831076,80.58738,0,4,17.91
17.813194,80.69289,0,4,17.97
17.833982,80.61833,0,4,18.01
17.806078,80.28086,0,4,18.04
17.825985,80.23475,0,4,18.01
17.84732,80.27308,0,4,18.03
17.865314,80.76059,0,4,18.0
17.811522,80.57129,0,4,17.93
17.782124,80.85084,0,4,17.88
17.90827,80.767525,0,4,17.87
17.915655,80.47836,0,4,17.88
17.956179,80.83716,0,4,17.91
18.025236,80.72863,0,4,17.89
18.042841,80.615395,0,4,17.86
18.046497,80.20345,0,4,17.88
18.021128,80.33527,0,4,17.89
18.03181,80.54566,0,4,17.91
17.91649,80.45429,0,4,17.9
17.87113,80.41989,0,4,17.93
17.849533,80.56507,0,4,17.94
17.877472,80.787445,0,4,17.94
17.894018,80.64462,0,4,17.95
17.89234,80.68211,0,4,17.93
17.879784,80.66579,0,4,17.96
17.863625,80.97694,0,4,17.97
17.891619,81.07077,0,4,17.96
17.900433,81.06655,0,4,17.96
17.905798,80.87623,0,4,17.93
17.923006,81.071625,0,4,17.93
17.91482,81.07225,0,4,17.94
17.920797,81.16114,0,4,17.94
17.964773,81.164925,0,4,17.95
17.892887,80.9395,0,4,17.96
17.951538,81.20314,0,4,17.96
17.966812,81.14232,0,4,17.96
17.972742,81.11809,0,4,17.96
17.96926,80.929504,0,4,17.96
17.94172,80.84413,0,4,17.98
17.943447,81.08809,0,4,17.96
17.936684,80.932976,0,4,17.94
17.936728,80.90439,0,4,17.93
17.935192,81.157135,0,4,17.94
17.982693,80.97641,0,4,17.95
17.923,80.97085,0,4,17.99
17.95983,80.88867,0,4,18.04
17.97982,81.042175,0,4,18.05
17.933819,81.13031,0,4,18.04
17.960125,81.05785,0,4,18.04
17.935617,81.06202,0,4,18.03
17.931536,81.11293,0,4,18.03
17.939257,81.17335,0,4,18.02
17.93139,81.38557,0,4,18.01
17.978304,81.55217,0,4,18.02
17.974335,81.69608,0,4,18.02
18.019154,81.72912,0,4,18.02
18.069029,81.54922,0,4,18.03
18.044989,81.48259,0,4,18.02
18.012249,81.4636,0,4,18.03
18.02988,81.347694,0,4,17.99
18.052471,81.35769,0,4,17.99
18.018703,81.34302,0,4,17.96
18.042665,81.44005,0,4,17.98
18.035873,81.388405,0,4,18.01
18.017666,81.266335,0,4,18.06
18.023697,81.22737,0,4,18.06
18.058533,81.32776,0,4,18.05
18.011034,81.28708,0,4,18.04
18.023462,81.36179,0,4,18.02
17.993214,81.30563,0,4,18.06
17.997366,81.329346,0,4,17.97
17.987932,81.49395,0,4,17.93
17.989244,82.010315,0,4,17.91
18.01815,82.20686,0,4,17.9
18.05027,82.1893,0,4,17.9
18.034868,82.028404,0,4,17.91
18.043734,82.121254,0,4,17.9
18.002539,82.26267,0,4,17.9
18.028276,82.64125,0,4,17.9
18.051428,82.70622,0,4,17.92
17.97389,82.87481,1,4,17.92
17.931637,83.1197,0,4,17.93
17.90671,83.26271,1,4,17.94
17.8825,83.39488,0,4,17.96
17.891094,83.48556,0,4,18.0
17.918097,83.55187,1,4,18.0
17.914719,83.51308,1,4,17.98
17.936218,83.48954,0,4,17.99
17.895151,83.54736,0,4,18.06
17.92279,83.4773,1,4,18.05
17.938314,83.49138,1,4,18.02
17.914692,83.50794,0,4,18.05
17.916271,83.48881,0,4,18.05
17.978148,83.39866,1,4,18.04
17.975811,83.40783,0,4,18.03
17.987888,83.15656,0,4,18.03
17.989756,83.07743,0,4,18.03
17.965227,83.065994,0,4,18.02
18.09069,83.05519,0,4,18.0
18.033243,82.94671,0,4,18.01
18.020216,82.93483,0,4,18.01
18.049461,83.01815,0,4,18.02
18.062567,82.97752,0,4,18.03
18.01879,82.90005,0,4,18.04
18.058596,82.954575,0,4,18.04
17.99936,82.9476,0,4,18.05
18.015818,82.90888,0,4,18.05
18.017725,82.98119,1,4,18.05
18.02251,83.0221,0,4,18.06
18.028105,83.07191,0,4,18.06
18.038212,83.253265,0,4,18.07
18.001602,83.124344,0,4,18.05
18.006857,83.16328,0,4,18.06
18.005825,83.13014,0,4,18.06
18.05655,83.149315,0,4,18.05
18.025576,83.136,0,4,18.06
18.018108,83.21861,0,4,18.07
18.04238,83.39619,1,4,18.06
18.061502,83.18273,0,4,18.06
18.083967,83.18185,0,4,18.05
18.089275,83.25641,0,4,18.06
18.031046,83.20464,0,4,18.06
18.032906,83.22647,0,4,18.06
18.0433,83.27999,0,4,18.06
18.046625,83.14267,1,4,18.06
18.035767,83.17662,0,4,18.06
18.0139,83.306366,0,4,18.06
18.038233,83.17476,0,4,18.07
18.038834,83.26454,0,4,18.06
18.054832,83.113106,0,4,18.07
18.037113,83.199684,0,4,18.07
18.086079,83.21544,0,4,18.06
18.095354,83.2194,0,4,18.06
18.058083,83.17231,0,4,18.05
18.067215,83.22417,0,4,18.05
18.05796,83.2145,0,4,18.05
18.036953,83.21435,0,4,18.05
18.066624,83.299,0,4,18.05
18.062475,83.22547,0,4,18.05
18.064014,83.31318,0,4,18.05
18.099785,83.19135,0,4,18.05
18.051306,83.16281,0,4,18.05
18.09431,83.14942,0,4,18.04
18.028788,83.134026,0,4,18.05
18.027279,83.09621,0,4,18.04
18.063951,83.12806,0,4,18.04
18.038849,83.155235,0,4,18.02
18.030283,83.139694,0,4,18.05
18.046125,83.165016,0,4,18.06
18.0526,83.14898,0,4,18.06
18.030245,83.14691,0,4,18.06
18.034937,83.18014,1,4,18.05
18.030277,83.21457,1,4,18.07
18.050627,83.26315,0,4,18.07
18.05029,83.28543,0,4,18.09
18.040255,83.27019,0,4,18.11
18.00254,83.320305,1,4,18.12
18.051512,83.22297,0,4,18.11
18.037199,83.248604,0,4,18.09
18.084732,83.261604,0,4,18.07
18.032848,83.26318,0,4,18.07
18.055037,83.25148,1,4,18.08
18.045408,83.20137,0,4,18.07
18.066027,83.13964,1,4,18.07
18.051178,83.04747,0,4,18.07
18.096981,83.00767,0,4,18.07
18.101336,82.89538,1,4,18.09
18.128208,82.958176,0,4,18.1
18.0723,82.88722,1,4,18.09
18.064995,82.86338,1,4,18.08
18.06238,82.979225,1,4,18.08
18.091146,83.010506,0,4,18.08
18.093828,83.01888,0,4,18.13
18.083796,83.01131,0,4,18.14
18.071985,83.13872,1,4,18.13
18.072638,83.000404,0,4,18.11
18.111227,82.93755,0,4,18.12
18.088692,83.00511,1,4,18.11
18.093803,83.0128,1,4,18.09
18.102283,82.99818,0,4,18.09
18.089794,83.02954,0,4,18.08
18.065542,83.03164,0,4,18.08
18.17949,83.17128,1,4,18.07
18.121727,83.19792,1,4,18.07
18.179663,83.02939,0,4,18.06
18.136568,83.22551,0,4,18.05
18.097784,83.237305,1,4,18.05
18.09139,83.22631,0,4,18.04
18.096413,83.31219,0,4,18.03
18.097204,83.32477,0,4,18.02
18.096487,83.376465,1,4,18.02
18.072962,83.37061,0,4,18.02
18.067602,83.40456,0,4,18.01
18.05596,83.4428,1,4,18.01
18.083035,83.55053,1,4,18.0
18.035746,83.51401,0,4,18.01
18.08093,83.54804,0,4,18.01
18.030241,83.55073,0,4,18.0
18.0174,83.5625,0,4,18.01
18.045485,83.6236,0,4,18.0
18.062912,83.64813,1,4,17.99
18.02616,83.680725,1,4,17.99
18.01731,83.67851,0,4,17.99
17.983608,83.79,0,3,17.99
18.02086,83.74153,0,3,18.0
18.021502,83.823074,0,3,18.01
17.959291,83.79891,0,3,18.01
18.013535,83.73598,0,3,18.01
17.955336,83.8375,0,3,18.0
18.000889,83.81919,0,3,17.99
17.949911,83.88983,0,3,17.99
17.991213,83.870255,0,3,17.99
17.975725,83.949905,0,3,17.98
17.949362,83.88311,0,3,17.97
18.038784,83.86545,1,3,17.97
18.013588,84.04474,0,3,17.97
18.006077,83.92419,0,3,18.01
18.01351,83.93624,0,3,18.01
18.012463,83.830444,0,3,17.99
17.974115,83.85908,0,3,17.97
17.951275,83.842896,0,3,17.96
17.979937,83.91945,0,3,17.95
17.985596,83.82792,0,3,17.95
18.003235,83.79191,0,3,17.95
17.969816,83.83233,0,3,17.95
17.94797,83.800575,0,3,17.95
18.015234,84.11692,0,3,17.94
18.017603,83.931366,0,3,17.93
17.993708,83.88019,0,3,17.94
17.989931,83.869194,0,3,17.93
17.973383,83.85702,0,3,17.93
17.932667,83.85358,0,3,17.93
17.950804,83.84296,0,3,17.92
17.94496,83.86226,0,3,17.92
17.953829,83.81627,0,3,17.91
17.951458,83.81211,0,3,17.91
17.938128,83.75282,0,1,17.9
17.96243,83.73726,0,1,17.89
17.917393,83.77758,0,1,17.89
17.913164,83.76692,0,1,17.89
17.915703,83.77029,0,1,17.89
17.95916,83.806656,0,1,17.88
17.889359,83.76528,0,1,17.88
17.908102,83.812935,0,1,17.87
17.901287,83.835106,0,1,17.88
17.889236,83.83338,0,1,17.87
17.914713,83.853325,0,1,17.87
17.906954,83.893105,0,1,17.87
17.872768,83.8468,0,1,17.87
17.863384,83.873795,0,1,17.85
17.876194,83.89606,0,1,17.85
17.878645,83.867,1,1,17.85
17.919243,83.89816,0,2,17.88
17.86536,83.929886,0,2,17.89
17.882961,83.90164,1,2,17.9
17.865263,83.92671,0,2,17.91
17.896187,83.85092,0,2,17.92
17.830719,83.92647,0,2,17.93
17.828266,83.91889,0,2,17.93
17.871689,83.92408,0,2,17.93
17.874615,83.97411,0,2,17.93
17.830421,84.04093,1,2,17.94
17.880796,83.91183,0,2,17.94
17.88749,83.809616,0,2,17.94
17.898886,83.788445,0,2,17.93
17.922642,83.79356,0,2,17.93
18.406008,80.95696,0,4,17.89
18.342497,80.3988,0,4,17.86
18.25167,80.39888,0,4,17.85
18.163418,80.0446,0,4,17.87
18.061274,80.31206,0,4,17.87
17.958073,79.886856,0,4,17.84
17.948318,80.29879,0,4,17.86
17.969763,80.01668,0,4,17.85
17.970373,80.24864,0,4,17.86
17.933718,80.46048,0,4,17.86
17.880108,80.18409,0,4,17.85
17.860682,80.695564,0,4,17.86
17.858587,80.56034,0,4,17.87
17.861494,81.173035,0,4,17.88
17.877268,81.05146,0,4,17.87
17.841768,80.29278,0,4,17.87
17.852161,81.00656,0,4,17.87
17.858921,80.3612,0,4,17.86
17.869713,81.06512,0,4,17.84
17.853287,80.50074,0,4,17.87
17.84198,80.750084,0,4,17.89
17.856302,80.62111,0,4,17.89
17.863144,80.81801,0,4,17.87
17.875648,80.97637,0,4,17.84
17.875614,80.625656,0,4,17.82
17.879444,80.48147,0,4,17.83
17.872381,80.3549,0,4,17.86
17.858818,80.56121,0,4,17.89
17.846146,79.88931,0,4,17.86
17.87423,80.62824,0,4,17.84
17.893526,80.75817,0,4,17.84
17.886585,80.30014,0,4,17.84
17.860504,80.22283,0,4,17.81
17.831736,80.2743,0,4,17.84
17.817503,80.12633,0,4,17.85
17.826492,80.34697,0,4,17.84
17.863068,80.62766,0,4,17.86
17.896465,80.774704,0,4,17.84
17.866308,80.28154,0,4,17.83
17.845505,80.42845,0,4,17.84
17.83598,80.66455,0,4,17.83
17.834404,80.401474,0,4,17.83
17.80618,79.96191,1,4,17.83
17.835106,80.49646,0,4,17.83
17.852123,80.768326,0,4,17.8
17.847113,80.73679,0,4,17.84
17.85802,80.75847,0,4,17.84
17.843264,80.65417,0,4,17.85
17.83662,80.40981,0,4,17.82
17.849527,80.53428,0,4,17.81
17.834679,80.37623,0,4,17.87
17.837206,80.58879,0,4,17.91
17.829546,80.71668,0,4,17.97
17.826988,80.61749,0,4,18.01
17.80737,80.28476,0,4,18.04
17.849709,80.23473,0,4,18.01
17.847723,80.28392,0,4,18.03
17.854607,80.74711,0,4,18.0
17.818508,80.56044,0,4,17.93
17.81927,80.85526,0,4,17.88
17.87015,80.7408,0,4,17.87
17.908432,80.455086,0,4,17.88
17.977356,80.81084,0,4,17.91
18.019867,80.728355,0,4,17.89
18.04951,80.64269,0,4,17.86
18.006184,80.19396,0,4,17.88
18.026972,80.33481,0,4,17.89
18.00675,80.512375,0,4,17.91
17.932167,80.48395,0,4,17.9
17.883297,80.42957,0,4,17.93
17.872303,80.60725,0,4,17.94
17.879597,80.78273,0,4,17.94
17.90539,80.68092,0,4,17.95
17.895037,80.69775,0,4,17.93
17.86056,80.65802,0,4,17.96
17.87776,80.973175,0,4,17.97
17.889591,81.07991,0,4,17.96
17.91555,81.088875,0,4,17.96
17.900831,80.90814,0,4,17.93
17.92679,81.08677,0,4,17.93
17.943634,81.09858,0,4,17.94
17.943214,81.137024,0,4,17.94
17.947348,81.14504,0,4,17.95
17.935854,80.947,0,4,17.96
17.95182,81.22486,0,4,17.96
17.969355,81.148674,0,4,17.96
17.967901,81.14401,0,4,17.96
17.968002,80.93127,0,4,17.96
17.929329,80.80964,0,4,17.98
17.931042,81.10705,0,4,17.96
17.936584,80.90233,0,4,17.94
17.939966,80.937775,0,4,17.93
17.950947,81.19355,0,4,17.94
17.960318,80.98745,0,4,17.95
17.96296,80.970406,0,4,17.99
17.957115,80.90558,0,4,18.04
17.963749,81.070366,0,4,18.05
17.954178,81.12669,0,4,18.04
17.973532,81.08978,0,4,18.04
17.967985,81.11946,0,4,18.03
17.942474,81.117134,0,4,18.03
17.937632,81.19899,0,4,18.02
17.942942,81.383484,0,4,18.01
17.952183,81.53809,0,4,18.02
17.982016,81.67932,0,4,18.02
18.049978,81.72596,0,4,18.02
18.058155,81.543564,0,4,18.03
18.031523,81.47834,0,4,18.02
18.047512,81.45169,0,4,18.03
18.03541,81.36941,0,4,17.99
18.022797,81.34332,0,4,17.99
18.010363,81.30965,0,4,17.96
18.00263,81.4207,0,4,17.98
18.016039,81.40119,0,4,18.01
18.010235,81.261566,0,4,18.06
18.0221,81.19288,0,4,18.06
18.037815,81.326035,0,4,18.05
18.01463,81.32002,0,4,18.04
18.031403,81.384224,0,4,18.02
17.988447,81.29238,0,4,18.06
17.991503,81.312225,0,4,17.97
17.969402,81.52708,0,4,17.93
17.980766,82.000336,0,4,17.91
18.01504,82.201294,0,4,17.9
18.062462,82.16081,0,4,17.9
18.060453,82.04254,0,4,17.91
18.049175,82.09289,0,4,17.9
18.040617,82.2584,0,4,17.9
18.02876,82.63093,0,4,17.9
18.051504,82.71476,0,4,17.92
17.975899,82.91238,1,4,17.92
17.920164,83.13554,0,4,17.93
17.915955,83.273094,1,4,17.94
17.895065,83.390816,0,4,17.96
17.895748,83.48317,0,4,18.0
17.914927,83.529335,1,4,18.0
17.906271,83.50707,1,4,17.98
17.901772,83.48402,0,4,17.99
17.909323,83.533394,0,4,18.06
17.91652,83.494446,1,4,18.05
17.922712,83.48049,1,4,18.02
17.939402,83.52663,0,4,18.05
17.937815,83.48272,0,4,18.05
17.954302,83.41448,1,4,18.04
17.991373,83.42442,0,4,18.03
18.001205,83.14811,0,4,18.03
17.97934,83.112755,0,4,18.03
17.986843,83.09417,0,4,18.02
18.067617,83.037155,0,4,18.0
18.042809,82.92052,0,4,18.01
18.011908,82.913826,0,4,18.01
18.056356,83.01914,0,4,18.02
18.042809,83.0053,0,4,18.03
18.04393,82.88166,0,4,18.04
18.025051,82.94149,0,4,18.04
18.036142,82.93723,0,4,18.05
18.024248,82.95016,0,4,18.05
18.020092,82.96259,1,4,18.05
17.996546,83.04451,0,4,18.06
18.018744,83.077736,0,4,18.06
18.009312,83.24442,0,4,18.07
18.01657,83.131226,0,4,18.05
18.033743,83.15033,0,4,18.06
18.038157,83.11348,0,4,18.06
18.03231,83.11682,0,4,18.05
18.054247,83.136185,0,4,18.06
18.059025,83.207596,0,4,18.07
18.0564,83.38669,1,4,18.06
18.058092,83.20211,0,4,18.06
18.06177,83.19103,0,4,18.05
18.0732,83.24665,0,4,18.06
18.05351,83.22517,0,4,18.06
18.065998,83.22606,0,4,18.06
18.06622,83.271095,0,4,18.06
18.0485,83.17853,1,4,18.06
18.069654,83.22963,0,4,18.06
18.076893,83.29205,0,4,18.06
18.063774,83.19573,0,4,18.07
18.05191,83.260864,0,4,18.06
18.047049,83.104195,0,4,18.07
18.051266,83.17451,0,4,18.07
18.069248,83.2165,0,4,18.06
18.069994,83.210495,0,4,18.06
18.053581,83.174324,0,4,18.05
18.065847,83.2385,0,4,18.05
18.063711,83.20659,0,4,18.05
18.053673,83.22631,0,4,18.05
18.062944,83.29435,0,4,18.05
18.053753,83.218124,0,4,18.05
18.064602,83.29596,0,4,18.05
18.064508,83.20235,0,4,18.05
18.067776,83.21254,0,4,18.05
18.051868,83.13291,0,4,18.04
18.059134,83.14209,0,4,18.05
18.05897,83.070526,0,4,18.04
18.057816,83.12648,0,4,18.04
18.058094,83.15966,0,4,18.02
18.043453,83.14104,0,4,18.05
18.0568,83.15848,0,4,18.06
18.0556,83.14535,0,4,18.06
18.042368,83.17502,0,4,18.06
18.05014,83.182365,1,4,18.05
18.038998,83.22546,1,4,18.07
18.058361,83.2576,0,4,18.07
18.048702,83.26566,0,4,18.09
18.044134,83.270065,0,4,18.11
18.019125,83.28105,1,4,18.12
18.051712,83.24481,0,4,18.11
18.06013,83.249596,0,4,18.09
18.05939,83.23494,0,4,18.07
18.063116,83.269325,0,4,18.07
18.055933,83.24715,1,4,18.08
18.060131,83.216,0,4,18.07
18.06131,83.12366,1,4,18.07
18.085632,83.06281,0,4,18.07
18.10855,83.018974,0,4,18.07
18.128893,82.928604,1,4,18.09
18.107721,82.96451,0,4,18.1
18.098413,82.88226,1,4,18.09
18.075697,82.87766,1,4,18.08
18.060217,82.98404,1,4,18.08
18.081507,83.03115,0,4,18.08
18.073927,83.05835,0,4,18.13
18.070578,83.01168,0,4,18.14
18.066114,83.104065,1,4,18.13
18.071375,83.00583,0,4,18.11
18.09421,82.92915,0,4,18.12
18.108318,82.99562,1,4,18.11
18.082705,83.00758,1,4,18.09
18.071186,82.98267,0,4,18.09
18.083153,83.00707,0,4,18.08
18.080761,83.01648,0,4,18.08
18.136065,83.16344,1,4,18.07
18.139153,83.17471,1,4,18.07
18.130314,83.0611,0,4,18.06
18.113895,83.239525,0,4,18.05
18.127468,83.232704,1,4,18.05
18.103962,83.24752,0,4,18.04
18.093039,83.2609,0,4,18.03
18.080206,83.32487,0,4,18.02
18.08156,83.34743,1,4,18.02
18.086222,83.39382,0,4,18.02
18.067316,83.43914,0,4,18.01
18.073633,83.461105,1,4,18.01
18.053724,83.52357,1,4,18.0
18.056559,83.53781,0,4,18.01
18.040411,83.54044,0,4,18.01
18.035204,83.586464,0,4,18.0
18.033354,83.595,0,4,18.01
18.014353,83.63315,0,4,18.0
18.012293,83.670204,1,4,17.99
18.010561,83.66152,1,4,17.99
18.001963,83.69315,0,4,17.99
18.005451,83.782616,0,3,17.99
18.005045,83.763245,0,3,18.0
18.0048,83.81303,0,3,18.01
18.001791,83.785965,0,3,18.01
18.00471,83.7627,0,3,18.01
18.011715,83.7914,0,3,18.0
18.008266,83.82719,0,3,17.99
17.9862,83.859886,0,3,17.99
17.998676,83.85673,0,3,17.99
17.981857,83.89913,0,3,17.98
17.997532,83.89136,0,3,17.97
18.003147,83.87382,1,3,17.97
18.01991,84.025314,0,3,17.97
18.005432,83.92065,0,3,18.01
18.005148,83.91123,0,3,18.01
18.00052,83.85171,0,3,17.99
17.987982,83.86694,0,3,17.97
17.995016,83.85475,0,3,17.96
17.983799,83.86208,0,3,17.95
17.98588,83.81577,0,3,17.95
17.97275,83.79092,0,3,17.95
17.960619,83.842354,0,3,17.95
17.963142,83.84481,0,3,17.95
18.002527,84.12242,0,3,17.94
18.002293,83.92035,0,3,17.93
17.986471,83.9062,0,3,17.94
17.967403,83.88949,0,3,17.93
17.956625,83.86964,0,3,17.93
17.949224,83.86565,0,3,17.93
17.95209,83.83556,0,3,17.92
17.95165,83.83574,0,3,17.92
17.956055,83.80161,0,3,17.91
17.944893,83.801926,0,3,17.91
17.940178,83.80851,0,1,17.9
17.931847,83.78202,0,1,17.89
17.943247,83.772575,0,1,17.89
17.939272,83.75496,0,1,17.89
17.939178,83.77751,0,1,17.89
17.929285,83.77797,0,1,17.88
17.91368,83.78743,0,1,17.88
17.928314,83.78833,0,1,17.87
17.91446,83.82185,0,1,17.88
17.90724,83.837555,0,1,17.87
17.899157,83.84126,0,1,17.87
17.890505,83.87831,0,1,17.87
17.896986,83.88968,0,1,17.87
17.896093,83.898834,0,1,17.85
17.88758,83.85262,0,1,17.85
17.87728,83.87785,1,1,17.85
17.873388,83.894714,0,2,17.88
17.876286,83.91844,0,2,17.89
17.889517,83.92388,1,2,17.9
17.86439,83.91374,0,2,17.91
17.870703,83.882904,0,2,17.92
17.87196,83.92584,0,2,17.93
17.874516,83.94598,0,2,17.93
17.84738,83.92977,0,2,17.93
17.853323,83.944405,0,2,17.93
17.84959,84.01881,1,2,17.94
17.88767,83.90259,0,2,17.94
17.88662,83.81612,0,2,17.94
17.898966,83.76963,0,2,17.93
17.908796,83.779976,0,2,17.93
18.42476,80.97326,0,4,17.89
18.32989,80.39403,0,4,17.86
18.26945,80.40916,0,4,17.85
18.171331,80.036995,0,4,17.87
18.073614,80.31266,0,4,17.87
17.959528,79.87024,0,4,17.84
17.944853,80.318565,0,4,17.86
17.952467,80.020546,0,4,17.85
17.956793,80.22589,0,4,17.86
17.935837,80.48067,0,4,17.86
17.896982,80.17904,0,4,17.85
17.84903,80.6911,0,4,17.86
17.852358,80.574066,0,4,17.87
17.866169,81.17353,0,4,17.88
17.879055,81.04524,0,4,17.87
17.825132,80.28618,0,4,17.87
17.863749,80.99575,0,4,17.87
17.85545,80.35137,0,4,17.86
17.857718,81.066444,0,4,17.84
17.84045,80.52285,0,4,17.87
17.833662,80.777374,0,4,17.89
17.860453,80.64931,0,4,17.89
17.859165,80.80581,0,4,17.87
17.871284,80.96617,0,4,17.84
17.865948,80.64502,0,4,17.82
17.88071,80.48468,0,4,17.83
17.880377,80.35716,0,4,17.86
17.849403,80.57786,0,4,17.89
17.85965,79.88262,0,4,17.86
17.865053,80.63152,0,4,17.84
17.907904,80.75817,0,4,17.84
17.90732,80.32419,0,4,17.84
17.854479,80.21501,0,4,17.81
17.846125,80.25058,0,4,17.84
17.809338,80.12746,0,4,17.85
17.828253,80.356674,0,4,17.84
17.856415,80.638824,0,4,17.86
17.90628,80.77875,0,4,17.84
17.864784,80.2812,0,4,17.83
17.822863,80.41471,0,4,17.84
17.854744,80.66292,0,4,17.83
17.831026,80.42588,0,4,17.83
17.82263,79.94916,1,4,17.83
17.854492,80.47128,0,4,17.83
17.864231,80.758415,0,4,17.8
17.839401,80.73578,0,4,17.84
17.870863,80.76139,0,4,17.84
17.855492,80.659645,0,4,17.85
17.848553,80.406715,0,4,17.82
17.85996,80.53477,0,4,17.81
17.813158,80.36804,0,4,17.87
17.836088,80.58194,0,4,17.91
17.810574,80.71866,0,4,17.97
17.821728,80.62049,0,4,18.01
17.814486,80.30724,0,4,18.04
17.841358,80.24907,0,4,18.01
17.8572,80.26486,0,4,18.03
17.834114,80.75415,0,4,18.0
17.826382,80.58899,0,4,17.93
17.829067,80.8337,0,4,17.88
17.884619,80.76673,0,4,17.87
17.912066,80.442314,0,4,17.88
17.982512,80.8116,0,4,17.91
18.0142,80.74378,0,4,17.89
18.037409,80.62664,0,4,17.86
18.004595,80.20305,0,4,17.88
18.015032,80.3257,0,4,17.89
17.988028,80.514595,0,4,17.91
17.914154,80.49408,0,4,17.9
17.865751,80.43376,0,4,17.93
17.852032,80.60656,0,4,17.94
17.868326,80.76702,0,4,17.94
17.91296,80.6879,0,4,17.95
17.90428,80.692635,0,4,17.93
17.850235,80.65909,0,4,17.96
17.880587,80.9755,0,4,17.97
17.889278,81.08339,0,4,17.96
17.899569,81.09633,0,4,17.96
17.906025,80.916084,0,4,17.93
17.918451,81.09399,0,4,17.93
17.93514,81.08879,0,4,17.94
17.951628,81.15701,0,4,17.94
17.96857,81.13942,0,4,17.95
17.949709,80.95709,0,4,17.96
17.943708,81.21343,0,4,17.96
17.969973,81.12495,0,4,17.96
17.967081,81.14422,0,4,17.96
17.949266,80.94484,0,4,17.96
17.91616,80.79503,0,4,17.98
17.940632,81.107254,0,4,17.96
17.930143,80.898026,0,4,17.94
17.923529,80.91916,0,4,17.93
17.94317,81.1897,0,4,17.94
17.946249,80.97096,0,4,17.95
17.97348,80.963104,0,4,17.99
17.972715,80.88926,0,4,18.04
17.954428,81.07048,0,4,18.05
17.950632,81.13295,0,4,18.04
17.999502,81.06534,0,4,18.04
17.943808,81.11886,0,4,18.03
17.930159,81.106316,0,4,18.03
17.944605,81.20401,0,4,18.02
17.947435,81.38661,0,4,18.01
17.946999,81.51282,0,4,18.02
17.977404,81.668785,0,4,18.02
18.056812,81.72095,0,4,18.02
18.06137,81.55923,0,4,18.03
18.044336,81.48489,0,4,18.02
18.028269,81.47963,0,4,18.03
18.038435,81.34503,0,4,17.99
18.024227,81.34021,0,4,17.99
18.0127,81.30736,0,4,17.96
18.020031,81.43043,0,4,17.98
18.037903,81.42581,0,4,18.01
18.02872,81.249626,0,4,18.06
18.012293,81.185005,0,4,18.06
18.034786,81.33716,0,4,18.05
18.01415,81.32296,0,4,18.04
18.048283,81.391945,0,4,18.02
17.996386,81.30068,0,4,18.06
17.987864,81.30738,0,4,17.97
17.971558,81.5316,0,4,17.93
17.97703,81.98219,0,4,17.91
17.99906,82.22448,0,4,17.9
18.062119,82.16629,0,4,17.9
18.06421,82.05451,0,4,17.91
18.039549,82.106865,0,4,17.9
18.031824,82.26855,0,4,17.9
18.011576,82.638725,0,4,17.9
18.06744,82.71463,0,4,17.92
17.984348,82.92983,1,4,17.92
17.944668,83.135345,0,4,17.93
17.894583,83.25164,1,4,17.94
17.914824,83.40234,0,4,17.96
17.896559,83.494774,0,4,18.0
17.897575,83.510895,1,4,18.0
17.887938,83.50678,1,4,17.98
17.886465,83.47937,0,4,17.99
17.903961,83.52544,0,4,18.06
17.910852,83.48768,1,4,18.05
17.936361,83.489555,1,4,18.02
17.941853,83.51691,0,4,18.05
17.940384,83.50186,0,4,18.05
17.952503,83.42734,1,4,18.04
18.0148,83.42497,0,4,18.03
18.017101,83.13422,0,4,18.03
17.99883,83.12549,0,4,18.03
18.004602,83.1085,0,4,18.02
18.053467,83.05832,0,4,18.0
18.04437,82.92568,0,4,18.01
18.032408,82.92805,0,4,18.01
18.066004,83.000755,0,4,18.02
18.065151,83.02349,0,4,18.03
18.033457,82.876465,0,4,18.04
18.032713,82.940125,0,4,18.04
18.039478,82.94985,0,4,18.05
18.031351,82.93256,0,4,18.05
18.022867,82.978134,1,4,18.05
18.001041,83.02883,0,4,18.06
17.998013,83.08664,0,4,18.06
18.012335,83.25697,0,4,18.07
18.036732,83.125854,0,4,18.05
18.043695,83.159424,0,4,18.06
18.057924,83.10922,0,4,18.06
18.048634,83.12256,0,4,18.05
18.061598,83.13623,0,4,18.06
18.062397,83.2187,0,4,18.07
18.046602,83.39752,1,4,18.06
18.045523,83.18698,0,4,18.06
18.040388,83.20813,0,4,18.05
18.063751,83.2386,0,4,18.06
18.030096,83.215454,0,4,18.06
18.076103,83.23315,0,4,18.06
18.062569,83.28846,0,4,18.06
18.035023,83.18132,1,4,18.06
18.073597,83.20991,0,4,18.06
18.078382,83.29171,0,4,18.06
18.057877,83.18879,0,4,18.07
18.051928,83.2568,0,4,18.06
18.030827,83.10719,0,4,18.07
18.07207,83.17845,0,4,18.07
18.060865,83.19233,0,4,18.06
18.057487,83.20359,0,4,18.06
18.056871,83.15819,0,4,18.05
18.077904,83.222046,0,4,18.05
18.053606,83.19245,0,4,18.05
18.056011,83.22517,0,4,18.05
18.067177,83.28873,0,4,18.05
18.048275,83.205055,0,4,18.05
18.050497,83.3189,0,4,18.05
18.066313,83.19597,0,4,18.05
18.050484,83.216225,0,4,18.05
18.047237,83.14817,0,4,18.04
18.061365,83.1484,0,4,18.05
18.06323,83.07215,0,4,18.04
18.05643,83.13931,0,4,18.04
18.057602,83.14156,0,4,18.02
18.069847,83.14293,0,4,18.05
18.03512,83.16349,0,4,18.06
18.03581,83.15982,0,4,18.06
18.068066,83.16724,0,4,18.06
18.034655,83.17026,1,4,18.05
18.021378,83.2102,1,4,18.07
18.058002,83.26562,0,4,18.07
18.049261,83.24028,0,4,18.09
18.0378,83.26685,0,4,18.11
18.03777,83.27405,1,4,18.12
18.065086,83.23329,0,4,18.11
18.079004,83.25378,0,4,18.09
18.055994,83.22864,0,4,18.07
18.057184,83.25396,0,4,18.07
18.046892,83.23495,1,4,18.08
18.055277,83.20894,0,4,18.07
18.08451,83.13239,1,4,18.07
18.07826,83.075584,0,4,18.07
18.095623,83.028175,0,4,18.07
18.132519,82.92531,1,4,18.09
18.111698,82.9524,0,4,18.1
18.073193,82.89083,1,4,18.09
18.052732,82.86366,1,4,18.08
18.081604,82.96548,1,4,18.08
18.082369,83.02166,0,4,18.08
18.076162,83.07796,0,4,18.13
18.054098,83.02805,0,4,18.14
18.082216,83.08213,1,4,18.13
18.05753,83.01303,0,4,18.11
18.098545,82.94642,0,4,18.12
18.1169,82.982025,1,4,18.11
18.081375,83.013084,1,4,18.09
18.067156,82.99621,0,4,18.09
18.08697,83.003914,0,4,18.08
18.088942,83.021515,0,4,18.08
18.146122,83.16276,1,4,18.07
18.13756,83.18229,1,4,18.07
18.111347,83.07496,0,4,18.06
18.119997,83.25605,0,4,18.05
18.120085,83.218254,1,4,18.05
18.114515,83.25212,0,4,18.04
18.093493,83.25461,0,4,18.03
18.080399,83.31543,0,4,18.02
18.06199,83.34258,1,4,18.02
18.064894,83.39176,0,4,18.02
18.055986,83.44775,0,4,18.01
18.072018,83.45625,1,4,18.01
18.052992,83.52905,1,4,18.0
18.036722,83.530014,0,4,18.01
18.043472,83.522255,0,4,18.01
18.04222,83.5616,0,4,18.0
18.029558,83.59537,0,4,18.01
18.001244,83.630646,0,4,18.0
18.012276,83.68524,1,4,17.99
18.01536,83.677414,1,4,17.99
18.02832,83.68427,0,4,17.99
17.992819,83.783676,0,3,17.99
17.995777,83.784515,0,3,18.0
18.019829,83.79435,0,3,18.01
17.997488,83.78272,0,3,18.01
18.009975,83.749886,0,3,18.01
18.010271,83.78746,0,3,18.0
18.019342,83.820656,0,3,17.99
18.006191,83.86652,0,3,17.99
18.002176,83.83925,0,3,17.99
17.988749,83.89308,0,3,17.98
18.000065,83.89409,0,3,17.97
18.00102,83.87873,1,3,17.97
18.029852,84.01954,0,3,17.97
17.996283,83.922775,0,3,18.01
17.993778,83.915054,0,3,18.01
18.001522,83.83979,0,3,17.99
17.995604,83.86579,0,3,17.97
17.9871,83.87212,0,3,17.96
18.00625,83.85002,0,3,17.95
17.99884,83.82968,0,3,17.95
17.97653,83.81007,0,3,17.95
17.968575,83.83385,0,3,17.95
17.965578,83.8237,0,3,17.95
17.990501,84.1057,0,3,17.94
17.99816,83.9338,0,3,17.93
17.974285,83.90596,0,3,17.94
17.963657,83.872406,0,3,17.93
17.946661,83.85592,0,3,17.93
17.942259,83.853,0,3,17.93
17.958523,83.854706,0,3,17.92
17.94178,83.843834,0,3,17.92
17.949366,83.82289,0,3,17.91
17.966145,83.79566,0,3,17.91
17.928713,83.81672,0,1,17.9
17.913897,83.79617,0,1,17.89
17.926867,83.77584,0,1,17.89
17.926659,83.74243,0,1,17.89
17.9489,83.765755,0,1,17.89
17.917501,83.76652,0,1,17.88
17.910276,83.79356,0,1,17.88
17.935305,83.77309,0,1,17.87
17.902386,83.81668,0,1,17.88
17.90831,83.84817,0,1,17.87
17.916296,83.845345,0,1,17.87
17.880873,83.89187,0,1,17.87
17.870901,83.877754,0,1,17.87
17.878454,83.894,0,1,17.85
17.87883,83.84518,0,1,17.85
17.883425,83.863235,1,1,17.85
17.891335,83.891655,0,2,17.88
17.888206,83.92124,0,2,17.89
17.887999,83.937775,1,2,17.9
17.887066,83.92862,0,2,17.91
17.854801,83.87327,0,2,17.92
17.854689,83.93827,0,2,17.93
17.874231,83.94996,0,2,17.93
17.84751,83.91606,0,2,17.93
17.830423,83.93116,0,2,17.93
17.84392,84.022644,1,2,17.94
17.877111,83.89682,0,2,17.94
17.882683,83.802315,0,2,17.94
17.915483,83.75741,0,2,17.93
17.917347,83.795654,0,2,17.93
17.937052,78.88016,0,4,17.89
17.868849,78.33454,0,4,17.86
17.781162,78.33454,0,4,17.85
17.693474,77.99354,0,4,17.87
17.605785,78.24685,0,4,17.87
17.488869,77.83765,0,4,17.84
17.488869,78.237114,0,4,17.86
17.508354,77.9643,0,4,17.85
17.508354,78.17865,0,4,17.86
17.479126,78.40275,0,4,17.86
17.430408,78.12994,0,4,17.85
17.40118,78.62683,0,4,17.86
17.391438,78.500175,0,4,17.87
17.410925,79.084755,0,4,17.88
17.410925,78.977585,0,4,17.87
17.381695,78.22737,0,4,17.87
17.40118,78.91913,0,4,17.87
17.391438,78.30531,0,4,17.86
17.40118,78.977585,0,4,17.84
17.40118,78.44172,0,4,17.87
17.391438,78.685295,0,4,17.89
17.40118,78.55863,0,4,17.89
17.410925,78.74375,0,4,17.87
17.420666,78.89964,0,4,17.84
17.410925,78.55863,0,4,17.82
17.410925,78.422226,0,4,17.83
17.410925,78.28583,0,4,17.86
17.40118,78.500175,0,4,17.89
17.381695,77.83765,0,4,17.86
17.410925,78.54889,0,4,17.84
17.430408,78.67555,0,4,17.84
17.430408,78.24685,0,4,17.84
17.410925,78.168915,0,4,17.81
17.381695,78.20788,0,4,17.84
17.362207,78.06174,0,4,17.85
17.371952,78.27608,0,4,17.84
17.40118,78.55863,0,4,17.86
17.430408,78.70478,0,4,17.84
17.40118,78.22737,0,4,17.83
17.381695,78.35403,0,4,17.84
17.381695,78.5976,0,4,17.83
17.381695,78.34429,0,4,17.83
17.352465,77.905846,1,4,17.83
17.381695,78.422226,0,4,17.83
17.391438,78.69503,0,4,17.8
17.381695,78.6658,0,4,17.84
17.40118,78.685295,0,4,17.84
17.381695,78.58787,0,4,17.85
17.371952,78.33454,0,4,17.82
17.381695,78.47095,0,4,17.81
17.371952,78.315056,0,4,17.87
17.371952,78.51965,0,4,17.91
17.371952,78.646324,0,4,17.97
17.371952,78.54889,0,4,18.01
17.342722,78.22737,0,4,18.04
17.381695,78.17865,0,4,18.01
17.381695,78.21762,0,4,18.03
17.391438,78.6658,0,4,18.0
17.362207,78.500175,0,4,17.93
17.352465,78.77298,0,4,17.88
17.410925,78.67555,0,4,17.87
17.449896,78.393,0,4,17.88
17.508354,78.74375,0,4,17.91
17.547327,78.65607,0,4,17.89
17.576557,78.568375,0,4,17.86
17.547327,78.13968,0,4,17.88
17.566814,78.26634,0,4,17.89
17.537584,78.451454,0,4,17.91
17.469383,78.41249,0,4,17.9
17.420666,78.36377,0,4,17.93
17.410925,78.5294,0,4,17.94
17.420666,78.70478,0,4,17.94
17.449896,78.607346,0,4,17.95
17.430408,78.62683,0,4,17.93
17.40118,78.58787,0,4,17.96
17.420666,78.8899,0,4,17.97
17.430408,78.99708,0,4,17.96
17.449896,78.99708,0,4,17.96
17.440153,78.83144,0,4,17.93
17.469383,79.00681,0,4,17.93
17.479126,79.016556,0,4,17.94
17.479126,79.055534,0,4,17.94
17.488869,79.06528,0,4,17.95
17.469383,78.87041,0,4,17.96
17.498611,79.13348,0,4,17.96
17.508354,79.055534,0,4,17.96
17.498611,79.055534,0,4,17.96
17.498611,78.86067,0,4,17.96
17.469383,78.73401,0,4,17.98
17.469383,79.026306,0,4,17.96
17.479126,78.8217,0,4,17.94
17.479126,78.85093,0,4,17.93
17.488869,79.10425,0,4,17.94
17.498611,78.909386,0,4,17.95
17.498611,78.8899,0,4,17.99
17.498611,78.8217,0,4,18.04
17.498611,78.98733,0,4,18.05
17.498611,79.045784,0,4,18.04
17.518097,78.99708,0,4,18.04
17.498611,79.026306,0,4,18.03
17.479126,79.03605,0,4,18.03
17.469383,79.11398,0,4,18.02
17.479126,79.29911,0,4,18.01
17.488869,79.43551,0,4,18.02
17.527842,79.58166,0,4,18.02
17.576557,79.620636,0,4,18.02
17.586298,79.44526,0,4,18.03
17.576557,79.37705,0,4,18.02
17.576557,79.36731,0,4,18.03
17.566814,79.26988,0,4,17.99
17.566814,79.25039,0,4,17.99
17.55707,79.22116,0,4,17.96
17.547327,79.33808,0,4,17.98
17.55707,79.318596,0,4,18.01
17.55707,79.17245,0,4,18.06
17.55707,79.10425,0,4,18.06
17.566814,79.240654,0,4,18.05
17.55707,79.240654,0,4,18.04
17.566814,79.28936,0,4,18.02
17.527842,79.211426,0,4,18.06
17.527842,79.2309,0,4,17.97
17.498611,79.425766,0,4,17.93
17.518097,79.89344,0,4,17.91
17.547327,80.098045,0,4,17.9
17.596043,80.05907,0,4,17.9
17.596043,79.942154,0,4,17.91
17.586298,79.99087,0,4,17.9
17.576557,80.14676,0,4,17.9
17.55707,80.517,0,4,17.9
17.596043,80.59494,0,4,17.92
17.508354,80.78007,1,4,17.92
17.469383,80.99441,0,4,17.93
17.449896,81.130806,1,4,17.94
17.440153,81.24773,0,4,17.96
17.440153,81.34516,0,4,18.0
17.449896,81.38413,1,4,18.0
17.440153,81.36465,1,4,17.98
17.440153,81.34516,0,4,17.99
17.440153,81.393875,0,4,18.06
17.459639,81.34516,1,4,18.05
17.459639,81.33542,1,4,18.02
17.469383,81.37439,0,4,18.05
17.479126,81.34516,0,4,18.05
17.498611,81.26722,1,4,18.04
17.537584,81.276955,0,4,18.03
17.537584,81.00415,0,4,18.03
17.518097,80.984665,0,4,18.03
17.527842,80.95543,0,4,18.02
17.596043,80.90672,0,4,18.0
17.586298,80.799545,0,4,18.01
17.55707,80.7898,0,4,18.01
17.586298,80.88723,0,4,18.02
17.586298,80.877495,0,4,18.03
17.576557,80.760574,0,4,18.04
17.566814,80.81903,0,4,18.04
17.566814,80.799545,0,4,18.05
17.566814,80.81903,0,4,18.05
17.55707,80.82877,1,4,18.05
17.537584,80.90672,0,4,18.06
17.547327,80.93595,0,4,18.06
17.547327,81.10158,0,4,18.07
17.55707,80.99441,0,4,18.05
17.566814,81.01389,0,4,18.06
17.576557,80.984665,0,4,18.06
17.576557,80.984665,0,4,18.05
17.586298,80.99441,0,4,18.06
17.586298,81.06261,0,4,18.07
17.586298,81.23798,1,4,18.06
17.596043,81.06261,0,4,18.06
17.596043,81.06261,0,4,18.05
17.605785,81.11133,0,4,18.06
17.586298,81.0821,0,4,18.06
17.596043,81.0821,0,4,18.06
17.596043,81.130806,0,4,18.06
17.586298,81.04312,1,4,18.06
17.605785,81.1503,0,4,18.06
17.596043,81.05287,0,4,18.07
17.586298,80.96518,0,4,18.07
17.596043,81.04312,0,4,18.07
17.596043,81.07235,0,4,18.06
17.596043,81.03338,0,4,18.05
17.596043,81.09184,0,4,18.05
17.596043,81.0821,0,4,18.05
17.605785,81.1503,0,4,18.05
17.596043,81.07235,0,4,18.05
17.605785,81.16004,0,4,18.05
17.605785,81.07235,0,4,18.05
17.596043,80.99441,0,4,18.04
17.586298,81.00415,0,4,18.05
17.586298,80.945694,0,4,18.04
17.586298,80.99441,0,4,18.04
17.586298,81.02364,0,4,18.02
17.586298,81.01389,0,4,18.05
17.586298,81.02364,0,4,18.06
17.586298,81.00415,0,4,18.06
17.586298,81.03338,0,4,18.06
17.586298,81.04312,1,4,18.05
17.576557,81.09184,1,4,18.07
17.586298,81.12107,0,4,18.07
17.576557,81.12107,0,4,18.09
17.576557,81.14056,0,4,18.11
17.55707,81.1503,1,4,18.12
17.586298,81.10158,0,4,18.11
17.596043,81.11133,0,4,18.09
17.596043,81.10158,0,4,18.07
17.596043,81.130806,0,4,18.07
17.586298,81.10158,1,4,18.08
17.605785,81.0821,0,4,18.07
17.605785,80.99441,1,4,18.07
17.625273,80.9262,0,4,18.07
17.644758,80.88723,0,4,18.07
17.654503,80.7898,1,4,18.09
17.644758,80.82877,0,4,18.1
17.625273,80.760574,1,4,18.09
17.605785,80.74109,1,4,18.08
17.605785,80.84827,1,4,18.08
17.615528,80.90672,0,4,18.08
17.605785,80.9262,0,4,18.13
17.605785,80.88723,0,4,18.14
17.605785,80.96518,1,4,18.13
17.605785,80.877495,0,4,18.11
17.625273,80.799545,0,4,18.12
17.635015,80.867744,1,4,18.11
17.625273,80.877495,1,4,18.09
17.615528,80.84827,0,4,18.09
17.615528,80.877495,0,4,18.08
17.664244,81.03338,1,4,18.07
17.673986,81.03338,1,4,18.07
17.664244,80.93595,0,4,18.06
17.644758,81.10158,0,4,18.05
17.654503,81.09184,1,4,18.05
17.644758,81.10158,0,4,18.04
17.625273,81.12107,0,4,18.03
17.625273,81.17953,0,4,18.02
17.615528,81.208755,1,4,18.02
17.615528,81.24773,0,4,18.02
17.605785,81.286705,0,4,18.01
17.605785,81.31593,1,4,18.01
17.596043,81.38413,1,4,18.0
17.586298,81.38413,0,4,18.01
17.586298,81.393875,0,4,18.01
17.576557,81.43285,0,4,18.0
17.566814,81.44259,0,4,18.01
17.55707,81.4913,0,4,18.0
17.55707,81.53028,1,4,17.99
17.55707,81.52053,1,4,17.99
17.547327,81.54976,0,4,17.99
17.547327,81.63745,0,3,17.99
17.537584,81.617966,0,3,18.0
17.547327,81.65694,0,3,18.01
17.547327,81.63745,0,3,18.01
17.537584,81.60822,0,3,18.01
17.547327,81.6472,0,3,18.0
17.537584,81.66668,0,3,17.99
17.527842,81.69591,0,3,17.99
17.527842,81.74463,0,3,17.98
17.527842,81.74463,0,3,17.97
17.537584,81.7154,1,3,17.97
17.547327,81.871284,0,3,17.97
17.547327,81.77386,0,3,18.01
17.547327,81.764114,0,3,18.01
17.537584,81.69591,0,3,17.99
17.527842,81.70566,0,3,17.97
17.527842,81.70566,0,3,17.96
17.527842,81.7154,0,3,17.95
17.518097,81.66668,0,3,17.95
17.508354,81.6472,0,3,17.95
17.508354,81.686165,0,3,17.95
17.547327,81.95898,0,3,17.94
17.547327,81.77386,0,3,17.93
17.527842,81.74463,0,3,17.94
17.508354,81.725136,0,3,17.93
17.498611,81.70566,0,3,17.93
17.488869,81.70566,0,3,17.93
17.488869,81.686165,0,3,17.92
17.488869,81.67643,0,3,17.92
17.488869,81.65694,0,3,17.91
17.488869,81.6472,0,3,17.91
17.479126,81.6472,0,1,17.9
17.469383,81.63745,0,1,17.89
17.479126,81.62771,0,1,17.89
17.469383,81.60822,0,1,17.89
17.469383,81.617966,0,1,17.89
17.469383,81.62771,0,1,17.88
17.459639,81.63745,0,1,17.88
17.459639,81.63745,0,1,17.87
17.449896,81.67643,0,1,17.88
17.449896,81.686165,0,1,17.87
17.440153,81.686165,0,1,17.87
17.430408,81.725136,0,1,17.87
17.430408,81.734886,0,1,17.87
17.430408,81.74463,0,1,17.85
17.430408,81.69591,0,1,17.85
17.420666,81.7154,1,1,17.85
17.420666,81.734886,0,2,17.88
17.410925,81.75437,0,2,17.89
17.420666,81.764114,1,2,17.9
17.410925,81.764114,0,2,17.91
17.410925,81.734886,0,2,17.92
17.410925,81.764114,0,2,17.93
17.410925,81.7836,0,2,17.93
17.391438,81.764114,0,2,17.93
17.391438,81.79334,0,2,17.93
17.391438,81.86154,1,2,17.94
17.420666,81.75437,0,2,17.94
17.430408,81.66668,0,2,17.94
17.440153,81.617966,0,2,17.93
17.449896,81.62771,0,2,17.93
18.304274,80.495056,0,4,17.89
18.234676,79.93828,0,4,17.86
18.145193,79.93828,0,4,17.85
18.05571,79.59029,0,4,17.87
17.966227,79.84879,0,4,17.87
17.846916,79.431206,0,4,17.84
17.846916,79.83885,0,4,17.86
17.8668,79.560455,0,4,17.85
17.8668,79.77919,0,4,17.86
17.836973,80.00787,0,4,17.86
17.78726,79.729485,0,4,17.85
17.757433,80.23655,0,4,17.86
17.74749,80.1073,0,4,17.87
17.767376,80.70385,0,4,17.88
17.767376,80.59448,0,4,17.87
17.737547,79.82891,0,4,17.87
17.757433,80.53483,0,4,17.87
17.74749,79.90845,0,4,17.86
17.757433,80.59448,0,4,17.84
17.757433,80.047646,0,4,17.87
17.74749,80.29621,0,4,17.89
17.757433,80.166954,0,4,17.89
17.767376,80.355865,0,4,17.87
17.777317,80.514946,0,4,17.84
17.767376,80.166954,0,4,17.82
17.767376,80.027756,0,4,17.83
17.767376,79.88856,0,4,17.86
17.757433,80.1073,0,4,17.89
17.737547,79.431206,0,4,17.86
17.767376,80.15701,0,4,17.84
17.78726,80.28626,0,4,17.84
17.78726,79.84879,0,4,17.84
17.767376,79.76926,0,4,17.81
17.737547,79.80902,0,4,17.84
17.717663,79.65989,0,4,17.85
17.727606,79.87862,0,4,17.84
17.757433,80.166954,0,4,17.86
17.78726,80.31609,0,4,17.84
17.757433,79.82891,0,4,17.83
17.737547,79.95816,0,4,17.84
17.737547,80.206726,0,4,17.83
17.737547,79.94822,0,4,17.83
17.70772,79.5008,1,4,17.83
17.737547,80.027756,0,4,17.83
17.74749,80.306145,0,4,17.8
17.737547,80.27632,0,4,17.84
17.757433,80.29621,0,4,17.84
17.737547,80.196785,0,4,17.85
17.727606,79.93828,0,4,17.82
17.737547,80.07747,0,4,17.81
17.727606,79.91839,0,4,17.87
17.727606,80.12718,0,4,17.91
17.727606,80.25644,0,4,17.97
17.727606,80.15701,0,4,18.01
17.697777,79.82891,0,4,18.04
17.737547,79.77919,0,4,18.01
17.737547,79.81896,0,4,18.03
17.74749,80.27632,0,4,18.0
17.717663,80.1073,0,4,17.93
17.70772,80.38569,0,4,17.88
17.767376,80.28626,0,4,17.87
17.807146,79.99793,0,4,17.88
17.8668,80.355865,0,4,17.91
17.906572,80.26638,0,4,17.89
17.9364,80.176895,0,4,17.86
17.906572,79.73942,0,4,17.88
17.926456,79.868675,0,4,17.89
17.89663,80.05758,0,4,17.91
17.82703,80.01782,0,4,17.9
17.777317,79.9681,0,4,17.93
17.767376,80.13712,0,4,17.94
17.777317,80.31609,0,4,17.94
17.807146,80.21667,0,4,17.95
17.78726,80.23655,0,4,17.93
17.757433,80.196785,0,4,17.96
17.777317,80.505005,0,4,17.97
17.78726,80.61437,0,4,17.96
17.807146,80.61437,0,4,17.96
17.797203,80.44535,0,4,17.93
17.82703,80.624306,0,4,17.93
17.836973,80.634254,0,4,17.94
17.836973,80.67403,0,4,17.94
17.846916,80.68397,0,4,17.95
17.82703,80.485115,0,4,17.96
17.856857,80.75357,0,4,17.96
17.8668,80.67403,0,4,17.96
17.856857,80.67403,0,4,17.96
17.856857,80.475174,0,4,17.96
17.82703,80.34592,0,4,17.98
17.82703,80.644196,0,4,17.96
17.836973,80.4354,0,4,17.94
17.836973,80.46523,0,4,17.93
17.846916,80.72374,0,4,17.94
17.856857,80.52489,0,4,17.95
17.856857,80.505005,0,4,17.99
17.856857,80.4354,0,4,18.04
17.856857,80.60442,0,4,18.05
17.856857,80.66408,0,4,18.04
17.876743,80.61437,0,4,18.04
17.856857,80.644196,0,4,18.03
17.836973,80.654144,0,4,18.03
17.82703,80.73368,0,4,18.02
17.836973,80.92259,0,4,18.01
17.846916,81.06178,0,4,18.02
17.886686,81.21092,0,4,18.02
17.9364,81.250694,0,4,18.02
17.94634,81.07173,0,4,18.03
17.9364,81.00213,0,4,18.02
17.9364,80.99219,0,4,18.03
17.926456,80.89276,0,4,17.99
17.926456,80.87287,0,4,17.99
17.916513,80.84305,0,4,17.96
17.906572,80.96236,0,4,17.98
17.916513,80.94248,0,4,18.01
17.916513,80.793335,0,4,18.06
17.916513,80.72374,0,4,18.06
17.926456,80.86294,0,4,18.05
17.916513,80.86294,0,4,18.04
17.926456,80.91264,0,4,18.02
17.886686,80.83311,0,4,18.06
17.886686,80.85299,0,4,17.97
17.856857,81.05184,0,4,17.93
17.876743,81.52908,0,4,17.91
17.906572,81.73788,0,4,17.9
17.956284,81.698105,0,4,17.9
17.956284,81.578804,0,4,17.91
17.94634,81.62851,0,4,17.9
17.9364,81.7876,0,4,17.9
17.916513,82.16541,0,4,17.9
17.956284,82.24495,0,4,17.92
17.8668,82.43386,1,4,17.92
17.82703,82.652596,0,4,17.93
17.807146,82.79179,1,4,17.94
17.797203,82.9111,0,4,17.96
17.797203,83.01053,0,4,18.0
17.807146,83.0503,1,4,18.0
17.797203,83.03042,1,4,17.98
17.797203,83.01053,0,4,17.99
17.797203,83.06024,0,4,18.06
17.81709,83.01053,1,4,18.05
17.81709,83.00059,1,4,18.02
17.82703,83.04035,0,4,18.05
17.836973,83.01053,0,4,18.05
17.856857,82.93099,1,4,18.04
17.89663,82.94093,0,4,18.03
17.89663,82.66254,0,4,18.03
17.876743,82.642654,0,4,18.03
17.886686,82.61282,0,4,18.02
17.956284,82.56312,0,4,18.0
17.94634,82.45374,0,4,18.01
17.916513,82.4438,0,4,18.01
17.94634,82.54323,0,4,18.02
17.94634,82.53329,0,4,18.03
17.9364,82.41397,0,4,18.04
17.926456,82.473625,0,4,18.04
17.926456,82.45374,0,4,18.05
17.926456,82.473625,0,4,18.05
17.916513,82.483574,1,4,18.05
17.89663,82.56312,0,4,18.06
17.906572,82.59294,0,4,18.06
17.906572,82.76196,0,4,18.07
17.916513,82.652596,0,4,18.05
17.926456,82.672485,0,4,18.06
17.9364,82.642654,0,4,18.06
17.9364,82.642654,0,4,18.05
17.94634,82.652596,0,4,18.06
17.94634,82.72219,0,4,18.07
17.94634,82.90116,1,4,18.06
17.956284,82.72219,0,4,18.06
17.956284,82.72219,0,4,18.05
17.966227,82.77191,0,4,18.06
17.94634,82.74208,0,4,18.06
17.956284,82.74208,0,4,18.06
17.956284,82.79179,0,4,18.06
17.94634,82.70231,1,4,18.06
17.966227,82.811676,0,4,18.06
17.956284,82.71226,0,4,18.07
17.94634,82.622765,0,4,18.07
17.956284,82.70231,0,4,18.07
17.956284,82.73214,0,4,18.06
17.956284,82.69237,0,4,18.05
17.956284,82.75203,0,4,18.05
17.956284,82.74208,0,4,18.05
17.966227,82.811676,0,4,18.05
17.956284,82.73214,0,4,18.05
17.966227,82.821625,0,4,18.05
17.966227,82.73214,0,4,18.05
17.956284,82.652596,0,4,18.04
17.94634,82.66254,0,4,18.05
17.94634,82.60288,0,4,18.04
17.94634,82.652596,0,4,18.04
17.94634,82.68243,0,4,18.02
17.94634,82.672485,0,4,18.05
17.94634,82.68243,0,4,18.06
17.94634,82.66254,0,4,18.06
17.94634,82.69237,0,4,18.06
17.94634,82.70231,1,4,18.05
17.9364,82.75203,1,4,18.07
17.94634,82.78185,0,4,18.07
17.9364,82.78185,0,4,18.09
17.9364,82.801735,0,4,18.11
17.916513,82.811676,1,4,18.12
17.94634,82.76196,0,4,18.11
17.956284,82.77191,0,4,18.09
17.956284,82.76196,0,4,18.07
17.956284,82.79179,0,4,18.07
17.94634,82.76196,1,4,18.08
17.966227,82.74208,0,4,18.07
17.966227,82.652596,1,4,18.07
17.986113,82.583,0,4,18.07
18.005997,82.54323,0,4,18.07
18.01594,82.4438,1,4,18.09
18.005997,82.483574,0,4,18.1
17.986113,82.41397,1,4,18.09
17.966227,82.3941,1,4,18.08
17.966227,82.50346,1,4,18.08
17.97617,82.56312,0,4,18.08
17.966227,82.583,0,4,18.13
17.966227,82.54323,0,4,18.14
17.966227,82.622765,1,4,18.13
17.966227,82.53329,0,4,18.11
17.986113,82.45374,0,4,18.12
17.996056,82.523346,1,4,18.11
17.986113,82.53329,1,4,18.09
17.97617,82.50346,0,4,18.09
17.97617,82.53329,0,4,18.08
18.02588,82.69237,1,4,18.07
18.035824,82.69237,1,4,18.07
18.02588,82.59294,0,4,18.06
18.005997,82.76196,0,4,18.05
18.01594,82.75203,1,4,18.05
18.005997,82.76196,0,4,18.04
17.986113,82.78185,0,4,18.03
17.986113,82.84151,0,4,18.02
17.97617,82.87133,1,4,18.02
17.97617,82.9111,0,4,18.02
17.966227,82.950874,0,4,18.01
17.966227,82.9807,1,4,18.01
17.956284,83.0503,1,4,18.0
17.94634,83.0503,0,4,18.01
17.94634,83.06024,0,4,18.01
17.9364,83.10001,0,4,18.0
17.926456,83.109955,0,4,18.01
17.916513,83.15967,0,4,18.0
17.916513,83.19944,1,4,17.99
17.916513,83.18949,1,4,17.99
17.906572,83.21932,0,4,17.99
17.906572,83.30881,0,3,17.99
17.89663,83.28892,0,3,18.0
17.906572,83.32869,0,3,18.01
17.906572,83.30881,0,3,18.01
17.89663,83.278984,0,3,18.01
17.906572,83.318756,0,3,18.0
17.89663,83.33863,0,3,17.99
17.886686,83.36846,0,3,17.99
17.886686,83.418175,0,3,17.98
17.886686,83.418175,0,3,17.97
17.89663,83.38835,1,3,17.97
17.906572,83.547424,0,3,17.97
17.906572,83.448006,0,3,18.01
17.906572,83.43806,0,3,18.01
17.89663,83.36846,0,3,17.99
17.886686,83.3784,0,3,17.97
17.886686,83.3784,0,3,17.96
17.886686,83.38835,0,3,17.95
17.876743,83.33863,0,3,17.95
17.8668,83.318756,0,3,17.95
17.8668,83.35851,0,3,17.95
17.906572,83.63692,0,3,17.94
17.906572,83.448006,0,3,17.93
17.886686,83.418175,0,3,17.94
17.8668,83.398285,0,3,17.93
17.856857,83.3784,0,3,17.93
17.846916,83.3784,0,3,17.93
17.846916,83.35851,0,3,17.92
17.846916,83.34858,0,3,17.92
17.846916,83.32869,0,3,17.91
17.846916,83.318756,0,3,17.91
17.836973,83.318756,0,1,17.9
17.82703,83.30881,0,1,17.89
17.836973,83.29887,0,1,17.89
17.82703,83.278984,0,1,17.89
17.82703,83.28892,0,1,17.89
17.82703,83.29887,0,1,17.88
17.81709,83.30881,0,1,17.88
17.81709,83.30881,0,1,17.87
17.807146,83.34858,0,1,17.88
17.807146,83.35851,0,1,17.87
17.797203,83.35851,0,1,17.87
17.78726,83.398285,0,1,17.87
17.78726,83.40823,0,1,17.87
17.78726,83.418175,0,1,17.85
17.78726,83.36846,0,1,17.85
17.777317,83.38835,1,1,17.85
17.777317,83.40823,0,2,17.88
17.767376,83.42812,0,2,17.89
17.777317,83.43806,1,2,17.9
17.767376,83.43806,0,2,17.91
17.767376,83.40823,0,2,17.92
17.767376,83.43806,0,2,17.93
17.767376,83.45795,0,2,17.93
17.74749,83.43806,0,2,17.93
17.74749,83.46789,0,2,17.93
17.74749,83.53748,1,2,17.94
17.777317,83.42812,0,2,17.94
17.78726,83.33863,0,2,17.94
17.797203,83.28892,0,2,17.93
17.807146,83.29887,0,2,17.93
17.400959,76.52263,0,4,17.89
17.334795,75.993324,0,4,17.86
17.24973,75.993324,0,4,17.85
17.164661,75.66251,0,4,17.87
17.079594,75.90826,0,4,17.87
16.966171,75.51128,0,4,17.84
16.966171,75.89881,0,4,17.86
16.985075,75.63415,0,4,17.85
16.985075,75.842094,0,4,17.86
16.95672,76.05949,0,4,17.86
16.90946,75.79484,0,4,17.85
16.881105,76.27688,0,4,17.86
16.871653,76.15401,0,4,17.87
16.890556,76.72112,0,4,17.88
16.890556,76.61715,0,4,17.87
16.8622,75.88936,0,4,17.87
16.881105,76.56044,0,4,17.87
16.871653,75.96497,0,4,17.86
16.881105,76.61715,0,4,17.84
16.881105,76.0973,0,4,17.87
16.871653,76.333595,0,4,17.89
16.881105,76.21072,0,4,17.89
16.890556,76.390305,0,4,17.87
16.900007,76.54154,0,4,17.84
16.890556,76.21072,0,4,17.82
16.890556,76.07839,0,4,17.83
16.890556,75.94606,0,4,17.86
16.881105,76.15401,0,4,17.89
16.8622,75.51128,0,4,17.86
16.890556,76.20127,0,4,17.84
16.90946,76.32414,0,4,17.84
16.90946,75.90826,0,4,17.84
16.890556,75.83265,0,4,17.81
16.8622,75.870445,0,4,17.84
16.843296,75.728676,0,4,17.85
16.852749,75.93661,0,4,17.84
16.881105,76.21072,0,4,17.86
16.90946,76.35249,0,4,17.84
16.881105,75.88936,0,4,17.83
16.8622,76.01223,0,4,17.84
16.8622,76.24853,0,4,17.83
16.8622,76.00278,0,4,17.83
16.833845,75.57744,1,4,17.83
16.8622,76.07839,0,4,17.83
16.871653,76.34304,0,4,17.8
16.8622,76.31469,0,4,17.84
16.881105,76.333595,0,4,17.84
16.8622,76.239075,0,4,17.85
16.852749,75.993324,0,4,17.82
16.8622,76.125656,0,4,17.81
16.852749,75.97442,0,4,17.87
16.852749,76.172905,0,4,17.91
16.852749,76.295784,0,4,17.97
16.852749,76.20127,0,4,18.01
16.824392,75.88936,0,4,18.04
16.8622,75.842094,0,4,18.01
16.8622,75.8799,0,4,18.03
16.871653,76.31469,0,4,18.0
16.843296,76.15401,0,4,17.93
16.833845,76.41866,0,4,17.88
16.890556,76.32414,0,4,17.87
16.928364,76.05003,0,4,17.88
16.985075,76.390305,0,4,17.91
17.022882,76.305244,0,4,17.89
17.051239,76.22017,0,4,17.86
17.022882,75.80428,0,4,17.88
17.041788,75.92716,0,4,17.89
17.013432,76.10674,0,4,17.91
16.947268,76.06895,0,4,17.9
16.900007,76.02168,0,4,17.93
16.890556,76.182365,0,4,17.94
16.900007,76.35249,0,4,17.94
16.928364,76.25798,0,4,17.95
16.90946,76.27688,0,4,17.93
16.881105,76.239075,0,4,17.96
16.900007,76.53208,0,4,17.97
16.90946,76.636055,0,4,17.96
16.928364,76.636055,0,4,17.96
16.918911,76.47537,0,4,17.93
16.947268,76.6455,0,4,17.93
16.95672,76.65496,0,4,17.94
16.95672,76.692764,0,4,17.94
16.966171,76.70222,0,4,17.95
16.947268,76.513176,0,4,17.96
16.975622,76.76838,0,4,17.96
16.985075,76.692764,0,4,17.96
16.975622,76.692764,0,4,17.96
16.975622,76.50373,0,4,17.96
16.947268,76.38085,0,4,17.98
16.947268,76.66441,0,4,17.96
16.95672,76.46592,0,4,17.94
16.95672,76.49428,0,4,17.93
16.966171,76.74003,0,4,17.94
16.975622,76.55099,0,4,17.95
16.975622,76.53208,0,4,17.99
16.975622,76.46592,0,4,18.04
16.975622,76.6266,0,4,18.05
16.975622,76.68331,0,4,18.04
16.994526,76.636055,0,4,18.04
16.975622,76.66441,0,4,18.03
16.95672,76.67387,0,4,18.03
16.947268,76.74947,0,4,18.02
16.95672,76.92906,0,4,18.01
16.966171,77.061386,0,4,18.02
17.003979,77.20317,0,4,18.02
17.051239,77.240974,0,4,18.02
17.06069,77.07085,0,4,18.03
17.051239,77.00468,0,4,18.02
17.051239,76.995224,0,4,18.03
17.041788,76.90071,0,4,17.99
17.041788,76.8818,0,4,17.99
17.032335,76.85345,0,4,17.96
17.022882,76.96687,0,4,17.98
17.032335,76.94797,0,4,18.01
17.032335,76.80619,0,4,18.06
17.032335,76.74003,0,4,18.06
17.041788,76.87235,0,4,18.05
17.032335,76.87235,0,4,18.04
17.041788,76.91961,0,4,18.02
17.003979,76.844,0,4,18.06
17.003979,76.8629,0,4,17.97
16.975622,77.05193,0,4,17.93
16.994526,77.50563,0,4,17.91
17.022882,77.70412,0,4,17.9
17.070143,77.66631,0,4,17.9
17.070143,77.552895,0,4,17.91
17.06069,77.60015,0,4,17.9
17.051239,77.75138,0,4,17.9
17.032335,78.11055,0,4,17.9
17.070143,78.186165,0,4,17.92
16.985075,78.36575,1,4,17.92
16.947268,78.57369,0,4,17.93
16.928364,78.70602,1,4,17.94
16.918911,78.81944,0,4,17.96
16.918911,78.91396,0,4,18.0
16.928364,78.95177,1,4,18.0
16.918911,78.93287,1,4,17.98
16.918911,78.91396,0,4,17.99
16.918911,78.96123,0,4,18.06
16.937817,78.91396,1,4,18.05
16.937817,78.90452,1,4,18.02
16.947268,78.942314,0,4,18.05
16.95672,78.91396,0,4,18.05
16.975622,78.83835,1,4,18.04
17.013432,78.8478,0,4,18.03
17.013432,78.583145,0,4,18.03
16.994526,78.56425,0,4,18.03
17.003979,78.53588,0,4,18.02
17.070143,78.48863,0,4,18.0
17.06069,78.38466,0,4,18.01
17.032335,78.375206,0,4,18.01
17.06069,78.46972,0,4,18.02
17.06069,78.46027,0,4,18.03
17.051239,78.34685,0,4,18.04
17.041788,78.40356,0,4,18.04
17.041788,78.38466,0,4,18.05
17.041788,78.40356,0,4,18.05
17.032335,78.41301,1,4,18.05
17.013432,78.48863,0,4,18.06
17.022882,78.51698,0,4,18.06
17.022882,78.677666,0,4,18.07
17.032335,78.57369,0,4,18.05
17.041788,78.5926,0,4,18.06
17.051239,78.56425,0,4,18.06
17.051239,78.56425,0,4,18.05
17.06069,78.57369,0,4,18.06
17.06069,78.639854,0,4,18.07
17.06069,78.80999,1,4,18.06
17.070143,78.639854,0,4,18.06
17.070143,78.639854,0,4,18.05
17.079594,78.68712,0,4,18.06
17.06069,78.65876,0,4,18.06
17.070143,78.65876,0,4,18.06
17.070143,78.70602,0,4,18.06
17.06069,78.62096,1,4,18.06
17.079594,78.72493,0,4,18.06
17.070143,78.63041,0,4,18.07
17.06069,78.54534,0,4,18.07
17.070143,78.62096,0,4,18.07
17.070143,78.64931,0,4,18.06
17.070143,78.6115,0,4,18.05
17.070143,78.66822,0,4,18.05
17.070143,78.65876,0,4,18.05
17.079594,78.72493,0,4,18.05
17.070143,78.64931,0,4,18.05
17.079594,78.73438,0,4,18.05
17.079594,78.64931,0,4,18.05
17.070143,78.57369,0,4,18.04
17.06069,78.583145,0,4,18.05
17.06069,78.526436,0,4,18.04
17.06069,78.57369,0,4,18.04
17.06069,78.60205,0,4,18.02
17.06069,78.5926,0,4,18.05
17.06069,78.60205,0,4,18.06
17.06069,78.583145,0,4,18.06
17.06069,78.6115,0,4,18.06
17.06069,78.62096,1,4,18.05
17.051239,78.66822,1,4,18.07
17.06069,78.69657,0,4,18.07
17.051239,78.69657,0,4,18.09
17.051239,78.71547,0,4,18.11
17.032335,78.72493,1,4,18.12
17.06069,78.677666,0,4,18.11
17.070143,78.68712,0,4,18.09
17.070143,78.677666,0,4,18.07
17.070143,78.70602,0,4,18.07
17.06069,78.677666,1,4,18.08
17.079594,78.65876,0,4,18.07
17.079594,78.57369,1,4,18.07
17.098497,78.50753,0,4,18.07
17.117403,78.46972,0,4,18.07
17.126854,78.375206,1,4,18.09
17.117403,78.41301,0,4,18.1
17.098497,78.34685,1,4,18.09
17.079594,78.32795,1,4,18.08
17.079594,78.43192,1,4,18.08
17.089046,78.48863,0,4,18.08
17.079594,78.50753,0,4,18.13
17.079594,78.46972,0,4,18.14
17.079594,78.54534,1,4,18.13
17.079594,78.46027,0,4,18.11
17.098497,78.38466,0,4,18.12
17.10795,78.45082,1,4,18.11
17.098497,78.46027,1,4,18.09
17.089046,78.43192,0,4,18.09
17.089046,78.46027,0,4,18.08
17.136305,78.6115,1,4,18.07
17.145758,78.6115,1,4,18.07
17.136305,78.51698,0,4,18.06
17.117403,78.677666,0,4,18.05
17.126854,78.66822,1,4,18.05
17.117403,78.677666,0,4,18.04
17.098497,78.69657,0,4,18.03
17.098497,78.75328,0,4,18.02
17.089046,78.78164,1,4,18.02
17.089046,78.81944,0,4,18.02
17.079594,78.857254,0,4,18.01
17.079594,78.885605,1,4,18.01
17.070143,78.95177,1,4,18.0
17.06069,78.95177,0,4,18.01
17.06069,78.96123,0,4,18.01
17.051239,78.99903,0,4,18.0
17.041788,79.00848,0,4,18.01
17.032335,79.05574,0,4,18.0
17.032335,79.09355,1,4,17.99
17.032335,79.0841,1,4,17.99
17.022882,79.11245,0,4,17.99
17.022882,79.197525,0,3,17.99
17.013432,79.17861,0,3,18.0
17.022882,79.21642,0,3,18.01
17.022882,79.197525,0,3,18.01
17.013432,79.16917,0,3,18.01
17.022882,79.20698,0,3,18.0
17.013432,79.225876,0,3,17.99
17.003979,79.254234,0,3,17.99
17.003979,79.30149,0,3,17.98
17.003979,79.30149,0,3,17.97
17.013432,79.27314,1,3,17.97
17.022882,79.42436,0,3,17.97
17.022882,79.32985,0,3,18.01
17.022882,79.3204,0,3,18.01
17.013432,79.254234,0,3,17.99
17.003979,79.26369,0,3,17.97
17.003979,79.26369,0,3,17.96
17.003979,79.27314,0,3,17.95
16.994526,79.225876,0,3,17.95
16.985075,79.20698,0,3,17.95
16.985075,79.244774,0,3,17.95
17.022882,79.50944,0,3,17.94
17.022882,79.32985,0,3,17.93
17.003979,79.30149,0,3,17.94
16.985075,79.282585,0,3,17.93
16.975622,79.26369,0,3,17.93
16.966171,79.26369,0,3,17.93
16.966171,79.244774,0,3,17.92
16.966171,79.23533,0,3,17.92
16.966171,79.21642,0,3,17.91
16.966171,79.20698,0,3,17.91
16.95672,79.20698,0,1,17.9
16.947268,79.197525,0,1,17.89
16.95672,79.188065,0,1,17.89
16.947268,79.16917,0,1,17.89
16.947268,79.17861,0,1,17.89
16.947268,79.188065,0,1,17.88
16.937817,79.197525,0,1,17.88
16.937817,79.197525,0,1,17.87
16.928364,79.23533,0,1,17.88
16.928364,79.244774,0,1,17.87
16.918911,79.244774,0,1,17.87
16.90946,79.282585,0,1,17.87
16.90946,79.29204,0,1,17.87
16.90946,79.30149,0,1,17.85
16.90946,79.254234,0,1,17.85
16.900007,79.27314,1,1,17.85
16.900007,79.29204,0,2,17.88
16.890556,79.31095,0,2,17.89
16.900007,79.3204,1,2,17.9
16.890556,79.3204,0,2,17.91
16.890556,79.29204,0,2,17.92
16.890556,79.3204,0,2,17.93
16.890556,79.3393,0,2,17.93
16.871653,79.3204,0,2,17.93
16.871653,79.34875,0,2,17.93
16.871653,79.41491,1,2,17.94
16.900007,79.31095,0,2,17.94
16.90946,79.225876,0,2,17.94
16.918911,79.17861,0,2,17.93
16.928364,79.188065,0,2,17.93
18.541729,81.09173,0,4,17.89
18.47173,80.53173,0,4,17.86
18.38173,80.53173,0,4,17.85
18.291729,80.18173,0,4,17.87
18.201729,80.44173,0,4,17.87
18.08173,80.02173,0,4,17.84
18.08173,80.43173,0,4,17.86
18.101728,80.151726,0,4,17.85
18.101728,80.37173,0,4,17.86
18.07173,80.60173,0,4,17.86
18.021729,80.32173,0,4,17.85
17.99173,80.831726,0,4,17.86
17.98173,80.70173,0,4,17.87
18.00173,81.30173,0,4,17.88
18.00173,81.19173,0,4,17.87
17.97173,80.42173,0,4,17.87
17.99173,81.13173,0,4,17.87
17.98173,80.50173,0,4,17.86
17.99173,81.19173,0,4,17.84
17.99173,80.64173,0,4,17.87
17.98173,80.89173,0,4,17.89
17.99173,80.76173,0,4,17.89
18.00173,80.95173,0,4,17.87
18.011728,81.11173,0,4,17.84
18.00173,80.76173,0,4,17.82
18.00173,80.62173,0,4,17.83
18.00173,80.48173,0,4,17.86
17.99173,80.70173,0,4,17.89
17.97173,80.02173,0,4,17.86
18.00173,80.75173,0,4,17.84
18.021729,80.88173,0,4,17.84
18.021729,80.44173,0,4,17.84
18.00173,80.36173,0,4,17.81
17.97173,80.401726,0,4,17.84
17.951729,80.25173,0,4,17.85
17.96173,80.471725,0,4,17.84
17.99173,80.76173,0,4,17.86
18.021729,80.91173,0,4,17.84
17.99173,80.42173,0,4,17.83
17.97173,80.55173,0,4,17.84
17.97173,80.80173,0,4,17.83
17.97173,80.54173,0,4,17.83
17.941729,80.09173,1,4,17.83
17.97173,80.62173,0,4,17.83
17.98173,80.901726,0,4,17.8
17.97173,80.87173,0,4,17.84
17.99173,80.89173,0,4,17.84
17.97173,80.79173,0,4,17.85
17.96173,80.53173,0,4,17.82
17.97173,80.67173,0,4,17.81
17.96173,80.51173,0,4,17.87
17.96173,80.721725,0,4,17.91
17.96173,80.85173,0,4,17.97
17.96173,80.75173,0,4,18.01
17.931728,80.42173,0,4,18.04
17.97173,80.37173,0,4,18.01
17.97173,80.41173,0,4,18.03
17.98173,80.87173,0,4,18.0
17.951729,80.70173,0,4,17.93
17.941729,80.98173,0,4,17.88
18.00173,80.88173,0,4,17.87
18.041729,80.59173,0,4,17.88
18.101728,80.95173,0,4,17.91
18.14173,80.86173,0,4,17.89
18.17173,80.77173,0,4,17.86
18.14173,80.331726,0,4,17.88
18.16173,80.46173,0,4,17.89
18.13173,80.651726,0,4,17.91
18.06173,80.61173,0,4,17.9
18.011728,80.56173,0,4,17.93
18.00173,80.73173,0,4,17.94
18.011728,80.91173,0,4,17.94
18.041729,80.81173,0,4,17.95
18.021729,80.831726,0,4,17.93
17.99173,80.79173,0,4,17.96
18.011728,81.10173,0,4,17.97
18.021729,81.21173,0,4,17.96
18.041729,81.21173,0,4,17.96
18.031729,81.04173,0,4,17.93
18.06173,81.221725,0,4,17.93
18.07173,81.23173,0,4,17.94
18.07173,81.27173,0,4,17.94
18.08173,81.28173,0,4,17.95
18.06173,81.081726,0,4,17.96
18.091728,81.35173,0,4,17.96
18.101728,81.27173,0,4,17.96
18.091728,81.27173,0,4,17.96
18.091728,81.07173,0,4,17.96
18.06173,80.94173,0,4,17.98
18.06173,81.24173,0,4,17.96
18.07173,81.03173,0,4,17.94
18.07173,81.06173,0,4,17.93
18.08173,81.32173,0,4,17.94
18.091728,81.12173,0,4,17.95
18.091728,81.10173,0,4,17.99
18.091728,81.03173,0,4,18.04
18.091728,81.20173,0,4,18.05
18.091728,81.26173,0,4,18.04
18.111729,81.21173,0,4,18.04
18.091728,81.24173,0,4,18.03
18.07173,81.25173,0,4,18.03
18.06173,81.331726,0,4,18.02
18.07173,81.52173,0,4,18.01
18.08173,81.66173,0,4,18.02
18.121729,81.81173,0,4,18.02
18.17173,81.85173,0,4,18.02
18.181728,81.67173,0,4,18.03
18.17173,81.60173,0,4,18.02
18.17173,81.59173,0,4,18.03
18.16173,81.49173,0,4,17.99
18.16173,81.471725,0,4,17.99
18.15173,81.44173,0,4,17.96
18.14173,81.56173,0,4,17.98
18.15173,81.54173,0,4,18.01
18.15173,81.39173,0,4,18.06
18.15173,81.32173,0,4,18.06
18.16173,81.46173,0,4,18.05
18.15173,81.46173,0,4,18.04
18.16173,81.51173,0,4,18.02
18.121729,81.43173,0,4,18.06
18.121729,81.45173,0,4,17.97
18.091728,81.651726,0,4,17.93
18.111729,82.13173,0,4,17.91
18.14173,82.34173,0,4,17.9
18.191729,82.30173,0,4,17.9
18.191729,82.18173,0,4,17.91
18.181728,82.23173,0,4,17.9
18.17173,82.39173,0,4,17.9
18.15173,82.77173,0,4,17.9
18.191729,82.85173,0,4,17.92
18.101728,83.04173,1,4,17.92
18.06173,83.26173,0,4,17.93
18.041729,83.401726,1,4,17.94
18.031729,83.52173,0,4,17.96
18.031729,83.62173,0,4,18.0
18.041729,83.66173,1,4,18.0
18.031729,83.64173,1,4,17.98
18.031729,83.62173,0,4,17.99
18.031729,83.67173,0,4,18.06
18.05173,83.62173,1,4,18.05
18.05173,83.61173,1,4,18.02
18.06173,83.651726,0,4,18.05
18.07173,83.62173,0,4,18.05
18.091728,83.54173,1,4,18.04
18.13173,83.55173,0,4,18.03
18.13173,83.27173,0,4,18.03
18.111729,83.25173,0,4,18.03
18.121729,83.221725,0,4,18.02
18.191729,83.17173,0,4,18.0
18.181728,83.06173,0,4,18.01
18.15173,83.05173,0,4,18.01
18.181728,83.151726,0,4,18.02
18.181728,83.14173,0,4,18.03
18.17173,83.02173,0,4,18.04
18.16173,83.081726,0,4,18.04
18.16173,83.06173,0,4,18.05
18.16173,83.081726,0,4,18.05
18.15173,83.09173,1,4,18.05
18.13173,83.17173,0,4,18.06
18.14173,83.20173,0,4,18.06
18.14173,83.37173,0,4,18.07
18.15173,83.26173,0,4,18.05
18.16173,83.28173,0,4,18.06
18.17173,83.25173,0,4,18.06
18.17173,83.25173,0,4,18.05
18.181728,83.26173,0,4,18.06
18.181728,83.331726,0,4,18.07
18.181728,83.51173,1,4,18.06
18.191729,83.331726,0,4,18.06
18.191729,83.331726,0,4,18.05
18.201729,83.38173,0,4,18.06
18.181728,83.35173,0,4,18.06
18.191729,83.35173,0,4,18.06
18.191729,83.401726,0,4,18.06
18.181728,83.31173,1,4,18.06
18.201729,83.42173,0,4,18.06
18.191729,83.32173,0,4,18.07
18.181728,83.23173,0,4,18.07
18.191729,83.31173,0,4,18.07
18.191729,83.34173,0,4,18.06
18.191729,83.30173,0,4,18.05
18.191729,83.36173,0,4,18.05
18.191729,83.35173,0,4,18.05
18.201729,83.42173,0,4,18.05
18.191729,83.34173,0,4,18.05
18.201729,83.43173,0,4,18.05
18.201729,83.34173,0,4,18.05
18.191729,83.26173,0,4,18.04
18.181728,83.27173,0,4,18.05
18.181728,83.21173,0,4,18.04
18.181728,83.26173,0,4,18.04
18.181728,83.29173,0,4,18.02
18.181728,83.28173,0,4,18.05
18.181728,83.29173,0,4,18.06
18.181728,83.27173,0,4,18.06
18.181728,83.30173,0,4,18.06
18.181728,83.31173,1,4,18.05
18.17173,83.36173,1,4,18.07
18.181728,83.39173,0,4,18.07
18.17173,83.39173,0,4,18.09
18.17173,83.41173,0,4,18.11
18.15173,83.42173,1,4,18.12
18.181728,83.37173,0,4,18.11
18.191729,83.38173,0,4,18.09
18.191729,83.37173,0,4,18.07
18.191729,83.401726,0,4,18.07
18.181728,83.37173,1,4,18.08
18.201729,83.35173,0,4,18.07
18.201729,83.26173,1,4,18.07
18.22173,83.19173,0,4,18.07
18.24173,83.151726,0,4,18.07
18.25173,83.05173,1,4,18.09
18.24173,83.09173,0,4,18.1
18.22173,83.02173,1,4,18.09
18.201729,83.00173,1,4,18.08
18.201729,83.11173,1,4,18.08
18.21173,83.17173,0,4,18.08
18.201729,83.19173,0,4,18.13
18.201729,83.151726,0,4,18.14
18.201729,83.23173,1,4,18.13
18.201729,83.14173,0,4,18.11
18.22173,83.06173,0,4,18.12
18.23173,83.13173,1,4,18.11
18.22173,83.14173,1,4,18.09
18.21173,83.11173,0,4,18.09
18.21173,83.14173,0,4,18.08
18.261728,83.30173,1,4,18.07
18.271729,83.30173,1,4,18.07
18.261728,83.20173,0,4,18.06
18.24173,83.37173,0,4,18.05
18.25173,83.36173,1,4,18.05
18.24173,83.37173,0,4,18.04
18.22173,83.39173,0,4,18.03
18.22173,83.45173,0,4,18.02
18.21173,83.48173,1,4,18.02
18.21173,83.52173,0,4,18.02
18.201729,83.56173,0,4,18.01
18.201729,83.59173,1,4,18.01
18.191729,83.66173,1,4,18.0
18.181728,83.66173,0,4,18.01
18.181728,83.67173,0,4,18.01
18.17173,83.71173,0,4,18.0
18.16173,83.721725,0,4,18.01
18.15173,83.77173,0,4,18.0
18.15173,83.81173,1,4,17.99
18.15173,83.80173,1,4,17.99
18.14173,83.831726,0,4,17.99
18.14173,83.92173,0,3,17.99
18.13173,83.901726,0,3,18.0
18.14173,83.94173,0,3,18.01
18.14173,83.92173,0,3,18.01
18.13173,83.89173,0,3,18.01
18.14173,83.93173,0,3,18.0
18.13173,83.95173,0,3,17.99
18.121729,83.98173,0,3,17.99
18.121729,84.03173,0,3,17.98
18.121729,84.03173,0,3,17.97
18.13173,84.00173,1,3,17.97
18.14173,84.16173,0,3,17.97
18.14173,84.06173,0,3,18.01
18.14173,84.05173,0,3,18.01
18.13173,83.98173,0,3,17.99
18.121729,83.99173,0,3,17.97
18.121729,83.99173,0,3,17.96
18.121729,84.00173,0,3,17.95
18.111729,83.95173,0,3,17.95
18.101728,83.93173,0,3,17.95
18.101728,83.971725,0,3,17.95
18.14173,84.25173,0,3,17.94
18.14173,84.06173,0,3,17.93
18.121729,84.03173,0,3,17.94
18.101728,84.01173,0,3,17.93
18.091728,83.99173,0,3,17.93
18.08173,83.99173,0,3,17.93
18.08173,83.971725,0,3,17.92
18.08173,83.96173,0,3,17.92
18.08173,83.94173,0,3,17.91
18.08173,83.93173,0,3,17.91
18.07173,83.93173,0,1,17.9
18.06173,83.92173,0,1,17.89
18.07173,83.91173,0,1,17.89
18.06173,83.89173,0,1,17.89
18.06173,83.901726,0,1,17.89
18.06173,83.91173,0,1,17.88
18.05173,83.92173,0,1,17.88
18.05173,83.92173,0,1,17.87
18.041729,83.96173,0,1,17.88
18.041729,83.971725,0,1,17.87
18.031729,83.971725,0,1,17.87
18.021729,84.01173,0,1,17.87
18.021729,84.02173,0,1,17.87
18.021729,84.03173,0,1,17.85
18.021729,83.98173,0,1,17.85
18.011728,84.00173,1,1,17.85
18.011728,84.02173,0,2,17.88
18.00173,84.04173,0,2,17.89
18.011728,84.05173,1,2,17.9
18.00173,84.05173,0,2,17.91
18.00173,84.02173,0,2,17.92
18.00173,84.05173,0,2,17.93
18.00173,84.07173,0,2,17.93
17.98173,84.05173,0,2,17.93
17.98173,84.081726,0,2,17.93
17.98173,84.151726,1,2,17.94
18.011728,84.04173,0,2,17.94
18.021729,83.95173,0,2,17.94
18.031729,83.901726,0,2,17.93
18.041729,83.91173,0,2,17.93
18.143856,80.693855,0,4,17.89
18.073856,80.13386,0,4,17.86
17.983856,80.13386,0,4,17.85
17.893856,79.78386,0,4,17.87
17.803856,80.04385,0,4,17.87
17.683857,79.623856,0,4,17.84
17.683857,80.03386,0,4,17.86
17.703856,79.75385,0,4,17.85
17.703856,79.973854,0,4,17.86
17.673857,80.20386,0,4,17.86
17.623856,79.92386,0,4,17.85
17.593857,80.43385,0,4,17.86
17.583857,80.303856,0,4,17.87
17.603857,80.903854,0,4,17.88
17.603857,80.79385,0,4,17.87
17.573856,80.02386,0,4,17.87
17.593857,80.73386,0,4,17.87
17.583857,80.10386,0,4,17.86
17.593857,80.79385,0,4,17.84
17.593857,80.24386,0,4,17.87
17.583857,80.49386,0,4,17.89
17.593857,80.36385,0,4,17.89
17.603857,80.553856,0,4,17.87
17.613855,80.71386,0,4,17.84
17.603857,80.36385,0,4,17.82
17.603857,80.223854,0,4,17.83
17.603857,80.083855,0,4,17.86
17.593857,80.303856,0,4,17.89
17.573856,79.623856,0,4,17.86
17.603857,80.35386,0,4,17.84
17.623856,80.48386,0,4,17.84
17.623856,80.04385,0,4,17.84
17.603857,79.96386,0,4,17.81
17.573856,80.00385,0,4,17.84
17.553856,79.85386,0,4,17.85
17.563856,80.07385,0,4,17.84
17.593857,80.36385,0,4,17.86
17.623856,80.513855,0,4,17.84
17.593857,80.02386,0,4,17.83
17.573856,80.153854,0,4,17.84
17.573856,80.403854,0,4,17.83
17.573856,80.14386,0,4,17.83
17.543856,79.693855,1,4,17.83
17.573856,80.223854,0,4,17.83
17.583857,80.50385,0,4,17.8
17.573856,80.473854,0,4,17.84
17.593857,80.49386,0,4,17.84
17.573856,80.39386,0,4,17.85
17.563856,80.13386,0,4,17.82
17.573856,80.27386,0,4,17.81
17.563856,80.11385,0,4,17.87
17.563856,80.32385,0,4,17.91
17.563856,80.45386,0,4,17.97
17.563856,80.35386,0,4,18.01
17.533855,80.02386,0,4,18.04
17.573856,79.973854,0,4,18.01
17.573856,80.013855,0,4,18.03
17.583857,80.473854,0,4,18.0
17.553856,80.303856,0,4,17.93
17.543856,80.583855,0,4,17.88
17.603857,80.48386,0,4,17.87
17.643856,80.193855,0,4,17.88
17.703856,80.553856,0,4,17.91
17.743856,80.46386,0,4,17.89
17.773857,80.373856,0,4,17.86
17.743856,79.93385,0,4,17.88
17.763857,80.06386,0,4,17.89
17.733856,80.25385,0,4,17.91
17.663857,80.21386,0,4,17.9
17.613855,80.16386,0,4,17.93
17.603857,80.333855,0,4,17.94
17.613855,80.513855,0,4,17.94
17.643856,80.41386,0,4,17.95
17.623856,80.43385,0,4,17.93
17.593857,80.39386,0,4,17.96
17.613855,80.70386,0,4,17.97
17.623856,80.81386,0,4,17.96
17.643856,80.81386,0,4,17.96
17.633856,80.64386,0,4,17.93
17.663857,80.82385,0,4,17.93
17.673857,80.833855,0,4,17.94
17.673857,80.873856,0,4,17.94
17.683857,80.88386,0,4,17.95
17.663857,80.68385,0,4,17.96
17.693855,80.95386,0,4,17.96
17.703856,80.873856,0,4,17.96
17.693855,80.873856,0,4,17.96
17.693855,80.67386,0,4,17.96
17.663857,80.54385,0,4,17.98
17.663857,80.84386,0,4,17.96
17.673857,80.63386,0,4,17.94
17.673857,80.66386,0,4,17.93
17.683857,80.92386,0,4,17.94
17.693855,80.723854,0,4,17.95
17.693855,80.70386,0,4,17.99
17.693855,80.63386,0,4,18.04
17.693855,80.803856,0,4,18.05
17.693855,80.86385,0,4,18.04
17.713856,80.81386,0,4,18.04
17.693855,80.84386,0,4,18.03
17.673857,80.85386,0,4,18.03
17.663857,80.93385,0,4,18.02
17.673857,81.123856,0,4,18.01
17.683857,81.263855,0,4,18.02
17.723856,81.41386,0,4,18.02
17.773857,81.45386,0,4,18.02
17.783855,81.27386,0,4,18.03
17.773857,81.20386,0,4,18.02
17.773857,81.193855,0,4,18.03
17.763857,81.09386,0,4,17.99
17.763857,81.07385,0,4,17.99
17.753857,81.04385,0,4,17.96
17.743856,81.16386,0,4,17.98
17.753857,81.14386,0,4,18.01
17.753857,80.99386,0,4,18.06
17.753857,80.92386,0,4,18.06
17.763857,81.06386,0,4,18.05
17.753857,81.06386,0,4,18.04
17.763857,81.11385,0,4,18.02
17.723856,81.03386,0,4,18.06
17.723856,81.053856,0,4,17.97
17.693855,81.25385,0,4,17.93
17.713856,81.73386,0,4,17.91
17.743856,81.943855,0,4,17.9
17.793856,81.903854,0,4,17.9
17.793856,81.78386,0,4,17.91
17.783855,81.833855,0,4,17.9
17.773857,81.99386,0,4,17.9
17.753857,82.373856,0,4,17.9
17.793856,82.45386,0,4,17.92
17.703856,82.64386,1,4,17.92
17.663857,82.86385,0,4,17.93
17.643856,83.00385,1,4,17.94
17.633856,83.123856,0,4,17.96
17.633856,83.223854,0,4,18.0
17.643856,83.263855,1,4,18.0
17.633856,83.24386,1,4,17.98
17.633856,83.223854,0,4,17.99
17.633856,83.27386,0,4,18.06
17.653856,83.223854,1,4,18.05
17.653856,83.21386,1,4,18.02
17.663857,83.25385,0,4,18.05
17.673857,83.223854,0,4,18.05
17.693855,83.14386,1,4,18.04
17.733856,83.153854,0,4,18.03
17.733856,82.873856,0,4,18.03
17.713856,82.85386,0,4,18.03
17.723856,82.82385,0,4,18.02
17.793856,82.77386,0,4,18.0
17.783855,82.66386,0,4,18.01
17.753857,82.653854,0,4,18.01
17.783855,82.75385,0,4,18.02
17.783855,82.74386,0,4,18.03
17.773857,82.623856,0,4,18.04
17.763857,82.68385,0,4,18.04
17.763857,82.66386,0,4,18.05
17.763857,82.68385,0,4,18.05
17.753857,82.693855,1,4,18.05
17.733856,82.77386,0,4,18.06
17.743856,82.803856,0,4,18.06
17.743856,82.973854,0,4,18.07
17.753857,82.86385,0,4,18.05
17.763857,82.88386,0,4,18.06
17.773857,82.85386,0,4,18.06
17.773857,82.85386,0,4,18.05
17.783855,82.86385,0,4,18.06
17.783855,82.93385,0,4,18.07
17.783855,83.11385,1,4,18.06
17.793856,82.93385,0,4,18.06
17.793856,82.93385,0,4,18.05
17.803856,82.98386,0,4,18.06
17.783855,82.95386,0,4,18.06
17.793856,82.95386,0,4,18.06
17.793856,83.00385,0,4,18.06
17.783855,82.91386,1,4,18.06
17.803856,83.02386,0,4,18.06
17.793856,82.92386,0,4,18.07
17.783855,82.833855,0,4,18.07
17.793856,82.91386,0,4,18.07
17.793856,82.943855,0,4,18.06
17.793856,82.903854,0,4,18.05
17.793856,82.96386,0,4,18.05
17.793856,82.95386,0,4,18.05
17.803856,83.02386,0,4,18.05
17.793856,82.943855,0,4,18.05
17.803856,83.03386,0,4,18.05
17.803856,82.943855,0,4,18.05
17.793856,82.86385,0,4,18.04
17.783855,82.873856,0,4,18.05
17.783855,82.81386,0,4,18.04
17.783855,82.86385,0,4,18.04
17.783855,82.89386,0,4,18.02
17.783855,82.88386,0,4,18.05
17.783855,82.89386,0,4,18.06
17.783855,82.873856,0,4,18.06
17.783855,82.903854,0,4,18.06
17.783855,82.91386,1,4,18.05
17.773857,82.96386,1,4,18.07
17.783855,82.99386,0,4,18.07
17.773857,82.99386,0,4,18.09
17.773857,83.013855,0,4,18.11
17.753857,83.02386,1,4,18.12
17.783855,82.973854,0,4,18.11
17.793856,82.98386,0,4,18.09
17.793856,82.973854,0,4,18.07
17.793856,83.00385,0,4,18.07
17.783855,82.973854,1,4,18.08
17.803856,82.95386,0,4,18.07
17.803856,82.86385,1,4,18.07
17.823856,82.79385,0,4,18.07
17.843857,82.75385,0,4,18.07
17.853857,82.653854,1,4,18.09
17.843857,82.693855,0,4,18.1
17.823856,82.623856,1,4,18.09
17.803856,82.60386,1,4,18.08
17.803856,82.71386,1,4,18.08
17.813856,82.77386,0,4,18.08
17.803856,82.79385,0,4,18.13
17.803856,82.75385,0,4,18.14
17.803856,82.833855,1,4,18.13
17.803856,82.74386,0,4,18.11
17.823856,82.66386,0,4,18.12
17.833857,82.73386,1,4,18.11
17.823856,82.74386,1,4,18.09
17.813856,82.71386,0,4,18.09
17.813856,82.74386,0,4,18.08
17.863855,82.903854,1,4,18.07
17.873856,82.903854,1,4,18.07
17.863855,82.803856,0,4,18.06
17.843857,82.973854,0,4,18.05
17.853857,82.96386,1,4,18.05
17.843857,82.973854,0,4,18.04
17.823856,82.99386,0,4,18.03
17.823856,83.053856,0,4,18.02
17.813856,83.083855,1,4,18.02
17.813856,83.123856,0,4,18.02
17.803856,83.16386,0,4,18.01
17.803856,83.193855,1,4,18.01
17.793856,83.263855,1,4,18.0
17.783855,83.263855,0,4,18.01
17.783855,83.27386,0,4,18.01
17.773857,83.31386,0,4,18.0
17.763857,83.32385,0,4,18.01
17.753857,83.373856,0,4,18.0
17.753857,83.41386,1,4,17.99
17.753857,83.403854,1,4,17.99
17.743856,83.43385,0,4,17.99
17.743856,83.52386,0,3,17.99
17.733856,83.50385,0,3,18.0
17.743856,83.54385,0,3,18.01
17.743856,83.52386,0,3,18.01
17.733856,83.49386,0,3,18.01
17.743856,83.53386,0,3,18.0
17.733856,83.553856,0,3,17.99
17.723856,83.583855,0,3,17.99
17.723856,83.63386,0,3,17.98
17.723856,83.63386,0,3,17.97
17.733856,83.60386,1,3,17.97
17.743856,83.763855,0,3,17.97
17.743856,83.66386,0,3,18.01
17.743856,83.653854,0,3,18.01
17.733856,83.583855,0,3,17.99
17.723856,83.59386,0,3,17.97
17.723856,83.59386,0,3,17.96
17.723856,83.60386,0,3,17.95
17.713856,83.553856,0,3,17.95
17.703856,83.53386,0,3,17.95
17.703856,83.57385,0,3,17.95
17.743856,83.85386,0,3,17.94
17.743856,83.66386,0,3,17.93
17.723856,83.63386,0,3,17.94
17.703856,83.61385,0,3,17.93
17.693855,83.59386,0,3,17.93
17.683857,83.59386,0,3,17.93
17.683857,83.57385,0,3,17.92
17.683857,83.56386,0,3,17.92
17.683857,83.54385,0,3,17.91
17.683857,83.53386,0,3,17.91
17.673857,83.53386,0,1,17.9
17.663857,83.52386,0,1,17.89
17.673857,83.513855,0,1,17.89
17.663857,83.49386,0,1,17.89
17.663857,83.50385,0,1,17.89
17.663857,83.513855,0,1,17.88
17.653856,83.52386,0,1,17.88
17.653856,83.52386,0,1,17.87
17.643856,83.56386,0,1,17.88
17.643856,83.57385,0,1,17.87
17.633856,83.57385,0,1,17.87
17.623856,83.61385,0,1,17.87
17.623856,83.623856,0,1,17.87
17.623856,83.63386,0,1,17.85
17.623856,83.583855,0,1,17.85
17.613855,83.60386,1,1,17.85
17.613855,83.623856,0,2,17.88
17.603857,83.64386,0,2,17.89
17.613855,83.653854,1,2,17.9
17.603857,83.653854,0,2,17.91
17.603857,83.623856,0,2,17.92
17.603857,83.653854,0,2,17.93
17.603857,83.67386,0,2,17.93
17.583857,83.653854,0,2,17.93
17.583857,83.68385,0,2,17.93
17.583857,83.75385,1,2,17.94
17.613855,83.64386,0,2,17.94
17.623856,83.553856,0,2,17.94
17.633856,83.50385,0,2,17.93
17.643856,83.513855,0,2,17.93
18.157316,80.78082,0,4,17.89
18.152008,82.25307,0,3,17.929825
18.082825,80.4418,0,4,17.876122
18.005444,80.20456,0,4,17.87
18.04243,80.82769,0,4,17.882254
18.004644,81.214066,0,4,17.940882
18.000053,81.75156,0,4,17.965113
18.034765,81.98062,1,4,17.950092
17.984034,81.938095,0,4,17.911457
17.95913,82.59333,0,3,17.917389
17.879227,80.658646,0,4,17.860775
17.956064,81.88638,0,4,17.95126
17.943668,81.80848,0,4,17.958464
17.953474,82.92891,0,3,17.915775
17.913265,82.06952,0,4,17.906055
17.86306,80.51599,0,4,17.856163
17.912144,80.98436,0,4,17.932571
17.90807,82.0492,0,4,17.903553
17.933449,81.74203,0,4,17.934435
17.947418,80.95802,0,4,17.962883
17.921654,81.44722,0,4,17.951881
17.97258,81.91731,0,4,17.958527
17.876438,81.80819,0,3,17.87
17.949673,82.02919,0,4,17.909672
17.85685,80.71548,0,4,17.866024
17.89783,80.68789,0,4,17.894932
18.004202,82.00312,0,4,17.988102
17.869047,81.55005,0,3,17.905077
17.932703,81.47144,0,4,17.909304
17.955256,81.12196,0,4,17.924833
17.855358,80.43471,0,4,17.833073
17.941574,81.40303,0,4,17.909409
17.851198,80.47155,0,4,17.867992
17.9418,81.69324,0,4,17.956573
17.841604,80.463776,0,4,17.886415
17.901325,80.91337,0,4,17.919035
17.935766,81.69858,0,4,17.895573
17.891064,80.52075,0,4,17.896563
17.907494,81.7659,0,4,17.907494
17.833372,80.636856,0,4,17.949308
17.985428,82.035,1,4,17.988075
17.824978,80.18968,1,4,17.834991
17.874493,80.89702,0,4,17.919682
17.922909,80.75177,0,4,17.841011
17.888601,80.545586,0,4,17.867771
17.85302,80.766975,0,4,17.812078
17.961037,81.167206,0,4,17.953747
17.912073,81.41846,0,4,17.902073
17.880043,81.556496,0,4,17.853125
17.833935,80.324905,0,4,17.925095
17.896254,82.3954,0,3,17.921043
17.83312,80.70439,0,4,17.926306
17.926266,82.575424,0,3,17.9739
17.898773,81.34509,0,4,17.977142
17.91904,80.81305,0,4,18.023174
17.864635,80.37238,0,4,17.96841
17.88286,81.721695,0,4,17.971249
17.899563,81.46594,0,4,17.961132
17.85211,80.93098,0,4,17.899435
17.953205,81.85358,0,4,17.957584
17.942196,81.828354,0,4,17.912195
18.038784,82.009,0,4,17.978785
17.971996,81.90814,0,3,17.886198
18.060333,81.7299,0,4,17.925068
18.003696,81.36621,0,4,17.911518
18.050121,82.28855,0,4,18.024147
18.020819,81.61928,0,4,17.972458
17.971909,82.21389,0,3,17.957623
18.024944,82.1555,0,4,18.06114
17.835629,80.27003,0,4,17.878132
17.9641,81.84363,0,4,17.97463
17.972301,81.66904,0,4,17.996727
17.997538,82.199554,0,4,18.001692
17.863241,80.55955,0,4,17.927595
17.86845,82.14421,0,3,17.95845
17.875004,80.813835,0,4,17.922512
17.9783,82.247314,1,4,18.01588
17.923351,81.19954,0,4,17.97203
17.942848,82.830956,0,3,17.91715
17.980553,81.786026,0,4,17.973795
17.901014,81.15671,0,4,17.906582
17.97118,82.17717,0,4,17.987064
18.003376,82.21997,0,4,18.010798
17.9173,81.05577,0,4,17.963284
18.067604,82.450676,0,4,18.036688
17.965067,82.528656,0,3,17.944794
17.903107,80.62709,0,4,17.993187
17.952326,80.49184,0,4,17.91302
17.980799,82.03452,0,4,18.005718
17.965761,81.7952,0,4,17.9561
17.995657,81.670235,0,4,17.913303
17.921074,80.61186,0,4,17.888832
17.998814,81.90587,0,4,18.015877
17.92986,80.782455,0,4,17.988762
18.00598,81.81336,0,4,18.061495
17.931845,80.97716,0,4,17.95956
17.963781,81.037834,0,4,18.014051
17.964588,81.123764,0,4,17.997873
18.00001,81.29335,0,4,18.023333
18.019674,82.51309,0,4,18.04562
17.930119,82.42279,0,4,18.014942
17.908817,81.28747,0,4,17.951359
18.033316,82.63292,0,4,18.044752
18.04,82.53595,0,4,18.043312
18.229866,81.25021,0,4,17.960052
18.0247,81.1066,0,4,17.97792
17.950766,82.70243,1,4,17.968222
18.020386,82.59059,0,4,17.999615
17.969933,81.001724,0,4,17.942577
18.04072,82.629166,0,4,18.029066
17.88932,81.08003,0,4,17.91966
18.034668,82.077385,0,4,18.024668
17.987701,80.62785,0,4,17.958488
18.041645,82.10341,0,4,18.055672
17.8827,80.66395,0,4,18.043596
17.980568,81.10655,0,4,17.980854
17.996569,82.11245,0,3,17.974413
17.97312,80.878006,0,4,17.975601
17.958645,80.96569,0,4,17.932373
17.975826,82.12142,0,4,17.981438
17.944199,82.75583,0,3,17.886131
18.023987,82.619125,0,4,17.955948
17.954975,83.22641,0,2,17.881466
17.987068,82.729164,0,4,17.97837
17.972456,82.88406,0,3,17.904308
17.958443,81.607544,0,4,17.942924
17.967112,83.02345,0,4,17.935259
18.049456,82.80963,0,4,17.98327
17.915068,83.49594,1,2,17.877275
17.89847,83.62817,1,3,17.911083
17.91999,82.18092,1,4,17.935005
17.986853,83.465996,1,4,17.981712
17.910099,83.49,1,4,18.025251
17.950573,83.305,1,4,18.003689
17.903307,83.51662,1,4,17.986614
18.015673,83.425735,0,4,18.00928
17.92035,83.64989,0,4,17.998951
18.00626,83.282974,1,4,18.0615
17.961855,83.402725,1,4,18.048977
17.975233,83.54467,0,4,18.02944
17.957504,82.43541,0,4,18.045624
18.085917,82.10307,1,4,17.957504
17.909634,81.98918,0,4,17.979797
18.020195,83.12384,0,4,18.046158
18.039738,83.139915,0,4,18.04593
18.00596,83.11394,0,4,18.03596
18.016195,82.24275,0,4,17.982477
18.001698,83.54413,0,3,17.9686
18.02,83.07129,0,4,18.05498
18.04223,82.992805,0,4,18.031654
18.053547,83.0774,0,4,18.040642
18.036354,82.32091,0,4,18.043648
17.949562,81.84396,0,4,17.954535
17.97953,83.14741,0,4,18.026707
18.06339,82.990074,0,4,18.070034
17.962555,83.388245,0,3,17.987331
18.08606,83.11991,1,4,18.066147
17.95472,83.42931,0,3,17.96326
18.044695,83.14748,0,4,18.08542
17.95217,83.27696,0,4,17.999126
18.05435,81.4212,0,4,17.944342
18.051695,83.112206,0,4,18.087286
18.043198,83.164764,0,4,18.056393
18.021427,83.49667,0,4,18.002855
17.99261,81.84178,0,4,18.057247
18.056017,83.28374,0,4,18.053984
17.928116,81.56006,0,4,17.93385
18.037277,82.7066,0,4,18.040262
18.075283,83.10739,0,4,18.075848
18.01872,82.62919,0,4,18.01482
17.968502,82.03512,0,4,17.968502
18.065926,83.281845,0,4,18.06
18.037365,82.23867,1,4,18.003141
18.06,83.21641,0,4,18.06
18.021845,82.493576,0,4,18.015549
18.051228,82.54527,0,4,18.04807
18.053265,83.27337,0,4,18.076841
18.02831,83.08373,0,4,18.064577
17.988426,82.22568,0,4,18.018309
17.936003,81.51972,0,4,17.916424
18.010427,82.50609,0,4,18.02695
18.06,83.17479,0,4,18.059578
17.98022,83.507126,0,3,17.995415
18.06,83.20575,0,4,18.05575
18.039259,82.20369,0,4,18.055183
18.087246,83.14772,0,4,18.071556
18.019053,82.44316,0,4,18.012774
18.027931,83.514175,0,4,18.004107
18.023338,83.163345,0,4,18.03963
18.064835,83.31639,0,4,18.030657
18.065987,83.32755,1,4,18.022041
17.97491,82.181526,0,4,18.014664
17.94365,83.52667,0,3,17.981508
18.010479,82.40787,0,4,18.036407
18.04645,82.26535,0,4,17.963196
17.974375,81.93998,0,4,18.0225
18.015228,82.30229,0,4,18.021364
17.970247,81.965866,0,4,17.958094
17.99266,81.76262,0,4,17.95575
18.00513,83.42474,1,3,17.984735
18.003796,83.40444,1,3,18.010756
17.949139,83.62984,0,3,17.991552
18.0494,83.2506,0,4,18.080599
18.07051,83.11525,1,4,18.097797
18.05191,83.117676,0,4,18.132765
17.978224,82.019806,0,4,18.056168
18.03662,82.17445,0,4,18.043238
18.043543,82.208725,0,4,18.026115
17.992523,83.50242,0,3,17.998774
18.00029,81.2392,0,4,17.937086
18.04037,83.50148,0,4,18.030495
18.052711,83.31672,1,4,18.042337
18.014774,82.96597,1,4,17.97597
18.076801,83.03328,0,4,18.023521
18.060266,83.39787,0,3,18.041126
17.925661,81.27461,0,4,17.91566
17.96022,81.77389,0,4,17.96022
18.047396,81.43463,0,4,17.97263
18.059124,83.083305,0,4,18.069126
17.986263,83.33995,0,4,18.061253
18.00671,82.45723,0,4,18.042597
18.00396,83.465775,0,3,18.018925
17.990993,82.12427,1,4,18.00754
17.952284,81.49933,0,4,17.992287
18.098398,83.060165,0,4,18.08641
18.074284,82.390144,1,4,18.065914
17.974293,81.74248,0,4,18.011108
18.067646,83.02325,0,4,18.077644
18.062975,83.04973,0,4,18.057302
18.07605,83.029755,0,4,18.099754
18.015862,83.59486,0,3,17.974884
18.053482,83.56221,0,3,18.023857
18.0796,82.36124,0,4,18.012749
18.115986,83.234024,1,4,18.05
18.029789,82.27869,1,4,18.000793
18.114653,83.091125,0,4,18.063261
17.942142,81.61429,0,4,17.920715
18.06353,83.28824,0,4,18.05706
18.07221,83.31885,1,4,18.035578
17.94672,81.69685,0,4,17.92621
17.994186,81.686295,0,4,18.030678
17.984722,83.64761,0,2,17.936092
18.033306,82.8253,0,4,17.946613
18.00614,83.62503,0,3,17.966139
17.976557,83.68689,0,2,17.930435
18.04,82.18209,0,4,18.01325
17.972986,81.90489,0,4,17.95932
18.013044,83.91129,0,3,17.97913
18.150227,82.345184,1,4,17.937096
17.962677,83.71777,1,3,17.961338
17.987253,83.7325,0,3,17.960754
17.991287,83.64778,0,3,18.008713
18.006319,83.72576,0,4,17.993681
17.979927,83.79496,0,2,17.96489
17.942114,83.820854,0,2,17.9236
17.973658,82.03463,0,4,17.977072
18.025223,83.49937,0,3,18.011417
18.005142,83.87657,0,3,18.000286
17.949097,83.686386,0,3,17.994545
18.008823,82.2563,0,4,17.971176
17.941448,82.55178,0,3,17.92398
17.97121,83.745926,0,3,18.000063
18.03023,83.45283,1,4,18.018368
18.006845,83.944824,0,3,17.982616
17.944557,82.20044,0,3,17.916512
18.027704,83.52164,0,3,18.014427
17.92112,83.90259,0,2,17.958447
18.021263,83.56076,0,3,18.014662
18.005356,82.49327,0,4,18.011187
17.966532,82.47595,0,3,17.945309
17.986507,83.82,0,3,17.963017
17.9981,83.423454,0,4,18.0062
18.020515,83.39166,0,4,18.019459
17.983574,83.88072,0,3,17.963573
18.029087,83.65234,0,3,17.997265
17.942867,82.511246,0,3,17.88972
18.026237,83.57386,0,4,18.002123
18.040573,83.52271,0,3,17.987343
17.990639,83.660835,0,3,17.96677
17.879309,81.72641,0,4,17.852882
17.882828,81.64343,0,4,17.886414
17.968674,83.5723,0,3,17.961082
17.99112,83.54501,0,3,17.9831
17.904324,83.87994,0,2,17.92142
17.997751,83.45875,0,3,17.978752
17.98521,83.33558,0,2,17.90274
17.893759,82.166176,0,2,17.880753
17.9001,83.834755,0,1,17.89
17.91874,83.80941,0,1,17.878738
17.885822,82.12578,0,2,17.855457
17.963383,83.52489,0,2,17.971584
17.962992,83.29251,0,2,17.879213
17.870827,82.24352,0,2,17.894688
17.977375,82.21627,0,3,17.94411
17.975225,83.53909,1,3,17.975317
17.934277,83.69484,0,2,17.934404
17.977818,83.692406,0,3,17.946842
17.959412,83.76117,0,3,17.930092
17.92916,83.85,0,2,17.89984
17.963682,82.60952,0,3,17.944143
17.962963,83.01642,0,3,17.88976
17.887768,82.47521,0,3,17.916653
17.88,83.91406,0,2,17.923775
17.913918,83.86932,0,2,17.940405
17.936634,83.90904,0,2,17.924759
17.87,82.58617,0,3,17.904184
17.961985,82.70615,0,3,17.910969
17.920433,83.71831,0,3,17.968418
17.965961,82.90083,0,3,17.918957
17.869938,81.999435,0,3,17.873535
17.982931,83.50971,0,3,18.002903
17.858664,81.83948,0,3,17.883595
17.96218,82.063515,0,3,18.019814
18.014574,83.26294,1,3,18.022955
18.291622,81.634094,0,4,17.936035
18.119638,82.7572,0,3,17.960165
18.132616,82.136055,0,4,17.973562
18.059292,80.45284,0,4,17.897467
18.046265,81.54903,0,4,17.936462
17.985376,80.546974,0,4,17.95118
17.979145,81.213196,0,4,17.924767
18.035326,82.051636,1,4,17.993717
17.980152,82.09789,0,3,17.91584
17.927834,82.301125,1,4,17.957336
17.863443,80.30951,0,4,17.85664
17.853432,80.713135,0,4,17.853432
17.924332,81.55281,0,4,17.944332
17.99905,82.36371,0,4,18.047764
17.979736,82.79517,0,4,17.966019
17.908403,80.63772,0,4,17.966906
17.960121,82.13666,0,4,17.97601
17.947586,82.401,0,4,17.93929
17.924477,81.77246,0,4,17.914148
17.96211,81.53519,0,4,17.951689
17.916567,80.3495,0,4,17.867811
17.942612,81.05576,0,4,17.998028
17.986313,82.28038,0,4,17.979853
17.995686,81.9759,0,4,17.970774
17.994415,82.312874,0,4,17.970608
17.95951,81.70337,0,4,17.919512
17.943182,81.48024,0,4,17.933182
17.883167,81.6324,0,3,17.88669
18.02664,81.9366,0,4,17.988716
17.87609,80.83921,0,4,17.84
17.9836,82.159874,0,4,17.945301
17.95758,81.43259,0,4,17.918842
17.949892,81.48726,0,4,17.915121
17.978252,82.06729,0,4,17.943691
17.833908,80.44685,0,4,17.846523
17.941654,82.566864,0,3,17.895828
17.85387,82.64707,0,3,17.902918
17.965984,81.94826,0,4,17.953978
17.883795,82.40174,0,2,17.853794
17.95649,81.85865,0,4,17.95649
17.92966,81.73312,0,4,17.9282
17.857292,81.599785,0,3,17.836918
17.86206,80.389496,1,4,17.886398
17.906092,81.54333,0,4,17.925005
17.866274,80.58284,0,4,17.816275
17.93994,81.07663,0,4,17.934679
17.956669,81.79572,0,4,17.964287
18.00281,82.25418,0,4,18.006027
17.866562,80.64069,0,4,17.85656
17.909698,82.611946,0,3,17.873362
17.972351,81.492935,0,4,17.889412
17.938082,82.79216,0,3,17.96404
17.83418,80.53182,0,4,17.915638
17.845177,80.51756,0,4,17.953087
17.933308,82.60291,0,3,18.020004
17.91641,80.24,0,4,17.921833
17.859535,82.65019,0,3,17.964886
17.979605,82.15948,0,4,18.0
17.856316,82.591675,0,3,17.936054
17.865683,80.63125,0,4,17.872044
17.94348,81.72564,0,4,17.94348
17.956194,80.80646,0,4,17.922344
17.981007,81.67111,0,4,17.954023
18.02325,81.40573,0,4,17.894417
18.057915,81.71484,0,4,17.958527
18.00227,81.63011,0,4,17.90319
18.044575,81.729164,0,4,17.97259
18.040373,81.8754,1,4,18.008049
17.900743,80.76672,0,4,17.94096
18.008152,82.20389,0,4,18.064896
17.988564,81.96066,0,4,18.019043
17.981245,81.232635,0,4,17.9936
17.946438,82.599045,0,3,17.95
17.92889,80.94446,0,4,17.946667
17.935589,82.23726,0,3,17.975117
18.030712,82.19454,1,4,18.045357
17.916288,80.90255,0,4,17.973145
17.964647,81.83482,0,4,17.994154
17.90333,81.865845,0,3,17.93
17.939724,82.422226,0,4,17.925137
17.99233,81.26428,0,4,18.005413
17.997284,82.595505,1,4,18.06483
17.936958,80.915215,0,4,17.946087
17.989304,81.00755,0,4,17.92337
17.86101,80.94245,0,4,17.905504
17.92926,82.29274,0,4,17.96
17.944736,81.01633,0,4,17.944736
17.898481,82.75162,0,3,17.916962
17.977436,81.97679,0,4,17.99881
17.980267,81.775764,0,4,17.919868
17.945433,81.25593,0,4,17.97889
17.980598,82.799446,0,3,17.970598
18.003418,82.03204,0,4,17.998241
17.903454,80.86719,0,4,17.89233
17.992325,81.12628,0,4,18.03596
17.941448,82.33156,0,3,17.971153
17.979048,81.218895,0,4,18.030476
17.92432,80.87119,0,4,17.956478
18.21353,80.63631,0,4,17.91658
17.935524,81.15581,0,4,18.025524
17.97336,81.915436,0,4,18.03084
17.946533,80.41041,0,4,17.898981
17.988335,82.08758,0,4,18.02697
17.911875,81.34796,0,4,17.928852
17.988064,81.590164,0,4,17.961573
18.05994,82.49423,0,4,18.020061
18.006458,82.55673,0,4,18.02
17.968733,82.60978,0,3,17.953983
17.981003,81.26201,0,4,17.9795
18.046988,82.02284,0,4,18.00019
18.031221,81.54002,0,4,17.993662
18.01,82.57387,0,4,17.99442
17.940182,81.05881,0,4,17.935505
17.919497,80.952576,0,4,18.024529
18.02,82.91111,1,4,18.01142
18.117073,80.47269,0,4,17.92944
17.96846,82.26632,0,4,18.014229
17.958637,82.565735,0,4,18.041958
18.011787,80.77165,0,4,17.967403
17.961338,81.20535,0,4,18.004395
18.002254,82.468376,0,4,17.96756
17.935738,81.41827,0,4,17.941616
17.98958,81.80571,0,4,17.924501
18.073235,82.56262,0,4,17.974997
17.975258,82.9672,0,3,17.89006
17.957941,81.4807,0,4,17.94603
18.033707,82.69433,0,4,17.988125
18.080368,82.90663,1,4,17.985523
18.000212,82.018265,0,4,17.89168
18.02362,83.0932,1,4,17.964684
17.908428,83.54526,0,2,17.886856
17.974152,83.24594,1,4,17.984104
17.925232,83.21699,0,4,17.945581
17.999844,83.302795,0,4,18.043682
17.897104,81.737465,0,4,17.896832
17.883953,81.7554,0,4,17.889061
17.893383,81.64366,0,4,17.950294
17.87656,81.76434,0,4,17.948656
18.016962,82.95671,0,4,17.959965
17.871948,81.56399,0,4,17.929905
17.913908,82.41775,0,4,17.96552
18.063858,83.3111,1,4,18.05
17.870039,81.45856,0,4,17.950039
17.947363,82.515305,0,4,17.964205
17.984976,82.54202,0,4,18.00596
18.02754,83.19726,0,4,18.065657
17.886557,81.33145,0,4,17.87518
17.955826,81.54843,0,4,17.933708
17.979107,81.34458,0,4,17.913328
17.999243,83.59802,0,3,17.989243
18.089294,83.09367,0,4,18.04456
17.960426,82.03961,0,4,17.950378
18.026571,81.68585,0,4,17.968378
18.033945,82.36623,0,4,18.032112
17.881863,81.22965,0,4,18.04356
17.955252,81.9822,0,4,17.963448
18.01419,83.122665,0,4,18.061619
17.967487,83.38835,0,3,17.98104
18.04678,81.3781,0,4,17.94353
17.915808,81.46378,0,4,17.982536
18.040028,83.150024,0,4,18.05
18.03,81.97775,0,4,18.014664
18.006502,83.34779,0,3,18.006401
18.035082,83.13476,0,4,18.05492
17.991522,83.29193,0,4,18.0555
18.021425,83.52576,0,3,18.029995
18.05571,83.282936,0,4,18.05429
17.945469,83.62799,0,3,17.957523
17.962318,83.54799,0,3,17.976738
18.003344,83.346954,1,4,18.047882
18.05,83.23184,0,4,18.089611
18.008862,83.3063,0,4,18.040823
17.96015,81.88875,0,4,17.993435
17.995832,83.626884,0,3,17.985521
17.998428,83.57824,0,3,17.987232
18.07,83.27676,0,4,18.06
18.000921,83.48047,0,3,17.98138
17.942474,81.73629,0,4,18.001236
17.939968,81.69056,0,4,17.94425
18.065363,83.13709,1,4,18.102179
17.94913,83.40402,0,4,18.011494
18.072855,83.062164,0,4,18.079283
18.014797,82.15042,0,4,18.004795
17.955338,81.91492,0,4,17.954441
17.983335,83.4738,0,3,18.006191
17.915146,81.34897,0,4,17.929287
18.053223,83.236305,0,4,18.05
17.995255,83.4474,0,3,17.978062
18.07,83.36685,0,4,18.02943
18.019085,83.555084,0,3,17.99343
18.019321,81.38623,0,4,17.955082
18.05566,83.08225,0,4,18.03132
18.027655,83.13361,0,4,18.043615
17.95276,81.95944,0,4,17.952023
18.05,83.15605,0,4,18.053028
18.027935,82.20573,0,4,17.997936
17.99881,82.203,0,4,17.986013
18.020016,82.42042,0,4,18.040012
18.0366,83.381195,0,4,18.028734
18.02568,83.62599,0,3,18.0296
17.925755,81.55827,0,4,17.925755
18.081116,83.23587,0,4,18.05238
18.05,83.1591,0,4,18.07
18.065723,83.26,0,4,18.059132
17.972103,83.422585,0,4,18.06926
17.976192,82.24957,0,4,18.059765
18.124939,82.175865,0,4,18.012579
17.953587,83.625244,0,3,17.98919
18.221113,82.19046,0,4,17.98714
17.989315,83.49868,0,3,18.015947
17.99207,83.491035,1,3,17.988276
18.027546,83.34129,0,4,18.045742
18.041973,83.38575,1,4,18.031462
17.999651,83.447975,0,2,17.963707
18.011986,82.09587,0,4,17.99999
18.077108,83.054794,0,4,18.071617
18.06006,83.28817,0,4,18.03936
18.079893,83.05676,0,4,18.079893
18.05806,83.07893,0,4,18.068062
17.972485,81.67745,0,4,17.996414
18.054808,83.00641,0,4,18.067404
17.933508,81.53128,0,4,17.95256
17.966331,81.73331,0,4,18.01194
18.03667,83.66661,0,3,18.024456
17.94201,83.622986,1,3,17.96854
18.026283,83.391945,0,3,18.029736
18.002398,81.59871,0,4,17.998455
18.024979,83.56919,0,3,17.99897
18.016598,83.08816,0,4,18.034058
18.06377,83.210175,1,4,18.06918
18.071371,83.12217,0,4,18.071371
18.077919,83.44241,1,4,18.03795
18.089462,83.40247,1,4,18.036308
17.956451,81.58519,0,4,17.91859
18.088825,83.23153,0,4,18.054235
18.089249,83.35609,1,4,18.034622
18.026169,83.36156,0,4,18.023235
17.98444,81.42591,0,4,17.944233
17.99186,82.12661,0,4,18.023926
18.024364,83.2684,1,4,17.986618
18.068853,83.28969,0,4,18.042292
18.060009,83.345085,0,4,18.03997
18.031412,83.209175,0,4,18.042158
17.943653,81.86856,1,4,17.920883
18.05325,83.432526,0,4,18.022995
18.05545,83.37648,0,4,18.042702
18.048546,83.417625,0,4,18.025639
18.050282,83.37366,0,4,18.043804
18.06568,83.43698,0,4,18.025377
17.993885,82.570175,1,4,18.01176
17.98174,83.729126,1,3,17.948265
17.918404,83.85702,0,3,17.950745
17.983028,83.78326,0,2,17.956287
18.023453,83.657425,0,3,18.00469
18.003967,83.05905,0,3,17.997936
18.01,83.79469,0,3,18.00531
17.98515,82.304794,0,3,17.960503
18.02687,83.5076,0,4,18.061855
17.943083,82.54647,0,3,17.997114
17.976093,82.57991,0,3,18.008541
18.001972,81.9823,0,4,17.930138
18.031202,83.487976,0,4,18.021202
18.00625,83.682236,0,3,18.002502
17.994667,83.85934,0,3,17.980665
18.032188,83.808105,0,3,17.983315
18.01,83.98773,0,3,17.986904
17.994343,82.437805,0,4,18.025658
18.013113,82.151955,0,4,18.035892
18.016022,83.57376,0,3,18.013369
17.924206,82.19491,0,4,17.924572
17.909904,81.700714,0,4,17.876577
18.020132,83.4807,0,3,18.001078
17.953804,83.68663,0,3,17.990488
17.927898,82.24487,0,3,17.940645
17.980192,83.85019,0,3,17.956795
18.025187,83.76313,0,3,17.985558
18.0237,82.14887,0,4,18.012205
18.019047,83.61783,0,3,17.985645
18.011745,83.6337,0,3,17.980093
18.027197,83.40306,0,4,18.024075
17.985071,82.89554,0,4,17.912464
17.89393,82.006485,0,4,17.891964
17.989084,83.19756,0,3,17.916447
17.955788,83.838936,0,3,17.921574
17.937338,82.74263,0,3,17.900501
17.985586,83.55383,0,2,17.986614
17.942364,82.615486,0,2,17.918846
17.889782,81.58925,0,3,17.852337
17.959047,82.737526,0,3,17.901619
18.002373,83.36161,1,3,17.98822
17.893423,82.13402,0,3,17.885223
17.872318,82.16349,0,3,17.927681
18.0359,83.258224,1,3,18.019989
17.887234,82.665146,0,2,17.883793
17.950418,83.81979,0,2,17.926586
17.92939,82.48308,0,2,17.958176
17.858845,82.406784,0,2,17.896706
17.913815,82.580154,0,2,17.903343
17.86906,81.87587,0,3,17.86396
17.872486,83.92442,0,1,17.889404
17.925362,83.824646,0,2,17.888882
17.875837,83.89,0,2,17.896646
17.94362,83.76709,0,3,17.937637
17.928259,82.14043,0,3,17.954292
17.923119,82.99573,0,3,17.927706
17.975403,83.48214,0,3,18.007072
17.931635,83.64949,0,3,17.974514
17.892603,83.87784,0,1,17.901747
17.840307,82.21404,0,3,17.87669
17.881287,83.91558,0,2,17.926872
17.861076,82.14279,0,3,17.87355
17.982052,83.43376,0,3,18.027473
17.903112,81.76143,0,3,17.946556
17.86306,81.70755,0,3,17.874592
17.965225,83.18724,0,3,17.918955
18.283123,81.672745,0,4,17.9609
18.179722,80.4,0,4,17.84743
18.118082,82.27553,1,4,17.930298
18.071173,80.50301,0,4,17.949944
18.056559,82.2254,0,4,17.997694
17.977423,82.06181,0,3,17.922266
18.018291,82.10041,0,4,17.984165
17.945518,81.191986,0,3,17.85
17.933372,80.37918,0,4,17.852674
17.89465,80.57771,0,4,17.916689
17.928198,81.38054,0,4,17.900932
17.894918,80.686035,0,4,17.922852
17.865864,80.495964,0,4,17.90173
17.912363,82.12316,0,4,17.904713
17.925611,80.246704,0,4,17.849148
17.826248,80.482544,0,4,17.911259
17.922726,81.36937,0,4,17.97454
17.993603,82.07365,1,4,18.003603
17.96079,82.13156,0,4,17.946095
17.908417,80.75208,0,4,17.897234
17.82319,80.82033,0,4,17.883297
18.012674,82.089554,0,4,17.999924
17.914352,81.82648,0,4,17.914352
17.925909,81.718094,0,4,17.917694
17.938032,81.38145,0,4,17.89731
17.898178,80.77179,0,4,17.876965
17.93181,81.32179,0,4,17.925243
17.880787,80.3067,0,4,17.862284
17.914364,81.262,0,4,17.912054
17.865837,80.62416,0,4,17.848328
17.911928,81.88661,0,4,17.872892
17.987324,82.01317,1,4,17.931917
17.895164,82.50116,0,2,17.847748
17.900831,81.236534,0,4,17.910969
17.945004,81.19612,0,4,17.877174
17.941113,82.81223,0,3,17.930279
17.941124,81.25465,0,4,17.876225
17.966652,81.90273,0,4,17.939198
17.99938,80.30327,0,4,17.856548
17.850216,80.532364,0,4,17.850216
17.957735,82.20642,0,4,17.994827
17.916142,82.39554,0,3,17.900284
17.925842,81.437,1,4,17.92171
17.924038,81.46408,0,4,17.89494
17.871378,80.659546,0,4,17.828505
17.888607,81.55138,0,4,17.869911
17.988556,82.38388,0,4,17.96179
17.84,80.66643,0,4,17.83714
17.938204,82.144005,0,4,17.953665
17.956703,80.306595,0,4,17.858053
17.886494,82.30079,0,2,17.87565
17.996962,80.527794,0,4,17.893631
17.9306,81.590706,0,4,17.99775
17.888243,82.67143,0,2,17.919401
17.922447,81.679306,0,4,18.05413
17.84,80.26647,0,4,17.935875
17.914501,81.16428,0,4,18.055914
17.966639,82.72971,0,4,18.0
17.937782,80.93512,0,4,18.006557
17.973673,82.00067,0,4,17.974236
17.906254,80.82768,0,4,17.906254
17.891514,82.059006,0,3,17.893864
18.00547,81.78562,0,4,17.96912
18.021772,80.69469,0,4,17.878227
18.036003,81.81902,0,4,17.91995
18.034971,82.28508,0,4,17.961155
18.021431,81.86795,0,4,17.941406
17.934546,80.60416,0,4,17.886623
17.91542,82.11286,0,3,17.885422
17.86698,81.95777,0,3,17.93
17.964249,81.75925,0,4,18.029535
17.99702,81.95578,1,4,18.023586
17.899416,80.48419,0,4,17.891788
17.86691,80.501434,0,4,17.88844
18.002815,82.31168,0,4,17.997255
17.9436,82.66408,0,3,17.97578
17.960302,82.86311,1,3,17.96639
17.903118,80.966446,0,4,17.918705
17.939257,82.55319,0,3,17.941217
17.975117,81.81536,0,4,17.978588
17.933641,80.91557,0,4,17.965439
17.997349,82.124466,0,4,17.992569
17.991287,81.74073,0,4,17.991287
17.993502,82.053955,0,4,18.003962
18.021984,82.0081,0,4,18.026413
17.954039,81.27301,0,4,17.986603
17.938236,81.99497,0,3,17.932018
17.947258,82.14191,0,3,17.93027
17.984756,81.08378,0,4,18.028671
17.968594,81.80145,0,4,17.995377
18.004833,81.27722,0,4,17.993046
17.925947,81.82934,0,4,17.951078
17.972998,82.725044,0,3,17.957247
18.008308,81.74062,0,4,18.002024
17.925686,80.87686,0,4,17.916473
17.940897,81.73097,0,4,18.020897
17.994314,81.74071,0,4,18.056238
18.004051,80.62656,0,4,17.945604
17.920631,82.422646,0,3,17.994331
18.029638,82.43312,0,4,18.024197
17.911617,80.94655,0,4,17.979542
17.994818,81.3591,0,4,18.02
17.913496,81.22568,0,4,17.983496
17.999718,82.32548,0,4,18.039886
18.017715,82.22389,0,4,18.033857
17.991148,81.31522,0,4,17.978127
18.028713,82.86515,0,3,17.99807
18.02602,82.151535,0,4,18.023495
18.043997,82.16348,0,4,18.041992
18.019024,82.77033,0,3,17.957073
17.959044,81.09791,0,4,17.927391
18.04617,82.55958,0,4,18.01888
18.046478,82.25334,0,4,18.03211
17.951168,82.83482,1,4,18.016884
17.98917,81.11099,0,4,18.02403
18.010323,82.433426,0,4,18.035809
18.054533,82.43397,1,4,18.062267
17.985313,81.439835,0,4,17.976408
17.97778,82.6385,0,2,17.952114
17.917955,80.87973,0,4,17.987955
17.96389,82.95845,0,3,17.937363
18.01699,82.488846,0,4,18.00409
18.018806,82.55995,0,4,17.976528
18.015923,82.464615,0,4,17.9
18.048943,81.878784,0,4,17.944235
18.032646,82.67232,1,4,18.005741
18.00555,82.85564,0,4,17.904446
18.028782,83.056496,1,4,17.950481
18.042461,82.73306,0,4,17.970596
17.998383,83.26429,0,2,17.904594
17.95309,83.2693,1,3,17.907318
18.011219,83.112595,1,4,18.046028
17.977837,83.20668,1,4,17.985226
17.880968,82.392685,0,4,17.899094
17.862831,81.259926,0,4,17.913275
17.965158,83.70773,0,3,17.99387
17.951561,82.20693,1,4,17.937813
17.9,83.49,0,4,17.994568
17.932539,82.23844,0,4,18.005768
17.9635,83.71614,0,3,17.982716
17.983055,82.651855,0,4,18.03553
18.003119,83.1113,0,4,18.04369
17.919855,82.30056,1,4,17.97431
18.068897,83.30726,0,4,18.042526
17.935566,82.10904,0,4,17.950695
17.961302,82.30853,0,4,18.003822
17.924248,81.97631,0,4,17.958357
17.996414,82.254715,0,4,17.965027
18.044605,83.032486,0,4,18.031576
17.98313,83.49764,0,3,17.96084
17.975986,82.12749,0,4,17.998232
17.958082,81.89166,0,4,17.948296
18.053394,83.03288,0,4,18.044464
18.005405,83.03609,0,4,18.027704
17.945055,81.99136,0,4,18.016022
18.052227,83.144485,0,4,18.05
17.930101,81.560165,0,4,17.979366
17.966782,82.12413,0,4,18.012545
17.99968,83.47243,0,3,18.023884
17.929607,81.84113,0,4,17.973526
17.965199,83.40766,0,3,18.002504
18.077265,83.03775,0,4,18.083633
17.971462,82.33562,0,4,17.97623
17.995447,82.05073,0,4,17.989244
18.05,83.1777,0,4,18.066814
17.989822,83.440704,0,3,18.023195
18.061352,83.40839,0,4,18.03162
17.993343,82.37891,0,4,17.990313
18.03699,82.57543,0,4,18.053288
17.996525,82.43565,0,4,18.014078
18.054337,83.22,0,4,18.06
18.032295,83.23108,0,4,18.06554
18.0441,83.40673,0,4,18.037739
18.063004,83.25369,1,4,18.04266
18.053146,82.61683,0,4,18.049719
18.040974,83.69152,0,4,18.00195
18.064293,83.232925,0,4,18.065706
17.959435,81.9672,0,4,17.959435
17.949965,81.79121,0,4,17.969965
17.987349,82.13019,0,4,17.982819
18.010122,81.88202,0,4,18.047531
17.978645,82.26703,0,4,17.982344
17.934933,81.40588,0,4,17.905184
18.02685,83.54729,0,4,17.997908
18.023384,82.43474,0,4,18.042677
18.06,83.20682,0,4,18.05
18.050499,82.33926,0,4,18.020746
18.019794,83.4293,0,4,17.998829
18.065773,83.26196,0,4,18.054226
17.94967,83.63115,0,3,17.953735
18.053806,83.31526,1,4,18.05619
18.06,83.15885,0,4,18.047215
18.031738,83.231316,1,4,18.092613
17.931355,81.614395,0,4,17.90042
17.992704,81.710365,0,4,18.04
18.015305,82.456635,0,4,17.991613
18.045902,83.18278,0,4,18.058193
18.006672,82.11534,0,4,18.007046
17.998642,83.37564,0,3,18.011662
18.007385,83.52687,0,3,18.001408
18.054802,83.17519,1,4,18.05
18.026043,83.490555,1,4,18.032776
18.05,83.20119,0,4,18.063463
17.994732,83.45993,0,3,18.01078
18.00307,83.50979,0,4,18.032036
18.02,82.647675,1,4,18.082418
18.001265,82.01276,0,4,17.999239
18.024952,82.506996,0,4,18.072475
18.053047,83.163536,0,4,18.049149
18.037548,82.64458,0,4,18.037928
17.98684,82.32417,1,4,17.988768
17.978046,81.8453,0,4,17.950459
17.979904,82.18234,1,4,18.05999
17.996117,82.11365,0,4,17.97236
18.021755,82.252945,0,4,18.008907
18.12611,83.01166,0,4,18.071667
18.07778,83.14687,0,4,18.093555
18.021572,82.06202,0,4,18.0421
18.05634,83.1227,1,4,18.08
18.043987,83.09055,0,4,18.066994
18.034098,81.77977,0,4,17.984022
18.087841,83.01004,0,4,18.115726
17.960619,83.36865,1,4,18.044292
18.14158,82.0263,1,4,18.018652
17.93188,81.473434,0,4,17.954617
17.958805,81.467186,0,4,17.995365
18.050034,81.956955,0,4,18.06628
18.064068,83.09428,0,4,18.064068
18.06706,83.12881,0,4,18.064121
18.064022,83.05394,0,4,18.07201
18.067219,83.08243,0,4,18.07148
18.01832,81.958694,1,4,17.979797
18.120451,83.12764,1,4,18.073257
17.953178,81.36886,0,4,18.041708
18.084902,83.27137,0,4,18.05
18.079546,83.20303,0,4,18.063484
17.99792,81.96976,0,4,18.027548
18.029278,83.56914,0,3,17.98584
18.012177,82.48338,0,4,18.013515
18.063812,83.2205,1,4,18.029713
18.034122,82.64612,0,4,18.023277
18.063778,83.461105,0,4,18.01
18.037008,83.65245,0,3,18.01
18.06,82.73657,0,4,17.95175
17.983828,83.67792,0,3,17.982754
18.000237,83.44403,0,4,17.985119
18.00331,81.82928,0,4,17.926617
17.948551,82.35806,0,4,17.94382
18.037033,83.593155,0,4,18.0
17.978579,83.426865,1,4,17.962385
17.996689,82.34127,1,4,17.952702
18.196812,82.42034,0,4,17.943298
17.94324,83.54724,0,4,17.971792
17.956745,83.81325,0,2,17.948881
18.021568,83.31255,0,4,18.027353
17.98553,83.793495,0,2,17.971546
18.047188,83.53693,0,3,18.02287
17.975964,83.81021,0,2,17.959156
17.98712,83.36922,0,4,18.015759
17.957785,82.078186,0,4,17.957785
18.040316,83.32798,0,4,18.084341
18.001701,83.84151,0,3,17.991701
17.962805,83.72776,0,3,18.00626
18.027115,83.47955,0,4,18.013382
17.914059,83.96404,0,2,17.946014
17.929302,82.44606,0,3,18.01
17.962162,82.020134,0,4,17.962162
18.039425,83.46889,0,4,18.042566
17.972275,83.59415,1,4,18.011356
18.04631,83.58247,0,3,18.004242
18.044073,83.33527,0,4,18.034115
17.955582,83.618546,0,4,18.011045
17.988417,83.33343,0,4,18.01753
18.000605,83.63256,0,3,17.984007
17.942684,83.72293,0,3,17.992928
17.942099,83.88914,0,2,17.93321
18.02892,83.537415,0,3,17.99622
17.937288,82.789536,0,3,17.90486
17.96,82.685394,0,3,17.942068
17.915163,83.79729,0,2,17.93
17.994438,83.52894,0,3,17.982212
17.919191,83.87236,0,3,17.923851
17.90089,82.41602,0,3,17.887333
18.072495,81.612595,0,4,17.886667
17.905432,82.56935,0,2,17.938026
17.909286,83.80554,0,2,17.91589
17.98279,83.56994,0,2,17.97558
17.94299,82.09109,0,3,17.92247
17.985018,83.59463,0,2,17.93814
17.918388,82.669,0,2,17.899355
17.960905,83.26846,0,2,17.886818
17.983831,83.50809,0,3,17.987022
17.876772,82.20657,0,2,17.856266
17.88229,82.26608,0,3,17.87
17.957253,82.99161,0,3,17.885614
17.951897,82.76586,0,2,17.923054
17.927076,82.47576,0,3,17.917671
17.95595,83.86703,0,2,17.94233
17.978088,82.26445,0,3,17.975838
17.889927,82.946724,1,2,17.886402
17.923384,83.86424,0,2,17.935757
17.940962,83.48455,1,3,17.947899
17.942223,83.52277,0,3,17.950123
17.95503,81.68573,0,3,17.91346
17.875042,83.89479,1,1,17.889671
17.877274,83.92546,0,2,17.90091
17.948364,83.35791,0,3,17.925316
17.88096,83.083115,0,3,17.936192
17.904404,81.9962,0,3,17.896477
17.935553,82.84895,0,3,17.923336
17.955734,82.51082,0,3,17.96191
17.972078,83.30426,0,3,17.996534
17.880852,81.87369,0,3,17.895023
18.352753,81.18697,0,4,17.89
18.337992,80.456245,0,4,17.86
18.25,80.36485,0,4,17.85
18.16,80.11127,0,4,17.87
18.066986,80.2417,0,4,17.87
17.962051,79.97336,0,4,17.84
17.95201,80.230705,0,4,17.86
17.96799,80.07021,0,4,17.85
17.966988,80.241,0,4,17.86
17.937992,80.41878,0,4,17.86
17.892008,80.26934,0,4,17.85
17.86201,80.63572,0,4,17.86
17.853012,80.64332,0,4,17.87
17.867992,81.098694,0,4,17.88
17.866987,80.99371,0,4,17.87
17.845022,80.438644,0,4,17.87
17.856987,80.865425,0,4,17.87
17.852009,80.50257,0,4,17.86
17.858997,80.93546,0,4,17.84
17.858997,80.59035,0,4,17.87
17.852009,80.72184,0,4,17.89
17.86,80.66214,0,4,17.89
17.87,80.816986,0,4,17.87
17.87799,80.92878,0,4,17.84
17.871006,80.65109,0,4,17.82
17.868996,80.386154,0,4,17.86
17.858997,80.479614,0,4,17.89
17.845022,80.03161,0,4,17.86
17.868996,80.559746,0,4,17.84
17.88799,80.69276,0,4,17.84
17.88799,80.34615,0,4,17.84
17.868996,80.24205,0,4,17.81
17.841003,80.250916,0,4,17.84
17.823013,80.157166,0,4,17.85
17.832008,80.34703,0,4,17.84
17.86,80.61594,0,4,17.86
17.883974,80.71572,0,4,17.84
17.861004,80.35227,0,4,17.83
17.842009,80.43205,0,4,17.84
17.84,80.618774,0,4,17.83
17.836987,80.39092,0,4,17.83
17.816025,80.05842,1,4,17.83
17.837992,80.46489,0,4,17.83
17.847992,80.73886,0,4,17.8
17.843014,80.74502,0,4,17.84
17.855984,80.747955,0,4,17.84
17.841003,80.643936,0,4,17.85
17.832008,80.44018,0,4,17.82
17.837992,80.50987,0,4,17.81
17.831005,80.41716,0,4,17.87
17.83,80.58196,0,4,17.91
17.83,80.6969,0,4,17.97
17.826986,80.5969,0,4,18.01
17.80703,80.31812,0,4,18.04
17.835983,80.24904,0,4,18.01
17.841003,80.322174,0,4,18.03
17.845984,80.67673,0,4,18.0
17.822008,80.6152,0,4,17.93
17.81703,80.81184,0,4,17.88
17.867992,80.73092,0,4,17.87
17.912008,80.52528,0,4,17.88
17.96799,80.77481,0,4,17.91
18.008995,80.73,0,4,17.89
18.033976,80.60485,0,4,17.86
18.015022,80.25725,0,4,17.88
18.024979,80.33603,0,4,17.89
17.995983,80.4969,0,4,17.91
17.932009,80.479,0,4,17.9
17.884018,80.452095,0,4,17.93
17.87201,80.601,0,4,17.94
17.882008,80.75188,0,4,17.94
17.904978,80.69205,0,4,17.95
17.888996,80.69397,0,4,17.93
17.86502,80.69515,0,4,17.96
17.878994,80.94991,0,4,17.97
17.891003,81.068954,0,4,17.96
17.906986,81.06293,0,4,17.96
17.904016,80.94515,0,4,17.93
17.927992,81.07292,0,4,17.93
17.938995,81.10301,0,4,17.94
17.941006,81.136986,0,4,17.94
17.946987,81.12891,0,4,17.95
17.935022,80.9972,0,4,17.96
17.95799,81.184845,0,4,17.96
17.96799,81.14803,0,4,17.96
17.961002,81.11991,0,4,17.96
17.956985,80.94704,0,4,17.96
17.933014,80.85318,0,4,17.98
17.931005,81.058784,0,4,17.96
17.938995,80.9241,0,4,17.94
17.941006,80.9531,0,4,17.93
17.95,81.1438,0,4,17.94
17.958996,81.00807,0,4,17.95
17.96,80.96498,0,4,17.99
17.96,80.9241,0,4,18.04
17.96,81.05895,0,4,18.05
17.962008,81.11895,0,4,18.04
17.975983,81.088036,0,4,18.04
17.96,81.107994,0,4,18.03
17.941006,81.12703,0,4,18.03
17.93201,81.211044,0,4,18.02
17.94,81.38498,0,4,18.01
17.953014,81.531006,0,4,18.02
17.991005,81.66895,0,4,18.02
18.035984,81.69791,0,4,18.02
18.04799,81.55105,0,4,18.03
18.041004,81.47603,0,4,18.02
18.038998,81.45096,0,4,18.03
18.031004,81.368034,0,4,17.99
18.028996,81.33899,0,4,17.99
18.02,81.32506,0,4,17.96
18.012009,81.41594,0,4,17.98
18.018997,81.39694,0,4,18.01
18.02,81.268036,0,4,18.06
18.021004,81.21109,0,4,18.06
18.027992,81.31594,0,4,18.05
18.022009,81.33502,0,4,18.04
18.024979,81.36694,0,4,18.02
17.994019,81.31004,0,4,18.06
17.986986,81.33807,0,4,17.97
17.965021,81.54812,0,4,17.93
17.981003,81.972885,0,4,17.91
18.012009,82.18489,0,4,17.9
18.054977,82.161964,0,4,17.9
18.058994,82.06708,0,4,17.91
18.05,82.111046,0,4,17.9
18.038998,82.2821,0,4,17.9
18.026028,82.60987,0,4,17.9
18.046944,82.73105,0,4,17.92
17.975021,82.91302,1,4,17.92
17.932009,83.12196,0,4,17.93
17.911003,83.26799,1,4,17.94
17.901005,83.38799,0,4,17.96
17.901005,83.48398,0,4,18.0
17.907991,83.52397,1,4,18.0
17.901005,83.51,1,4,17.98
17.9,83.49703,0,4,17.99
17.902008,83.52995,0,4,18.06
17.917992,83.49402,1,4,18.05
17.921005,83.48502,1,4,18.02
17.93,83.51297,0,4,18.05
17.941006,83.48498,0,4,18.05
17.962008,83.41904,1,4,18.04
17.995983,83.39088,0,4,18.03
17.997992,83.16611,0,4,18.03
17.983013,83.118996,0,4,18.03
17.996025,83.08799,0,4,18.02
18.051966,83.03397,0,4,18.0
18.04799,82.94004,0,4,18.01
18.026026,82.931046,0,4,18.01
18.046986,83.00895,0,4,18.02
18.048996,82.998955,0,4,18.03
18.04,82.90808,0,4,18.04
18.031004,82.94196,0,4,18.04
18.03,82.93402,0,4,18.05
18.028996,82.94899,0,4,18.05
18.018997,82.96703,1,4,18.05
18.003014,83.03498,0,4,18.06
18.008995,83.08406,0,4,18.06
18.011005,83.21188,0,4,18.07
18.02,83.14305,0,4,18.05
18.03,83.14498,0,4,18.06
18.038998,83.12302,0,4,18.06
18.041004,83.121,0,4,18.05
18.048996,83.136024,0,4,18.06
18.05,83.211044,0,4,18.07
18.051003,83.34384,1,4,18.06
18.058994,83.21808,0,4,18.06
18.061005,83.20502,0,4,18.05
18.066986,83.24197,0,4,18.06
18.053013,83.223015,0,4,18.06
18.058994,83.22502,0,4,18.06
18.058994,83.255936,0,4,18.06
18.052008,83.193054,1,4,18.06
18.06,83.223015,0,4,18.06
18.06799,83.27293,0,4,18.06
18.061005,83.20808,0,4,18.07
18.058994,83.24489,0,4,18.06
18.052008,83.12511,0,4,18.07
18.058994,83.17497,0,4,18.07
18.06,83.206985,0,4,18.06
18.06,83.20598,0,4,18.06
18.06,83.18004,0,4,18.05
18.06,83.22096,0,4,18.05
18.06,83.20502,0,4,18.05
18.061005,83.22502,0,4,18.05
18.06799,83.27493,0,4,18.05
18.062008,83.22707,0,4,18.05
18.068995,83.28192,0,4,18.05
18.068995,83.21904,0,4,18.05
18.061005,83.201965,0,4,18.05
18.058994,83.13904,0,4,18.04
18.051003,83.132965,0,4,18.05
18.05,83.09105,0,4,18.04
18.05,83.12799,0,4,18.04
18.05,83.15599,0,4,18.02
18.05,83.15201,0,4,18.05
18.05,83.15699,0,4,18.06
18.05,83.14502,0,4,18.06
18.05,83.167984,0,4,18.06
18.048996,83.18402,1,4,18.05
18.04201,83.228,1,4,18.07
18.04799,83.25699,0,4,18.07
18.041004,83.26201,0,4,18.09
18.037992,83.27899,0,4,18.11
18.025023,83.28397,1,4,18.12
18.04799,83.246025,0,4,18.11
18.058994,83.247986,0,4,18.09
18.06,83.24402,0,4,18.07
18.058994,83.26397,0,4,18.07
18.053013,83.241005,1,4,18.08
18.067991,83.21297,0,4,18.07
18.072008,83.132,1,4,18.07
18.09,83.06301,0,4,18.07
18.108997,83.01397,0,4,18.07
18.117992,82.93406,1,4,18.09
18.108997,82.94895,0,4,18.1
18.09,82.89502,1,4,18.09
18.072008,82.88306,1,4,18.08
18.071003,82.97498,1,4,18.08
18.077991,83.03598,0,4,18.08
18.071003,83.05397,0,4,18.13
18.07,83.03205,0,4,18.14
18.07,83.082924,1,4,18.13
18.072008,83.011,0,4,18.11
18.088997,82.94507,0,4,18.12
18.097992,82.99397,1,4,18.11
18.09,83.00598,1,4,18.09
18.081005,82.98603,0,4,18.09
18.08,83.00699,0,4,18.08
18.085022,83.02607,0,4,18.08
18.125982,83.15393,1,4,18.07
18.137989,83.15996,1,4,18.07
18.128994,83.097115,0,4,18.06
18.113014,83.221924,0,4,18.05
18.117992,83.23201,1,4,18.05
18.108997,83.241005,0,4,18.04
18.092009,83.26402,0,4,18.03
18.088997,83.316986,0,4,18.02
18.081005,83.351,1,4,18.02
18.078995,83.39,0,4,18.02
18.071003,83.429,0,4,18.01
18.068995,83.46402,1,4,18.01
18.06,83.522964,1,4,18.0
18.051003,83.531006,0,4,18.01
18.048996,83.543015,0,4,18.01
18.04,83.57699,0,4,18.0
18.03,83.59402,0,4,18.01
18.021006,83.63899,0,4,18.0
18.02,83.67498,1,4,17.99
18.018997,83.67402,1,4,17.99
18.011005,83.706024,0,4,17.99
18.008995,83.77895,0,3,17.99
18.002008,83.776024,0,3,18.0
18.008995,83.80397,0,3,18.01
18.008995,83.789,0,3,18.01
18.002008,83.76703,0,3,18.01
18.007992,83.798,0,3,18.0
18.0,83.821,0,3,17.99
17.991005,83.846985,0,3,17.99
17.99,83.85503,0,3,17.99
17.99,83.89497,0,3,17.98
17.991005,83.89699,0,3,17.97
18.0,83.889084,1,3,17.97
18.008995,84.00388,0,3,17.97
18.01,83.93904,0,3,18.01
18.008995,83.91397,0,3,18.01
18.0,83.85803,0,3,17.99
17.991005,83.85899,0,3,17.97
17.99,83.86101,0,3,17.96
17.988995,83.86398,0,3,17.95
17.98,83.82301,0,3,17.95
17.971004,83.80603,0,3,17.95
17.97,83.83598,0,3,17.95
17.974016,83.86812,0,3,17.95
18.005981,84.0728,0,3,17.94
18.007992,83.94607,0,3,17.93
17.99,83.901,0,3,17.94
17.971004,83.88,0,3,17.93
17.96,83.86201,0,3,17.93
17.951004,83.857994,0,3,17.93
17.95,83.841,0,3,17.92
17.95,83.828995,0,3,17.92
17.95,83.811005,0,3,17.91
17.948997,83.80101,0,3,17.91
17.94,83.798996,0,1,17.9
17.93201,83.79,0,1,17.89
17.937992,83.779,0,1,17.89
17.931005,83.763016,0,1,17.89
17.928997,83.78,0,1,17.88
17.921003,83.789,0,1,17.88
17.918995,83.79402,0,1,17.87
17.911003,83.82699,0,1,17.88
17.908997,83.83899,0,1,17.87
17.9,83.84402,0,1,17.87
17.891003,83.87698,0,1,17.87
17.89,83.893974,0,1,17.85
17.888994,83.857025,0,1,17.85
17.881004,83.87,1,1,17.85
17.878994,83.89,0,2,17.88
17.87201,83.909,0,2,17.89
17.87799,83.91899,1,2,17.9
17.871006,83.916985,0,2,17.91
17.87,83.89603,0,2,17.92
17.87,83.91899,0,2,17.93
17.867992,83.93598,0,2,17.93
17.852009,83.92502,0,2,17.93
17.85,83.95401,0,2,17.93
17.853012,84.00192,1,2,17.94
17.87799,83.91201,0,2,17.94
17.89,83.82402,0,2,17.94
17.9,83.776024,0,2,17.93
17.959211,83.49577,0,2,17.93
19.02659,83.869965,0,4,17.87
16.82341,74.87589,0,4,17.84
17.809898,79.30707,0,4,17.85
19.308031,86.21461,0,4,17.86
18.42038,82.62475,0,4,17.86
17.851528,80.01756,0,4,17.85
18.444933,83.343,0,4,17.86
17.287712,78.03199,0,4,17.87
18.02014,81.74104,0,4,17.87
17.308731,77.898994,0,4,17.87
19.098175,86.615456,0,4,17.87
19.20209,86.45781,0,4,17.86
17.15607,77.86512,0,4,17.84
17.015772,76.70435,0,4,17.87
18.872494,85.38614,0,4,17.89
19.263561,86.96645,0,4,17.89
17.253813,78.14395,0,4,17.84
17.014978,76.7721,0,4,17.82
17.014988,76.63885,0,4,17.83
17.039701,76.86947,0,4,17.89
18.771893,84.06314,0,4,17.86
17.06428,77.02295,0,4,17.84
18.919792,84.93284,0,4,17.84
17.498474,78.56198,0,4,17.81
18.194777,81.80503,0,4,17.85
18.977562,85.51079,0,4,17.84
16.538326,74.663216,0,4,17.86
17.05294,77.00037,0,4,17.84
17.307362,78.01895,0,4,17.84
16.616549,75.137726,0,4,17.83
17.859383,80.49737,0,4,17.83
17.55502,78.81524,1,4,17.83
17.080673,77.06409,0,4,17.83
18.208529,82.39231,0,4,17.8
16.774965,75.91988,0,4,17.84
18.455824,83.454216,0,4,17.84
18.087435,81.77873,0,4,17.85
18.564106,83.80903,0,4,17.81
17.519836,78.98174,0,4,17.87
17.60662,79.58034,0,4,17.91
18.93798,85.73605,0,4,17.97
17.968319,81.24542,0,4,18.01
16.675594,75.00278,0,4,18.01
18.195435,81.879456,0,4,18.03
18.151072,82.101814,0,4,18.0
19.09471,86.333374,0,4,17.93
17.413834,79.05157,0,4,17.88
17.168827,77.58157,0,4,17.87
16.989605,76.41068,0,4,17.91
17.177229,76.99709,0,4,17.89
17.175482,76.48382,0,4,17.88
17.006567,75.77025,0,4,17.89
17.864393,79.91338,0,4,17.91
16.94299,76.04974,0,4,17.9
16.801825,75.58002,0,4,17.93
17.977945,81.08687,0,4,17.94
19.067371,86.144424,0,4,17.94
17.482101,78.86001,0,4,17.93
18.715776,84.524895,0,4,17.96
16.669256,75.48712,0,4,17.97
18.860664,85.383736,0,4,17.96
17.715204,80.08378,0,4,17.94
17.931736,81.10262,0,4,17.94
17.530489,79.25343,0,4,17.95
18.64603,84.19248,0,4,17.96
16.750618,75.67624,0,4,17.96
18.999208,85.62338,0,4,17.96
16.890818,76.126434,0,4,17.98
17.503115,79.178894,0,4,17.96
18.267815,82.378265,0,4,17.94
18.208273,82.14021,0,4,17.93
17.096426,77.329185,0,4,17.94
17.095366,77.090965,0,4,17.95
17.679565,79.70571,0,4,17.99
18.221222,82.24914,0,4,18.05
18.297924,82.656494,0,4,18.04
17.081308,77.14171,0,4,18.03
16.759672,75.78287,0,4,18.03
18.353266,83.2649,0,4,18.01
17.832008,80.96268,0,4,18.02
19.315968,87.500046,0,4,18.02
18.774946,84.81491,0,4,18.03
19.076824,86.152374,0,4,18.02
17.470772,78.88963,0,4,18.03
18.95841,85.54942,0,4,17.99
17.936989,80.92039,0,4,17.99
18.563131,83.76071,0,4,17.96
18.971289,85.776344,0,4,17.98
17.890707,80.82589,0,4,18.01
16.72144,75.40423,0,4,18.06
17.901974,80.752495,0,4,18.05
18.895302,85.28051,0,4,18.04
16.651972,75.16015,0,4,18.02
17.93561,81.05421,0,4,18.06
17.987827,81.31018,0,4,17.97
18.500845,83.974884,0,4,17.93
18.678867,85.26317,0,4,17.9
18.898914,85.98692,0,4,17.9
18.724909,85.070816,0,4,17.91
18.995193,86.39919,0,4,17.9
16.737751,76.321915,0,4,17.9
17.744347,81.375854,0,4,17.9
18.067598,82.754814,0,4,17.92
16.908756,78.01364,1,4,17.92
17.606798,81.631516,0,4,17.93
17.104803,79.685455,0,4,17.96
18.330692,85.49206,1,4,18.0
16.578243,77.34353,1,4,17.98
17.604548,82.11194,0,4,17.99
18.929499,88.34472,0,4,18.06
18.234524,84.955376,1,4,18.05
17.743233,82.65654,1,4,18.02
18.178078,84.59797,0,4,18.05
16.594847,77.069954,1,4,18.04
18.324924,84.92584,0,4,18.03
16.643429,76.94115,0,4,18.03
18.658901,86.179436,0,4,18.02
18.867023,86.7507,0,4,18.0
17.792984,81.74915,0,4,18.01
18.015707,82.90024,0,4,18.01
19.209242,88.351875,0,4,18.02
19.247517,88.51726,0,4,18.03
19.011963,87.355965,0,4,18.04
17.53758,80.68454,0,4,18.04
16.473448,75.77055,0,4,18.05
19.15958,88.20637,1,4,18.05
17.37499,80.156624,0,4,18.06
17.505932,80.74502,0,4,18.06
17.62979,81.482704,0,4,18.07
19.023788,87.76068,0,4,18.05
17.49138,80.66602,0,4,18.06
17.153723,79.03644,0,4,18.06
18.745445,86.37037,0,4,18.05
18.438622,85.17519,1,4,18.06
17.616875,81.158585,0,4,18.05
17.792706,81.97249,0,4,18.06
18.169653,83.77167,0,4,18.06
18.553173,85.49253,0,4,18.06
16.481049,75.98986,0,4,18.06
19.108603,88.05837,1,4,18.06
18.572472,85.58146,0,4,18.06
17.918308,82.59081,0,4,18.06
16.472998,75.95274,0,4,18.06
18.756159,86.351074,0,4,18.07
17.378227,80.03992,0,4,18.07
18.46495,85.07578,0,4,18.06
18.106697,83.42515,0,4,18.06
17.464176,80.42611,0,4,18.05
16.646904,76.71772,0,4,18.05
17.560268,80.897804,0,4,18.05
18.660814,85.98854,0,4,18.05
17.288877,79.689575,0,4,18.05
18.421925,84.87754,0,4,18.05
17.073946,78.70834,0,4,18.05
17.36954,79.984474,0,4,18.05
19.26786,88.68977,0,4,18.04
17.42781,80.27414,0,4,18.05
18.753746,86.37113,0,4,18.04
18.303953,84.33002,0,4,18.02
16.968279,78.1763,0,4,18.06
17.53757,80.77971,0,4,18.06
18.325506,84.43947,0,4,18.06
17.158297,79.070755,1,4,18.05
18.084366,83.43469,1,4,18.07
16.587955,76.51597,0,4,18.07
16.759443,77.349846,0,4,18.09
19.19948,88.63262,0,4,18.11
17.752987,82.05585,1,4,18.12
17.316422,79.857,0,4,18.11
18.367926,84.669426,0,4,18.09
18.727926,86.31852,0,4,18.07
17.13917,79.02429,0,4,18.07
17.774738,81.86019,0,4,18.07
18.89785,86.769226,0,4,18.07
17.685913,81.017296,0,4,18.1
17.73122,81.316345,1,4,18.08
18.738579,86.05021,1,4,18.08
17.378601,79.818535,0,4,18.08
17.88478,82.16904,0,4,18.14
16.553074,76.123985,1,4,18.13
17.194973,78.9903,0,4,18.11
18.742533,85.9214,0,4,18.12
18.856646,86.469696,1,4,18.11
17.605618,80.7873,1,4,18.09
19.344719,88.81666,0,4,18.08
17.069178,78.36906,0,4,18.08
16.6108,76.20078,1,4,18.07
18.581793,85.19558,1,4,18.07
17.672493,81.22906,0,4,18.05
18.420467,84.61012,1,4,18.05
17.624056,81.006424,0,4,18.04
16.641994,76.59549,0,4,18.03
17.566408,80.9084,0,4,18.02
18.842999,86.86748,1,4,18.02
16.664312,76.86045,0,4,18.02
17.916975,82.72348,0,4,18.01
17.408535,80.40489,1,4,18.01
17.282007,79.93167,1,4,18.0
17.97994,83.20579,0,4,18.01
16.424744,76.09646,0,4,18.0
17.198822,79.73652,0,4,18.01
18.174822,84.358604,0,4,18.0
17.567524,81.57883,1,4,17.99
17.398817,80.785736,1,4,17.99
16.735949,77.778946,0,4,17.99
18.228783,84.80786,0,3,17.99
18.443518,85.834076,0,3,18.0
19.129738,89.02073,0,3,18.01
18.047628,83.96506,0,3,18.01
16.779432,78.08029,0,3,18.01
16.418034,76.392624,0,3,18.0
16.60043,77.302666,0,3,17.99
18.79682,87.61052,0,3,17.99
18.064041,84.24531,0,3,17.98
17.163242,80.04425,0,3,17.97
18.307886,85.41986,0,3,17.97
18.680931,87.05666,0,3,18.01
18.497124,86.18982,0,3,18.01
17.636911,82.21408,0,3,17.97
18.85397,87.887375,0,3,17.96
17.493526,81.55543,0,3,17.95
17.30387,80.66798,0,3,17.95
16.724905,77.99371,0,3,17.95
16.945835,79.06171,0,3,17.95
18.946173,88.29274,0,3,17.93
18.605343,86.87328,0,3,17.93
18.982985,88.68596,0,3,17.93
17.213615,80.40053,0,3,17.92
18.574903,86.74842,0,3,17.92
18.304026,85.46297,0,3,17.91
17.778898,83.04748,0,1,17.9
16.644405,77.782196,0,1,17.89
16.447195,76.84225,0,1,17.89
18.86763,88.16118,0,1,17.88
16.499708,77.149025,0,1,17.88
16.481583,77.06428,0,1,17.87
17.272821,80.84761,0,1,17.88
19.07744,89.3549,0,1,17.87
18.703325,87.6934,0,1,17.87
16.578625,77.740685,0,1,17.87
17.348953,81.36262,0,1,17.85
16.977728,79.5742,0,1,17.85
18.777233,88.078674,1,1,17.85
17.758072,83.31794,0,2,17.88
16.412615,77.066734,0,2,17.89
17.968805,84.33681,1,2,17.9
16.564049,77.78706,0,2,17.93
16.604837,77.9972,0,2,17.93
18.367037,86.35079,0,2,17.93
18.34117,86.26,0,2,17.93
17.72298,83.42211,1,2,17.94
18.153776,85.05588,0,2,17.94
18.158472,84.97962,0,2,17.93
17.93,81.11,0,4,17.89
17.93,80.81,0,4,17.86
18.05,83.15,0,4,17.85
17.88,83.91,0,2,17.87
18.06,82.05,0,4,17.84
17.87,80.75,0,4,17.86
18.06,83.27,0,4,17.85
18.06,83.21,0,4,17.86
17.9,83.49,0,4,17.86
17.95,79.89,0,4,17.85
18.0,83.77,0,3,17.86
17.99,83.86,0,3,17.87
17.87,80.23,0,4,17.88
18.06,83.24,0,4,17.87
18.01,83.8,0,3,17.87
18.06,83.22,0,4,17.87
18.03,82.95,0,4,17.86
18.06,83.19,0,4,17.84
18.05,83.1,0,4,17.89
18.05,83.26,0,4,17.89
18.02,83.13,0,4,17.87
17.93,83.78,0,1,17.84
18.11,83.24,0,4,17.82
18.01,80.73,0,4,17.83
18.0,83.82,0,3,17.86
18.09,83.06,0,4,17.89
17.83,80.72,0,4,17.86
18.0,83.14,0,4,17.84
18.07,80.31,0,4,17.84
17.95,81.15,0,4,17.84
18.04,83.58,0,4,17.81
17.87,83.91,0,2,17.84
18.05,81.54,0,4,17.85
17.91,83.84,0,1,17.84
18.06,83.13,0,4,17.86
18.0,83.87,1,3,17.84
17.81,80.85,0,4,17.83
17.9,83.39,0,4,17.84
18.06,83.04,0,4,17.83
18.04,82.89,0,4,17.83
18.06,83.53,1,4,17.83
18.05,83.24,1,4,17.83
17.85,80.74,0,4,17.8
18.0,83.04,0,4,17.84
17.87,80.63,0,4,17.84
18.02,83.29,1,4,17.85
17.85,80.77,0,4,17.82
18.06,83.23,0,4,17.81
17.99,83.9,0,3,17.87
18.05,83.13,0,4,17.91
17.95,83.86,0,3,17.97
18.01,84.03,0,3,18.01
18.07,83.43,0,4,18.04
17.9,83.51,1,4,18.01
17.97,80.24,0,4,18.0
17.99,81.68,0,4,17.93
17.89,83.89,0,1,17.88
18.07,83.29,0,4,17.87
18.1,83.0,1,4,17.88
17.88,80.98,0,4,17.91
18.01,83.24,0,4,17.89
17.97,82.91,1,4,17.86
17.87,80.35,0,4,17.88
18.03,83.15,0,4,17.89
18.08,83.01,0,4,17.91
17.96,81.22,0,4,17.9
18.11,83.24,0,4,17.94
17.83,80.62,0,4,17.94
17.94,81.1,0,4,17.93
17.89,80.7,0,4,17.96
17.95,83.81,0,3,17.97
18.09,83.32,0,4,17.96
18.06,83.17,0,4,17.96
18.02,81.19,0,4,17.93
17.99,83.09,0,4,17.93
17.83,80.34,0,4,17.94
18.06,83.25,0,4,17.94
18.02,81.31,0,4,17.95
17.84,80.42,0,4,17.96
17.85,83.92,0,2,17.96
17.89,83.82,0,2,17.96
18.07,83.13,1,4,17.96
18.07,83.1,1,4,17.96
17.94,81.14,0,4,17.98
18.06,83.22,0,4,17.96
17.95,83.84,0,3,17.93
17.83,80.4,0,4,17.94
18.06,83.22,0,4,17.95
18.05,83.16,0,4,17.99
17.88,83.87,1,1,18.04
18.11,83.02,0,4,18.04
18.05,83.18,1,4,18.04
18.01,83.07,0,4,18.03
17.96,80.97,0,4,18.03
18.01,84.12,0,3,18.02
18.06,82.17,0,4,18.02
17.84,80.74,0,4,18.02
17.94,81.39,0,4,18.02
18.05,83.14,0,4,18.03
17.93,83.13,0,4,18.02
18.09,83.01,1,4,18.03
18.14,83.17,1,4,17.99
17.87,80.6,0,4,17.99
17.9,83.84,0,1,17.96
17.89,83.9,0,1,17.98
17.83,80.59,0,4,18.01
17.99,83.85,0,3,18.06
17.93,81.09,0,4,18.06
17.97,83.8,0,3,18.05
17.89,80.75,0,4,18.04
17.84,80.29,0,4,18.02
18.0,83.76,0,3,18.06
18.01,83.79,0,3,17.93
18.07,83.01,0,4,17.91
17.93,83.76,0,1,17.9
18.41,80.96,0,4,17.9
17.94,80.47,0,4,17.91
17.96,81.14,0,4,17.9
18.07,83.22,0,4,17.9
17.86,80.51,0,4,17.9
18.03,80.33,0,4,17.92
17.8,80.29,0,4,17.92
17.86,80.63,0,4,17.93
18.03,82.93,0,4,17.94
17.96,81.07,0,4,17.96
18.09,82.93,0,4,18.0
18.05,83.02,0,4,18.0
18.03,83.59,0,4,17.98
18.02,81.41,0,4,17.99
17.87,80.82,0,4,18.06
17.99,83.9,0,3,18.05
18.07,82.98,1,4,18.02
17.87,80.49,0,4,18.05
17.86,80.76,0,4,18.05
18.07,82.87,1,4,18.04
18.02,82.92,0,4,18.03
17.94,80.9,0,4,18.03
18.05,82.1,0,4,18.03
17.94,80.93,0,4,18.02
18.08,83.35,1,4,18.0
18.06,83.27,0,4,18.01
18.02,81.26,0,4,18.01
17.96,80.9,0,4,18.02
18.03,81.34,0,4,18.03
17.96,81.52,0,4,18.04
18.03,81.38,0,4,18.05
17.91,83.27,1,4,18.05
17.86,80.63,0,4,18.05
17.85,80.37,0,4,18.06
17.84,80.66,0,4,18.06
18.05,82.93,0,4,18.07
18.11,82.96,0,4,18.05
18.02,83.68,1,4,18.06
17.96,80.99,0,4,18.06
18.13,83.07,0,4,18.05
17.93,80.48,0,4,18.06
18.05,83.16,0,4,18.07
17.98,82.0,0,4,18.06
17.87,83.94,0,2,18.05
17.89,83.88,0,1,18.06
17.97,83.84,0,3,18.06
18.07,83.21,0,4,18.06
17.93,83.77,0,1,18.06
17.84,80.41,0,4,18.06
17.92,83.79,0,1,18.06
18.08,83.04,0,4,18.07
17.94,83.49,0,4,18.07
18.06,82.72,0,4,18.07
18.16,80.05,0,4,18.06
18.01,83.81,0,3,18.06
17.92,83.79,0,1,18.05
17.85,84.02,1,2,18.05
18.05,83.24,0,4,18.05
17.95,83.8,0,3,18.05
18.08,83.39,0,4,18.05
17.99,81.32,0,4,18.05
17.86,81.0,0,4,18.05
17.91,80.68,0,4,18.05
17.93,80.95,0,4,18.05
18.03,81.33,0,4,18.04
17.84,80.49,0,4,18.04
17.81,79.96,1,4,18.04
17.93,83.79,0,1,18.02
18.08,83.01,0,4,18.05
17.95,81.19,0,4,18.06
18.05,83.2,0,4,18.06
17.95,81.53,0,4,18.06
17.95,80.3,0,4,18.05
17.97,80.02,0,4,18.07
17.86,80.29,0,4,18.07
17.96,81.11,0,4,18.09
17.99,83.85,0,3,18.11
18.06,83.2,0,4,18.12
17.87,83.89,0,2,18.11
18.06,83.18,0,4,18.09
17.94,81.12,0,4,18.07
18.0,83.85,0,3,18.07
17.88,80.97,0,4,18.08
17.97,80.82,0,4,18.07
17.87,81.17,0,4,18.07
18.08,82.98,0,4,18.07
18.04,83.12,0,4,18.09
17.88,83.92,1,2,18.1
17.82,80.12,0,4,18.09
18.0,83.42,0,4,18.08
18.04,83.26,0,4,18.08
18.12,82.92,1,4,18.08
17.87,83.92,0,2,18.13
17.98,81.08,0,4,18.14
17.84,80.54,0,4,18.13
17.84,80.27,0,4,18.11
18.07,83.46,1,4,18.12
18.01,82.21,0,4,18.11
17.91,80.46,0,4,18.09
18.01,83.92,0,3,18.09
17.99,81.3,0,4,18.08
18.04,81.72,0,4,18.08
18.05,83.14,0,4,18.07
18.07,83.06,0,4,18.07
17.9,83.49,0,4,18.05
18.05,83.38,1,4,18.05
17.92,83.49,1,4,18.04
17.87,80.62,0,4,18.03
18.05,83.54,0,4,18.02
18.0,80.52,0,4,18.02
17.84,80.67,0,4,18.02
17.87,83.92,0,2,18.01
18.07,83.02,0,4,18.01
18.03,81.36,0,4,18.0
18.04,81.47,0,4,18.01
17.84,79.89,0,4,18.01
17.88,83.89,0,2,18.0
17.85,80.76,0,4,18.01
17.91,81.08,0,4,18.0
17.9,80.91,0,4,17.99
18.05,83.22,0,4,17.99
17.88,80.43,0,4,17.99
18.05,83.53,0,4,17.99
17.95,83.83,0,3,18.0
18.34,80.4,0,4,18.01
17.99,83.87,0,3,18.01
17.96,81.13,0,4,18.01
18.25,80.4,0,4,18.0
17.93,81.2,0,4,17.99
17.84,80.28,0,4,17.99
17.86,80.57,0,4,17.99
17.99,83.86,0,3,17.98
18.01,81.43,0,4,17.97
18.02,83.67,1,4,17.97
18.07,83.3,0,4,17.97
18.05,83.08,0,4,18.01
17.83,80.38,0,4,18.01
17.94,83.78,0,1,17.99
17.92,83.48,1,4,17.97
17.97,83.84,0,3,17.96
17.89,83.85,0,1,17.95
18.01,80.2,0,4,17.95
18.06,83.21,0,4,17.95
18.03,82.95,0,4,17.95
18.02,83.64,0,4,17.95
17.93,83.52,0,4,17.94
18.05,83.01,0,4,17.93
18.04,83.12,0,4,17.94
17.84,80.24,0,4,17.93
18.02,82.64,0,4,17.93
17.89,80.31,0,4,17.92
18.04,80.64,0,4,17.92
18.01,83.79,0,3,17.91
18.04,82.26,0,4,17.91
18.06,83.27,0,4,17.9
18.02,82.96,1,4,17.89
17.86,81.06,0,4,17.89
17.9,83.77,0,2,17.89
17.97,81.14,0,4,17.89
18.09,83.26,0,4,17.88
17.89,80.78,0,4,17.88
17.91,83.83,0,1,17.87
18.04,83.28,0,4,17.88
17.96,80.94,0,4,17.87
18.06,83.2,0,4,17.87
18.04,83.23,1,4,17.87
18.09,82.89,1,4,17.87
17.89,81.08,0,4,17.85
17.97,83.88,0,3,17.85
17.85,83.95,0,2,17.85
18.01,83.93,0,3,17.88
17.94,83.8,0,1,17.89
17.82,80.57,0,4,17.9
17.9,83.54,0,4,17.91
17.98,83.12,0,4,17.92
18.05,83.13,0,4,17.93
18.02,81.33,0,4,17.93
17.91,83.53,1,4,17.93
17.86,80.7,0,4,17.93
18.01,83.7,0,4,17.94
17.86,80.66,0,4,17.94
17.89,80.19,0,4,17.94
18.06,83.21,0,4,17.93
18.05,83.17,0,4,17.93
