temp,hum,pir,taux_occupation,temp_future
16.41,64.79,0,2,16.55
16.39,64.63,0,2,16.57
16.38,64.44,0,2,16.51
16.33,64.59,0,2,16.45
16.36,64.58,0,2,16.41
16.48,64.79,0,2,16.37
16.65,64.32,1,2,16.35
16.64,64.97,1,2,16.32
16.6,64.34,1,2,16.32
16.57,64.36,0,2,16.29
16.55,64.49,0,2,16.28
16.57,64.84,0,2,16.26
16.51,64.68,0,2,16.26
16.45,64.89,0,2,16.25
16.41,65.11,0,2,16.25
16.37,65.31,0,2,16.23
16.35,65.41,0,2,16.21
16.32,65.62,0,2,16.22
16.32,65.74,0,2,16.23
16.29,65.97,0,2,16.22
16.28,65.97,1,2,16.23
16.26,66.21,0,2,16.21
16.26,66.1,0,2,16.22
16.25,66.31,0,2,16.27
16.25,66.46,0,2,16.3
16.23,66.45,1,2,16.33
16.21,66.23,0,2,16.34
16.22,66.53,1,2,16.34
16.23,66.59,0,2,16.35
16.22,66.12,1,2,16.37
16.23,66.52,0,2,16.38
16.21,66.52,0,2,16.38
16.22,66.44,0,2,16.38
16.27,66.7,0,2,16.38
16.3,66.65,0,2,16.39
16.33,66.68,0,2,16.42
16.34,66.82,0,2,16.45
16.34,66.81,0,2,16.52
16.35,66.9,0,2,16.52
16.37,66.89,0,2,16.53
16.38,66.94,0,2,16.58
16.38,66.85,0,2,16.58
16.38,66.82,0,2,16.57
16.38,66.89,0,2,16.52
16.39,66.96,0,2,16.53
16.42,66.16,0,2,16.52
16.45,66.83,0,2,16.59
16.52,66.41,0,2,16.59
16.52,66.46,1,2,16.72
16.53,66.57,0,2,16.7
16.58,65.9,0,2,16.65
16.58,66.21,0,2,16.62
16.57,65.98,0,2,16.57
16.52,66.49,0,2,16.54
16.53,66.61,1,2,16.52
16.52,66.68,0,2,16.52
16.59,66.8,0,2,16.51
16.59,66.58,0,2,16.5
16.72,65.91,0,2,16.51
16.7,65.47,0,2,16.5
16.65,65.85,0,2,16.5
16.62,66.1,0,2,16.52
16.57,66.17,0,2,16.52
16.54,66.42,0,2,16.53
16.52,66.66,0,2,16.52
16.52,66.72,0,2,16.53
16.51,66.92,0,2,16.52
16.5,66.85,0,2,16.53
16.51,66.81,0,2,16.53
16.5,67.06,0,2,16.52
16.5,67.08,1,2,16.5
16.52,67.02,0,2,16.52
16.52,67.06,0,2,16.51
16.53,66.9,0,2,16.5
16.52,67.13,0,2,16.5
16.53,67.01,0,2,16.5
16.52,67.22,0,2,16.51
16.53,67.21,0,2,16.51
16.53,67.27,0,2,16.52
16.52,67.4,0,2,16.51
16.5,67.22,0,2,16.51
16.52,67.45,0,2,16.51
16.51,67.34,1,2,16.49
16.5,67.46,0,2,16.5
16.5,67.41,0,2,16.51
16.5,67.48,0,2,16.49
16.51,67.53,0,2,16.49
16.51,67.51,0,2,16.49
16.52,67.55,0,2,16.5
16.51,67.6,0,2,16.5
16.51,67.52,0,2,16.5
16.51,67.48,0,2,16.51
16.49,67.51,0,2,16.51
16.5,67.47,0,2,16.54
16.51,67.52,0,2,16.54
16.49,67.54,0,2,16.54
16.49,67.46,1,2,16.55
16.49,67.58,1,2,16.55
16.5,67.55,0,2,16.55
16.5,67.56,0,2,16.55
16.5,67.44,0,2,16.56
16.51,67.55,0,2,16.54
16.51,67.54,0,2,16.54
16.54,67.36,0,2,16.51
16.54,67.59,0,2,16.52
16.54,67.65,0,2,16.52
16.55,67.4,1,2,16.53
16.55,67.64,0,2,16.52
16.55,67.71,0,2,16.52
16.55,67.7,0,2,16.53
16.56,67.64,1,2,16.54
16.54,67.65,0,2,16.55
16.54,67.73,0,2,16.55
16.51,67.74,0,2,16.56
16.52,67.85,0,2,16.54
16.52,67.83,0,2,16.53
16.53,67.81,0,2,16.54
16.52,67.89,0,2,16.54
16.52,67.89,0,2,16.53
16.53,67.82,1,2,16.53
16.54,67.88,0,2,16.53
16.55,67.79,0,2,16.56
16.55,67.71,1,2,16.54
16.56,67.78,0,2,16.53
16.54,67.86,0,2,16.54
16.53,67.79,0,2,16.54
16.54,67.9,1,2,16.56
16.54,67.9,0,2,16.55
16.53,67.89,0,2,16.54
16.53,67.93,0,2,16.56
16.53,67.85,1,2,16.54
16.56,67.9,0,2,16.55
16.54,67.93,1,2,16.55
16.54,67.83,0,2,16.52
16.54,67.8,0,2,16.54
16.56,67.8,1,2,16.54
16.55,67.83,0,2,16.67
16.54,67.76,0,2,17.24
16.56,67.63,0,2,17.28
16.54,67.88,0,2,17.21
16.55,67.82,0,2,17.13
16.55,67.93,0,2,17.08
16.54,67.96,0,2,16.97
16.52,68.07,0,2,16.94
16.54,67.97,0,2,16.89
16.54,67.97,0,2,16.86
16.67,67.71,1,2,16.81
17.24,65.29,0,2,16.77
17.28,65.07,0,2,16.75
17.21,65.48,0,2,16.72
17.13,65.5,0,2,16.7
17.08,65.59,0,2,16.68
16.97,65.99,0,2,16.67
16.94,66.17,0,2,16.67
16.89,66.1,0,2,16.64
16.86,66.4,0,2,16.67
16.81,66.42,0,2,16.62
16.77,66.64,0,2,16.62
16.75,66.89,0,2,16.6
16.72,66.91,0,2,16.59
16.7,66.9,0,2,16.58
16.68,66.99,0,2,16.55
16.67,67.11,0,2,16.57
16.67,67.19,0,2,16.56
16.64,67.22,0,2,16.43
16.67,66.72,0,2,16.5
16.62,67.18,0,2,16.54
16.62,67.22,0,2,16.57
16.6,67.29,0,2,16.61
16.59,67.23,0,2,16.64
16.58,67.02,0,2,16.66
16.55,67.47,0,2,16.66
16.57,67.48,0,2,16.64
16.56,67.25,0,2,16.63
16.43,65.29,0,2,16.62
16.5,66.86,0,2,16.63
16.54,66.88,0,2,16.6
16.57,66.45,0,2,16.58
16.61,66.62,0,2,16.57
16.64,66.67,0,2,16.55
16.66,66.63,0,2,16.53
16.66,66.85,0,2,16.51
16.64,66.93,0,2,16.51
16.63,67.03,0,2,16.49
16.62,67.08,0,2,16.48
16.63,67.18,0,2,16.46
16.6,66.77,0,2,16.44
16.58,67.39,0,2,16.43
16.57,67.65,0,2,16.43
16.55,67.23,0,2,16.42
16.53,67.75,0,2,16.4
16.51,67.62,0,2,16.39
16.51,67.54,0,2,16.38
16.49,67.39,0,2,16.38
16.48,67.3,0,2,16.38
16.46,67.72,0,2,16.37
16.44,67.51,0,2,16.36
16.43,67.61,0,2,16.36
16.43,68.21,0,2,16.35
16.42,68.24,0,2,16.35
16.4,68.2,0,2,16.34
16.39,68.22,0,2,16.35
16.38,68.36,0,2,16.34
16.38,68.51,0,2,16.33
16.38,68.57,0,2,16.32
16.37,67.92,0,2,16.31
16.36,68.74,0,2,16.29
16.36,68.77,0,2,16.3
16.35,68.8,0,2,16.3
16.35,68.82,0,2,16.3
16.34,68.95,0,2,16.3
16.35,68.77,0,2,16.29
16.34,69.01,0,2,16.28
16.33,69.17,0,2,16.27
16.32,68.74,0,2,16.27
16.31,69.25,0,2,16.27
16.29,68.87,0,2,16.26
16.3,69.43,0,2,16.26
16.3,69.45,0,2,16.26
16.40604,64.78527,0,2,16.55
16.398844,64.627426,0,2,16.57
16.37236,64.43839,0,2,16.51
16.32822,64.58852,0,2,16.45
16.367443,64.57852,0,2,16.41
16.47879,64.79046,0,2,16.37
16.647263,64.3222,1,2,16.35
16.631504,64.966484,1,2,16.32
16.60248,64.34148,1,2,16.32
16.574144,64.35594,0,2,16.29
16.569407,64.49782,0,2,16.28
16.57679,64.84325,0,2,16.26
16.50471,64.68431,0,2,16.26
16.447193,64.90092,0,2,16.25
16.408016,65.107,0,2,16.25
16.365152,65.31903,0,2,16.23
16.350466,65.41503,0,2,16.21
16.319168,65.62218,0,2,16.22
16.320915,65.736176,0,2,16.23
16.280752,65.968735,0,2,16.22
16.275108,65.96925,1,2,16.23
16.257574,66.20954,0,2,16.21
16.271294,66.11153,0,2,16.22
16.253515,66.30857,0,2,16.27
16.257383,66.46182,0,2,16.3
16.228783,66.44617,1,2,16.33
16.205547,66.231094,0,2,16.34
16.212702,66.53494,1,2,16.34
16.235046,66.5858,0,2,16.35
16.217136,66.12067,1,2,16.37
16.226925,66.52759,0,2,16.38
16.2069,66.52361,0,2,16.38
16.220642,66.447334,0,2,16.38
16.266361,66.70821,0,2,16.38
16.292192,66.65314,0,2,16.39
16.332445,66.68003,0,2,16.42
16.333141,66.817924,0,2,16.45
16.334969,66.802444,0,2,16.52
16.35327,66.89698,0,2,16.52
16.362783,66.894745,0,2,16.53
16.380093,66.93584,0,2,16.58
16.379227,66.85223,0,2,16.58
16.372038,66.81505,0,2,16.57
16.370043,66.88955,0,2,16.52
16.391745,66.96118,0,2,16.53
16.424507,66.157295,0,2,16.52
16.44991,66.82623,0,2,16.59
16.520658,66.409195,0,2,16.59
16.521656,66.4614,1,2,16.72
16.52838,66.56833,0,2,16.7
16.59,65.89538,0,2,16.65
16.580399,66.20997,0,2,16.62
16.574234,65.988914,0,2,16.57
16.521439,66.48499,0,2,16.54
16.525444,66.600876,1,2,16.52
16.513515,66.68858,0,2,16.52
16.590343,66.80818,0,2,16.51
16.59549,66.57826,0,2,16.5
16.71996,65.91774,0,2,16.51
16.688438,65.467865,0,2,16.5
16.65658,65.85212,0,2,16.5
16.618092,66.095184,0,2,16.52
16.576641,66.16567,0,2,16.52
16.534191,66.41323,0,2,16.53
16.515789,66.66199,0,2,16.52
16.519217,66.723564,0,2,16.53
16.50957,66.91846,0,2,16.52
16.50553,66.85756,0,2,16.53
16.513792,66.80291,0,2,16.53
16.495195,67.059944,0,2,16.52
16.502981,67.076645,1,2,16.5
16.528013,67.014084,0,2,16.52
16.516306,67.065445,0,2,16.51
16.527695,66.89935,0,2,16.5
16.520634,67.14247,0,2,16.5
16.523539,67.01519,0,2,16.5
16.52314,67.21748,0,2,16.51
16.527494,67.20996,0,2,16.51
16.528246,67.27379,0,2,16.52
16.519226,67.40307,0,2,16.51
16.506435,67.22668,0,2,16.51
16.52145,67.45568,0,2,16.51
16.508377,67.34343,1,2,16.49
16.49826,67.457436,0,2,16.5
16.492933,67.41151,0,2,16.51
16.500202,67.47231,0,2,16.49
16.5052,67.52999,0,2,16.49
16.516163,67.50931,0,2,16.49
16.52772,67.550606,0,2,16.5
16.509848,67.60389,0,2,16.5
16.512184,67.511604,0,2,16.5
16.508411,67.4781,0,2,16.51
16.4907,67.511986,0,2,16.51
16.5028,67.46696,0,2,16.54
16.515894,67.51926,0,2,16.54
16.480219,67.53984,0,2,16.54
16.501192,67.470955,1,2,16.55
16.480135,67.57713,1,2,16.55
16.49618,67.54159,0,2,16.55
16.493479,67.560425,0,2,16.55
16.50448,67.440895,0,2,16.56
16.50716,67.54648,0,2,16.54
16.50465,67.5409,0,2,16.54
16.539238,67.36282,0,2,16.51
16.537045,67.58819,0,2,16.52
16.54671,67.65792,0,2,16.52
16.55163,67.40281,1,2,16.53
16.544294,67.63702,0,2,16.52
16.557896,67.70498,0,2,16.52
16.551582,67.70666,0,2,16.53
16.559109,67.635735,1,2,16.54
16.548983,67.644844,0,2,16.55
16.537033,67.73102,0,2,16.55
16.500595,67.74366,0,2,16.56
16.519318,67.847626,0,2,16.54
16.529268,67.83863,0,2,16.53
16.533861,67.80822,0,2,16.54
16.515226,67.88601,0,2,16.54
16.522799,67.90246,0,2,16.53
16.530565,67.821236,1,2,16.53
16.544033,67.87673,0,2,16.53
16.549234,67.79307,0,2,16.56
16.554398,67.71707,1,2,16.54
16.563862,67.77609,0,2,16.53
16.534817,67.857544,0,2,16.54
16.535244,67.79615,0,2,16.54
16.5352,67.89754,1,2,16.56
16.541927,67.895164,0,2,16.55
16.52729,67.89237,0,2,16.54
16.527697,67.92939,0,2,16.56
16.526438,67.85567,1,2,16.54
16.56082,67.9042,0,2,16.55
16.541927,67.929924,1,2,16.55
16.52587,67.88849,0,2,16.54
16.532621,67.8254,0,2,16.52
16.543564,67.79685,0,2,16.54
16.561266,67.800476,1,2,16.54
16.55503,67.83534,0,2,16.67
16.53225,67.76293,0,2,17.24
16.558083,67.62103,0,2,17.28
16.541874,67.8735,0,2,17.21
16.54446,67.81359,0,2,17.13
16.544903,67.928696,0,2,17.08
16.54385,67.96086,0,2,16.97
16.516954,68.067375,0,2,16.94
16.539387,67.972595,0,2,16.89
16.536148,67.97692,0,2,16.86
16.669025,67.71099,1,2,16.81
17.229454,65.28114,0,2,16.77
17.284101,65.070145,0,2,16.75
17.205162,65.48565,0,2,16.72
17.130144,65.50467,0,2,16.7
17.073029,65.59771,0,2,16.68
16.96942,65.991455,0,2,16.67
16.935566,66.17385,0,2,16.67
16.899105,66.0935,0,2,16.64
16.860992,66.40206,0,2,16.67
16.809502,66.4162,0,2,16.62
16.7754,66.627815,0,2,16.62
16.741056,66.88722,0,2,16.6
16.719942,66.90751,0,2,16.59
16.701094,66.901276,0,2,16.58
16.681654,66.9907,0,2,16.55
16.668545,67.10798,0,2,16.57
16.672354,67.18982,0,2,16.56
16.640553,67.22415,0,2,16.43
16.668415,66.711006,0,2,16.5
16.61873,67.182625,0,2,16.54
16.612444,67.22069,0,2,16.57
16.597609,67.290504,0,2,16.61
16.5955,67.22633,0,2,16.64
16.577797,67.01994,0,2,16.66
16.544641,67.46584,0,2,16.66
16.570797,67.48876,0,2,16.64
16.56243,67.24577,0,2,16.63
16.42629,65.28772,0,2,16.62
16.496664,66.85931,0,2,16.63
16.542643,66.88515,0,2,16.6
16.575384,66.45126,0,2,16.58
16.60248,66.62281,0,2,16.57
16.63774,66.66449,0,2,16.55
16.667963,66.632195,0,2,16.53
16.656904,66.8489,0,2,16.51
16.639847,66.92589,0,2,16.51
16.6264,67.02949,0,2,16.49
16.626734,67.08358,0,2,16.48
16.633106,67.18236,0,2,16.46
16.59891,66.76985,0,2,16.44
16.589844,67.39048,0,2,16.43
16.567354,67.65099,0,2,16.43
16.54998,67.22415,0,2,16.42
16.52295,67.75046,0,2,16.4
16.497839,67.62077,0,2,16.39
16.510008,67.537056,0,2,16.38
16.498146,67.382996,0,2,16.38
16.477615,67.29673,0,2,16.38
16.4558,67.7226,0,2,16.37
16.441925,67.5017,0,2,16.36
16.429316,67.613,0,2,16.36
16.426321,68.21126,0,2,16.35
16.422117,68.23746,0,2,16.35
16.401075,68.20569,0,2,16.34
16.390385,68.220146,0,2,16.35
16.384768,68.36216,0,2,16.34
16.37908,68.509796,0,2,16.33
16.384148,68.5648,0,2,16.32
16.361418,67.91416,0,2,16.31
16.359842,68.73608,0,2,16.29
16.355892,68.77403,0,2,16.3
16.353941,68.80647,0,2,16.3
16.353811,68.81375,0,2,16.3
16.342527,68.94996,0,2,16.3
16.348272,68.767654,0,2,16.29
16.34641,69.01729,0,2,16.28
16.327213,69.172935,0,2,16.27
16.316833,68.72939,0,2,16.27
16.316238,69.25692,0,2,16.27
16.288988,68.872086,0,2,16.26
16.298723,69.421776,0,2,16.26
16.302668,69.45314,0,2,16.26
16.396461,64.80462,0,2,16.55
16.385069,64.63918,0,2,16.57
16.393536,64.438286,0,2,16.51
16.346548,64.592316,0,2,16.45
16.355837,64.5854,0,2,16.41
16.485277,64.798325,0,2,16.37
16.655542,64.334625,1,2,16.35
16.646122,64.97298,1,2,16.32
16.599255,64.31873,1,2,16.32
16.575712,64.36553,0,2,16.29
16.543802,64.49496,0,2,16.28
16.577835,64.82879,0,2,16.26
16.520203,64.69189,0,2,16.26
16.447487,64.88461,0,2,16.25
16.413363,65.11869,0,2,16.25
16.357874,65.31767,0,2,16.23
16.34454,65.42235,0,2,16.21
16.311775,65.62175,0,2,16.22
16.329311,65.745544,0,2,16.23
16.291729,65.9445,0,2,16.22
16.282888,65.96758,1,2,16.23
16.250229,66.215675,0,2,16.21
16.251694,66.1106,0,2,16.22
16.263578,66.298225,0,2,16.27
16.237373,66.45217,0,2,16.3
16.237852,66.44114,1,2,16.33
16.195702,66.2394,0,2,16.34
16.20655,66.545044,1,2,16.34
16.240124,66.57298,0,2,16.35
16.193283,66.127014,1,2,16.37
16.216879,66.52081,0,2,16.38
16.214508,66.50675,0,2,16.38
16.220346,66.45573,0,2,16.38
16.273222,66.69794,0,2,16.38
16.301584,66.652664,0,2,16.39
16.324791,66.670265,0,2,16.42
16.345621,66.80576,0,2,16.45
16.34684,66.82335,0,2,16.52
16.347075,66.88054,0,2,16.52
16.375587,66.883484,0,2,16.53
16.369051,66.92676,0,2,16.58
16.369017,66.85902,0,2,16.58
16.383745,66.82409,0,2,16.57
16.368858,66.90005,0,2,16.52
16.39571,66.95634,0,2,16.53
16.41153,66.156685,0,2,16.52
16.437233,66.848854,0,2,16.59
16.515074,66.41974,0,2,16.59
16.519611,66.47143,1,2,16.72
16.528429,66.55625,0,2,16.7
16.59374,65.906876,0,2,16.65
16.579569,66.204796,0,2,16.62
16.57431,66.00646,0,2,16.57
16.516108,66.48234,0,2,16.54
16.550825,66.61529,1,2,16.52
16.526846,66.67568,0,2,16.52
16.605797,66.80681,0,2,16.51
16.585314,66.574936,0,2,16.5
16.720284,65.918045,0,2,16.51
16.70287,65.479675,0,2,16.5
16.674856,65.85267,0,2,16.5
16.606438,66.09635,0,2,16.52
16.572075,66.18955,0,2,16.52
16.547804,66.42172,0,2,16.53
16.50295,66.67235,0,2,16.52
16.510647,66.706085,0,2,16.53
16.504568,66.92974,0,2,16.52
16.51387,66.83351,0,2,16.53
16.498384,66.8083,0,2,16.53
16.506071,67.06204,0,2,16.52
16.498177,67.06731,1,2,16.5
16.520557,67.03501,0,2,16.52
16.533424,67.07403,0,2,16.51
16.542704,66.905365,0,2,16.5
16.527933,67.14127,0,2,16.5
16.529428,67.00611,0,2,16.5
16.518513,67.21151,0,2,16.51
16.530878,67.20826,0,2,16.51
16.521053,67.27704,0,2,16.52
16.506006,67.41527,0,2,16.51
16.494019,67.23032,0,2,16.51
16.523708,67.45799,0,2,16.51
16.50561,67.346565,1,2,16.49
16.501762,67.44911,0,2,16.5
16.505037,67.39018,0,2,16.51
16.51262,67.472946,0,2,16.49
16.500187,67.52587,0,2,16.49
16.517324,67.48939,0,2,16.49
16.524385,67.54859,0,2,16.5
16.489792,67.6053,0,2,16.5
16.52129,67.50959,0,2,16.5
16.521908,67.47377,0,2,16.51
16.510359,67.49258,0,2,16.51
16.492174,67.46572,0,2,16.54
16.527657,67.52821,0,2,16.54
16.493639,67.54165,0,2,16.54
16.478802,67.454155,1,2,16.55
16.495306,67.57519,1,2,16.55
16.496504,67.55546,0,2,16.55
16.493715,67.555534,0,2,16.55
16.497696,67.44676,0,2,16.56
16.518852,67.556854,0,2,16.54
16.528278,67.55844,0,2,16.54
16.53007,67.35991,0,2,16.51
16.530052,67.57082,0,2,16.52
16.539675,67.63653,0,2,16.52
16.554857,67.39947,1,2,16.53
16.563316,67.63979,0,2,16.52
16.543629,67.70925,0,2,16.52
16.552795,67.690865,0,2,16.53
16.559864,67.64752,1,2,16.54
16.546478,67.66494,0,2,16.55
16.541224,67.740105,0,2,16.55
16.495955,67.736595,0,2,16.56
16.528948,67.84703,0,2,16.54
16.521717,67.83355,0,2,16.53
16.523527,67.81476,0,2,16.54
16.504683,67.88275,0,2,16.54
16.532978,67.898315,0,2,16.53
16.517794,67.82257,1,2,16.53
16.547535,67.88265,0,2,16.53
16.563276,67.77407,0,2,16.56
16.533678,67.68283,1,2,16.54
16.57521,67.78373,0,2,16.53
16.541409,67.862495,0,2,16.54
16.519884,67.79432,0,2,16.54
16.543398,67.899,1,2,16.56
16.551064,67.89968,0,2,16.55
16.536732,67.88256,0,2,16.54
16.515955,67.91831,0,2,16.56
16.523329,67.87787,1,2,16.54
16.573061,67.90533,0,2,16.55
16.554573,67.92933,1,2,16.55
16.522104,67.89252,0,2,16.54
16.55109,67.820946,0,2,16.52
16.541702,67.80089,0,2,16.54
16.544754,67.77675,1,2,16.54
16.546207,67.83516,0,2,16.67
16.534464,67.75469,0,2,17.24
16.565361,67.63697,0,2,17.28
16.52367,67.87379,0,2,17.21
16.549839,67.82092,0,2,17.13
16.546024,67.94826,0,2,17.08
16.53324,67.941536,0,2,16.97
16.521044,68.05434,0,2,16.94
16.532003,67.95581,0,2,16.89
16.545536,67.97618,0,2,16.86
16.665268,67.713974,1,2,16.81
17.216398,65.27337,0,2,16.77
17.290323,65.06775,0,2,16.75
17.214884,65.472305,0,2,16.72
17.143,65.503624,0,2,16.7
17.099237,65.5964,0,2,16.68
16.974125,65.9847,0,2,16.67
16.933235,66.169556,0,2,16.67
16.887175,66.09687,0,2,16.64
16.863747,66.40472,0,2,16.67
16.8137,66.42494,0,2,16.62
16.765121,66.62318,0,2,16.62
16.754019,66.88574,0,2,16.6
16.723528,66.915634,0,2,16.59
16.692242,66.89283,0,2,16.58
16.65924,66.99854,0,2,16.55
16.682194,67.10872,0,2,16.57
16.64539,67.18351,0,2,16.56
16.637539,67.198654,0,2,16.43
16.661594,66.717354,0,2,16.5
16.626657,67.19215,0,2,16.54
16.613173,67.21076,0,2,16.57
16.609728,67.28849,0,2,16.61
16.600405,67.211235,0,2,16.64
16.561546,67.0286,0,2,16.66
16.5507,67.46799,0,2,16.66
16.570671,67.48879,0,2,16.64
16.554165,67.24843,0,2,16.63
16.435936,65.29117,0,2,16.62
16.493114,66.86321,0,2,16.63
16.550325,66.896,0,2,16.6
16.554794,66.45176,0,2,16.58
16.61056,66.6163,0,2,16.57
16.650211,66.66461,0,2,16.55
16.65063,66.6254,0,2,16.53
16.667265,66.86236,0,2,16.51
16.648142,66.93864,0,2,16.51
16.648191,67.03648,0,2,16.49
16.630728,67.0694,0,2,16.48
16.646261,67.16932,0,2,16.46
16.59224,66.75906,0,2,16.44
16.579317,67.38989,0,2,16.43
16.582537,67.64961,0,2,16.43
16.539886,67.22975,0,2,16.42
16.531454,67.73223,0,2,16.4
16.504898,67.603195,0,2,16.39
16.51222,67.53479,0,2,16.38
16.47327,67.3853,0,2,16.38
16.4944,67.30452,0,2,16.38
16.451376,67.70832,0,2,16.37
16.459429,67.50666,0,2,16.36
16.419851,67.60452,0,2,16.36
16.42466,68.20914,0,2,16.35
16.405352,68.230545,0,2,16.35
16.406225,68.19629,0,2,16.34
16.379145,68.21681,0,2,16.35
16.377453,68.34374,0,2,16.34
16.39901,68.52007,0,2,16.33
16.36695,68.56352,0,2,16.32
16.370827,67.92292,0,2,16.31
16.350672,68.73348,0,2,16.29
16.35737,68.78122,0,2,16.3
16.348381,68.80408,0,2,16.3
16.357294,68.82034,0,2,16.3
16.346869,68.9414,0,2,16.3
16.363817,68.77284,0,2,16.29
16.342768,68.992546,0,2,16.28
16.33113,69.161865,0,2,16.27
16.321648,68.73946,0,2,16.27
16.290287,69.25355,0,2,16.27
16.299372,68.8704,0,2,16.26
16.28804,69.43024,0,2,16.26
16.296759,69.445694,0,2,16.26
16.39748,64.79098,0,2,16.55
16.414646,64.63815,0,2,16.57
16.364101,64.48711,0,2,16.51
16.319363,64.586296,0,2,16.45
16.378832,64.56435,0,2,16.41
16.49643,64.764114,0,2,16.37
16.637506,64.344284,1,2,16.35
16.645014,64.99487,1,2,16.32
16.60155,64.326775,1,2,16.32
16.58031,64.363945,0,2,16.29
16.54958,64.510414,0,2,16.28
16.568777,64.84419,0,2,16.26
16.50317,64.68247,0,2,16.26
16.4687,64.88966,0,2,16.25
16.395514,65.09422,0,2,16.25
16.354275,65.29599,0,2,16.23
16.319008,65.42312,0,2,16.21
16.326437,65.63231,0,2,16.22
16.293844,65.7435,0,2,16.23
16.310987,65.97711,0,2,16.22
16.250687,65.95701,1,2,16.23
16.270733,66.2048,0,2,16.21
16.264097,66.1199,0,2,16.22
16.27447,66.29192,0,2,16.27
16.24044,66.4719,0,2,16.3
16.24859,66.45365,1,2,16.33
16.219496,66.26939,0,2,16.34
16.20911,66.51681,1,2,16.34
16.220284,66.582924,0,2,16.35
16.223463,66.09073,1,2,16.37
16.229534,66.51819,0,2,16.38
16.183096,66.49485,0,2,16.38
16.182194,66.43137,0,2,16.38
16.26488,66.68219,0,2,16.38
16.266413,66.64461,0,2,16.39
16.32344,66.716,0,2,16.42
16.367191,66.82724,0,2,16.45
16.363384,66.83381,0,2,16.52
16.355532,66.87438,0,2,16.52
16.385143,66.91286,0,2,16.53
16.409594,66.952614,0,2,16.58
16.366426,66.85339,0,2,16.58
16.404762,66.79893,0,2,16.57
16.363441,66.89842,0,2,16.52
16.41471,66.922455,0,2,16.53
16.416279,66.15101,0,2,16.52
16.443325,66.838455,0,2,16.59
16.557737,66.41264,0,2,16.59
16.50006,66.43725,1,2,16.72
16.533278,66.60071,0,2,16.7
16.596663,65.89234,0,2,16.65
16.571587,66.23061,0,2,16.62
16.571245,65.98949,0,2,16.57
16.534567,66.45927,0,2,16.54
16.514181,66.63692,1,2,16.52
16.521948,66.696846,0,2,16.52
16.591845,66.80908,0,2,16.51
16.620455,66.6272,0,2,16.5
16.725157,65.9318,0,2,16.51
16.734339,65.52071,0,2,16.5
16.661995,65.824196,0,2,16.5
16.63266,66.11675,0,2,16.52
16.549606,66.18944,0,2,16.52
16.58821,66.4107,0,2,16.53
16.543676,66.66342,0,2,16.52
16.521282,66.7151,0,2,16.53
16.488897,66.95029,0,2,16.52
16.485464,66.852005,0,2,16.53
16.548271,66.82131,0,2,16.53
16.495123,67.06626,0,2,16.52
16.473454,67.10571,1,2,16.5
16.542068,67.04317,0,2,16.52
16.53098,67.08335,0,2,16.51
16.49614,66.93217,0,2,16.5
16.520567,67.15394,0,2,16.5
16.515755,66.985085,0,2,16.5
16.500664,67.222916,0,2,16.51
16.566122,67.20082,0,2,16.51
16.542515,67.26606,0,2,16.52
16.534447,67.38503,0,2,16.51
16.504042,67.22726,0,2,16.51
16.504549,67.425865,0,2,16.51
16.498114,67.349884,1,2,16.49
16.482056,67.46465,0,2,16.5
16.461153,67.39362,0,2,16.51
16.469662,67.4917,0,2,16.49
16.497147,67.562515,0,2,16.49
16.54279,67.509346,0,2,16.49
16.497263,67.53348,0,2,16.5
16.506481,67.659584,0,2,16.5
16.502716,67.52097,0,2,16.5
16.502047,67.453545,0,2,16.51
16.471445,67.50862,0,2,16.51
16.510084,67.458244,0,2,16.54
16.527548,67.51512,0,2,16.54
16.498596,67.55664,0,2,16.54
16.458387,67.48016,1,2,16.55
16.482153,67.60318,1,2,16.55
16.51743,67.56533,0,2,16.55
16.48621,67.58183,0,2,16.55
16.479658,67.41649,0,2,16.56
16.49151,67.52099,0,2,16.54
16.479937,67.54371,0,2,16.54
16.532139,67.34262,0,2,16.51
16.53944,67.57242,0,2,16.52
16.560532,67.67789,0,2,16.52
16.525806,67.37351,1,2,16.53
16.50945,67.646416,0,2,16.52
16.536247,67.697266,0,2,16.52
16.550978,67.682945,0,2,16.53
16.541384,67.63639,1,2,16.54
16.564907,67.67994,0,2,16.55
16.518522,67.706856,0,2,16.55
16.490168,67.7403,0,2,16.56
16.520021,67.82619,0,2,16.54
16.52377,67.83061,0,2,16.53
16.535416,67.81997,0,2,16.54
16.530365,67.88189,0,2,16.54
16.494143,67.87639,0,2,16.53
16.522945,67.849976,1,2,16.53
16.508032,67.89911,0,2,16.53
16.483297,67.80638,0,2,16.56
16.553728,67.725945,1,2,16.54
16.561737,67.76792,0,2,16.53
16.51726,67.8531,0,2,16.54
16.510094,67.79332,0,2,16.54
16.549374,67.892075,1,2,16.56
16.5548,67.92385,0,2,16.55
16.545399,67.88843,0,2,16.54
16.531912,67.92773,0,2,16.56
16.53741,67.88667,1,2,16.54
16.607504,67.91569,0,2,16.55
16.504353,67.93787,1,2,16.55
16.552067,67.87765,0,2,16.54
16.573921,67.84981,0,2,16.52
16.541069,67.81098,0,2,16.54
16.56556,67.74349,1,2,16.54
16.575731,67.85888,0,2,16.67
16.516975,67.74338,0,2,17.24
16.599474,67.60247,0,2,17.28
16.520617,67.88993,0,2,17.21
16.557657,67.795715,0,2,17.13
16.555717,67.91792,0,2,17.08
16.544964,67.996254,0,2,16.97
16.494764,68.06149,0,2,16.94
16.52472,67.96708,0,2,16.89
16.54714,67.96988,0,2,16.86
16.656355,67.70398,1,2,16.81
17.2582,65.2831,0,2,16.77
17.240093,65.09125,0,2,16.75
17.229729,65.44356,0,2,16.72
17.120584,65.49779,0,2,16.7
17.105682,65.583466,0,2,16.68
16.98297,65.99346,0,2,16.67
16.919855,66.12765,0,2,16.67
16.917814,66.12173,0,2,16.64
16.85228,66.4009,0,2,16.67
16.8029,66.39348,0,2,16.62
16.793879,66.637474,0,2,16.62
16.754946,66.86196,0,2,16.6
16.68302,66.892624,0,2,16.59
16.69063,66.89027,0,2,16.58
16.690758,66.990875,0,2,16.55
16.622463,67.1201,0,2,16.57
16.695187,67.17297,0,2,16.56
16.611534,67.23215,0,2,16.43
16.685883,66.73001,0,2,16.5
16.616253,67.17131,0,2,16.54
16.622421,67.225464,0,2,16.57
16.587448,67.28015,0,2,16.61
16.590403,67.27674,0,2,16.64
16.585424,66.99254,0,2,16.66
16.53909,67.46576,0,2,16.66
16.579475,67.46985,0,2,16.64
16.55959,67.25646,0,2,16.63
16.42869,65.28491,0,2,16.62
16.443954,66.86895,0,2,16.63
16.553932,66.86938,0,2,16.6
16.596762,66.45467,0,2,16.58
16.60912,66.646774,0,2,16.57
16.635576,66.65953,0,2,16.55
16.665947,66.62082,0,2,16.53
16.64882,66.834564,0,2,16.51
16.62881,66.94037,0,2,16.51
16.653427,67.02604,0,2,16.49
16.622478,67.04362,0,2,16.48
16.645472,67.187515,0,2,16.46
16.59498,66.79711,0,2,16.44
16.570879,67.3951,0,2,16.43
16.57542,67.670074,0,2,16.43
16.560526,67.218506,0,2,16.42
16.518526,67.714645,0,2,16.4
16.53739,67.59813,0,2,16.39
16.497995,67.5325,0,2,16.38
16.48317,67.422455,0,2,16.38
16.474682,67.26709,0,2,16.38
16.437103,67.714005,0,2,16.37
16.449202,67.484856,0,2,16.36
16.44761,67.632515,0,2,16.36
16.41995,68.185455,0,2,16.35
16.412905,68.263596,0,2,16.35
16.37543,68.19237,0,2,16.34
16.428598,68.24421,0,2,16.35
16.373386,68.34813,0,2,16.34
16.361969,68.5035,0,2,16.33
16.38917,68.549515,0,2,16.32
16.413376,67.90454,0,2,16.31
16.349228,68.72654,0,2,16.29
16.373964,68.76548,0,2,16.3
16.365765,68.81384,0,2,16.3
16.330969,68.79591,0,2,16.3
16.33601,68.947975,0,2,16.3
16.360039,68.75728,0,2,16.29
16.341301,69.019165,0,2,16.28
16.346363,69.17349,0,2,16.27
16.320774,68.725975,0,2,16.27
16.306938,69.242584,0,2,16.27
16.294996,68.84116,0,2,16.26
16.2895,69.40585,0,2,16.26
16.271078,69.436806,0,2,16.26
16.413807,64.792274,0,2,16.55
16.398033,64.62876,0,2,16.57
16.374832,64.43775,0,2,16.51
16.324099,64.58455,0,2,16.45
16.355753,64.58629,0,2,16.41
16.48303,64.796326,0,2,16.37
16.642813,64.31782,1,2,16.35
16.63626,64.97952,1,2,16.32
16.606943,64.33843,1,2,16.32
16.572342,64.35176,0,2,16.29
16.55699,64.48864,0,2,16.28
16.561966,64.8461,0,2,16.26
16.508068,64.67582,0,2,16.26
16.454205,64.88665,0,2,16.25
16.412968,65.107704,0,2,16.25
16.36499,65.30766,0,2,16.23
16.345736,65.40838,0,2,16.21
16.314669,65.61266,0,2,16.22
16.317759,65.73798,0,2,16.23
16.283432,65.97245,0,2,16.22
16.289862,65.96108,1,2,16.23
16.265411,66.21974,0,2,16.21
16.25734,66.094215,0,2,16.22
16.243208,66.31102,0,2,16.27
16.25362,66.4626,0,2,16.3
16.233791,66.44403,1,2,16.33
16.212723,66.229614,0,2,16.34
16.214668,66.526375,1,2,16.34
16.22841,66.58036,0,2,16.35
16.217155,66.12709,1,2,16.37
16.234848,66.51031,0,2,16.38
16.218622,66.510475,0,2,16.38
16.228415,66.44909,0,2,16.38
16.271845,66.69182,0,2,16.38
16.292257,66.64654,0,2,16.39
16.323072,66.67349,0,2,16.42
16.340721,66.82111,0,2,16.45
16.333672,66.81642,0,2,16.52
16.352179,66.90905,0,2,16.52
16.37404,66.89542,0,2,16.53
16.38751,66.93611,0,2,16.58
16.37379,66.85055,0,2,16.58
16.388853,66.82349,0,2,16.57
16.385874,66.88361,0,2,16.52
16.39613,66.95239,0,2,16.53
16.428082,66.15934,0,2,16.52
16.449766,66.83859,0,2,16.59
16.52216,66.41955,0,2,16.59
16.521656,66.46566,1,2,16.72
16.532137,66.56674,0,2,16.7
16.583006,65.90463,0,2,16.65
16.574318,66.2178,0,2,16.62
16.578426,65.980965,0,2,16.57
16.5147,66.49109,0,2,16.54
16.5298,66.60807,1,2,16.52
16.511734,66.67589,0,2,16.52
16.58633,66.80717,0,2,16.51
16.585176,66.58936,0,2,16.5
16.72915,65.91659,0,2,16.51
16.702759,65.47014,0,2,16.5
16.659374,65.84444,0,2,16.5
16.617632,66.09166,0,2,16.52
16.565083,66.17688,0,2,16.52
16.534765,66.41551,0,2,16.53
16.516367,66.65748,0,2,16.52
16.512236,66.72099,0,2,16.53
16.503153,66.925705,0,2,16.52
16.50438,66.854996,0,2,16.53
16.510746,66.811295,0,2,16.53
16.508543,67.06347,0,2,16.52
16.494638,67.07097,1,2,16.5
16.521835,67.02223,0,2,16.52
16.529417,67.069534,0,2,16.51
16.525398,66.89355,0,2,16.5
16.516253,67.12253,0,2,16.5
16.535635,67.00649,0,2,16.5
16.527884,67.22299,0,2,16.51
16.535358,67.20781,0,2,16.51
16.523994,67.26338,0,2,16.52
16.519226,67.40044,0,2,16.51
16.491543,67.210175,0,2,16.51
16.511223,67.44189,0,2,16.51
16.509449,67.333755,1,2,16.49
16.491936,67.453926,0,2,16.5
16.501596,67.41722,0,2,16.51
16.509293,67.487274,0,2,16.49
16.506058,67.53653,0,2,16.49
16.511356,67.50318,0,2,16.49
16.52691,67.553055,0,2,16.5
16.519632,67.591835,0,2,16.5
16.514751,67.51082,0,2,16.5
16.502235,67.48377,0,2,16.51
16.484327,67.50918,0,2,16.51
16.504564,67.472595,0,2,16.54
16.505428,67.51087,0,2,16.54
16.489845,67.54273,0,2,16.54
16.494896,67.45157,1,2,16.55
16.485214,67.58299,1,2,16.55
16.490942,67.559715,0,2,16.55
16.503222,67.556595,0,2,16.55
16.492697,67.43986,0,2,16.56
16.513979,67.55521,0,2,16.54
16.518377,67.5389,0,2,16.54
16.537006,67.35402,0,2,16.51
16.531704,67.58564,0,2,16.52
16.535954,67.646225,0,2,16.52
16.54872,67.40459,1,2,16.53
16.549997,67.63784,0,2,16.52
16.558033,67.703125,0,2,16.52
16.54218,67.70369,0,2,16.53
16.558826,67.649635,1,2,16.54
16.531221,67.6588,0,2,16.55
16.547922,67.734924,0,2,16.55
16.511383,67.73613,0,2,16.56
16.51198,67.85574,0,2,16.54
16.523436,67.82543,0,2,16.53
16.539062,67.80537,0,2,16.54
16.517899,67.89356,0,2,16.54
16.51889,67.89566,0,2,16.53
16.521996,67.82306,1,2,16.53
16.532814,67.875946,0,2,16.53
16.554073,67.79647,0,2,16.56
16.55928,67.71442,1,2,16.54
16.557716,67.771935,0,2,16.53
16.548273,67.86374,0,2,16.54
16.52093,67.793495,0,2,16.54
16.547768,67.908325,1,2,16.56
16.549492,67.894264,0,2,16.55
16.52061,67.88224,0,2,16.54
16.524464,67.931786,0,2,16.56
16.53462,67.84971,1,2,16.54
16.554695,67.903496,0,2,16.55
16.5301,67.92616,1,2,16.55
16.526817,67.882034,0,2,16.54
16.536531,67.833496,0,2,16.52
16.53495,67.79312,0,2,16.54
16.551975,67.799774,1,2,16.54
16.548903,67.83985,0,2,16.67
16.536709,67.766716,0,2,17.24
16.566156,67.637054,0,2,17.28
16.543869,67.875824,0,2,17.21
16.549187,67.82903,0,2,17.13
16.543507,67.93115,0,2,17.08
16.537657,67.96967,0,2,16.97
16.52542,68.075485,0,2,16.94
16.531624,67.965775,0,2,16.89
16.537228,67.96832,0,2,16.86
16.67947,67.71912,1,2,16.81
17.249294,65.29239,0,2,16.77
17.280563,65.06939,0,2,16.75
17.204462,65.47346,0,2,16.72
17.127705,65.50847,0,2,16.7
17.07775,65.58779,0,2,16.68
16.96659,65.994644,0,2,16.67
16.9391,66.16072,0,2,16.67
16.888689,66.09992,0,2,16.64
16.865847,66.39329,0,2,16.67
16.809465,66.41239,0,2,16.62
16.767546,66.63562,0,2,16.62
16.745636,66.89846,0,2,16.6
16.715336,66.91719,0,2,16.59
16.702143,66.89614,0,2,16.58
16.68976,66.98236,0,2,16.55
16.677727,67.11251,0,2,16.57
16.665134,67.18998,0,2,16.56
16.630941,67.21641,0,2,16.43
16.66862,66.71631,0,2,16.5
16.629303,67.17027,0,2,16.54
16.62478,67.21817,0,2,16.57
16.592445,67.28043,0,2,16.61
16.592642,67.23866,0,2,16.64
16.580456,67.024414,0,2,16.66
16.543016,67.465065,0,2,16.66
16.562017,67.47374,0,2,16.64
16.560032,67.247894,0,2,16.63
16.42082,65.298676,0,2,16.62
16.501698,66.863266,0,2,16.63
16.546045,66.87498,0,2,16.6
16.560232,66.442,0,2,16.58
16.619987,66.62599,0,2,16.57
16.636904,66.66385,0,2,16.55
16.66979,66.62289,0,2,16.53
16.664888,66.84364,0,2,16.51
16.644249,66.93856,0,2,16.51
16.635199,67.02696,0,2,16.49
16.620197,67.07833,0,2,16.48
16.63656,67.18098,0,2,16.46
16.601452,66.76141,0,2,16.44
16.578836,67.39764,0,2,16.43
16.56102,67.657616,0,2,16.43
16.553572,67.2376,0,2,16.42
16.52224,67.74199,0,2,16.4
16.507246,67.617584,0,2,16.39
16.514727,67.54063,0,2,16.38
16.487219,67.38292,0,2,16.38
16.482767,67.30922,0,2,16.38
16.451508,67.7117,0,2,16.37
16.440918,67.50501,0,2,16.36
16.434526,67.617004,0,2,16.36
16.431585,68.21214,0,2,16.35
16.419651,68.24095,0,2,16.35
16.402517,68.20111,0,2,16.34
16.396154,68.22918,0,2,16.35
16.382965,68.36356,0,2,16.34
16.379784,68.518005,0,2,16.33
16.378824,68.57376,0,2,16.32
16.366253,67.91269,0,2,16.31
16.352388,68.74933,0,2,16.29
16.364237,68.776596,0,2,16.3
16.358595,68.79561,0,2,16.3
16.355556,68.82632,0,2,16.3
16.343206,68.959885,0,2,16.3
16.355791,68.764755,0,2,16.29
16.342531,69.00606,0,2,16.28
16.337511,69.17107,0,2,16.27
16.32951,68.74206,0,2,16.27
16.313913,69.24314,0,2,16.27
16.295387,68.867836,0,2,16.26
16.29429,69.430115,0,2,16.26
16.295479,69.44066,0,2,16.26
16.424265,64.78835,0,2,16.55
16.380857,64.614296,0,2,16.57
16.370373,64.45252,0,2,16.51
16.349455,64.574814,0,2,16.45
16.344563,64.58996,0,2,16.41
16.47583,64.80992,0,2,16.37
16.631388,64.304,1,2,16.35
16.658007,64.9869,1,2,16.32
16.602993,64.33766,1,2,16.32
16.565584,64.353,0,2,16.29
16.540422,64.48182,0,2,16.28
16.565432,64.82039,0,2,16.26
16.502966,64.66321,0,2,16.26
16.43154,64.873375,0,2,16.25
16.392403,65.12861,0,2,16.25
16.352,65.30684,0,2,16.23
16.340721,65.4001,0,2,16.21
16.336561,65.60039,0,2,16.22
16.31832,65.729515,0,2,16.23
16.306046,65.97179,0,2,16.22
16.29356,65.95827,1,2,16.23
16.246912,66.19506,0,2,16.21
16.24077,66.108086,0,2,16.22
16.252644,66.32515,0,2,16.27
16.262028,66.45277,0,2,16.3
16.248407,66.44567,1,2,16.33
16.221241,66.22612,0,2,16.34
16.23214,66.51977,1,2,16.34
16.21908,66.58196,0,2,16.35
16.203133,66.13301,1,2,16.37
16.212618,66.514435,0,2,16.38
16.208012,66.52462,0,2,16.38
16.229351,66.43246,0,2,16.38
16.28951,66.69277,0,2,16.38
16.294651,66.63456,0,2,16.39
16.339954,66.676865,0,2,16.42
16.350979,66.80035,0,2,16.45
16.349798,66.81916,0,2,16.52
16.359394,66.91829,0,2,16.52
16.351562,66.89202,0,2,16.53
16.368195,66.93333,0,2,16.58
16.369888,66.86225,0,2,16.58
16.382463,66.81531,0,2,16.57
16.38239,66.871155,0,2,16.52
16.371317,66.94403,0,2,16.53
16.401564,66.14394,0,2,16.52
16.442356,66.8296,0,2,16.59
16.501802,66.40046,0,2,16.59
16.533213,66.46764,1,2,16.72
16.543768,66.55543,0,2,16.7
16.581398,65.88412,0,2,16.65
16.565727,66.22971,0,2,16.62
16.58718,65.979614,0,2,16.57
16.525969,66.47933,0,2,16.54
16.51075,66.599556,1,2,16.52
16.531118,66.66144,0,2,16.52
16.571323,66.78186,0,2,16.51
16.591814,66.5743,0,2,16.5
16.716028,65.893974,0,2,16.51
16.697506,65.460304,0,2,16.5
16.650206,65.83963,0,2,16.5
16.635925,66.08253,0,2,16.52
16.573357,66.16938,0,2,16.52
16.530464,66.40784,0,2,16.53
16.539839,66.65939,0,2,16.52
16.51547,66.70608,0,2,16.53
16.499022,66.92625,0,2,16.52
16.491198,66.86623,0,2,16.53
16.520216,66.81674,0,2,16.53
16.483082,67.04592,0,2,16.52
16.506313,67.088036,1,2,16.5
16.531002,67.01923,0,2,16.52
16.520142,67.07324,0,2,16.51
16.543488,66.88292,0,2,16.5
16.50696,67.12209,0,2,16.5
16.547298,67.02099,0,2,16.5
16.538122,67.23624,0,2,16.51
16.540333,67.19055,0,2,16.51
16.519554,67.26695,0,2,16.52
16.528429,67.3931,0,2,16.51
16.514832,67.2203,0,2,16.51
16.502726,67.438675,0,2,16.51
16.494446,67.35886,1,2,16.49
16.48593,67.44519,0,2,16.5
16.514812,67.404335,0,2,16.51
16.496374,67.48611,0,2,16.49
16.505295,67.516014,0,2,16.49
16.51731,67.49389,0,2,16.49
16.514965,67.53954,0,2,16.5
16.497662,67.58499,0,2,16.5
16.506832,67.51978,0,2,16.5
16.495407,67.463715,0,2,16.51
16.477484,67.51749,0,2,16.51
16.484632,67.48416,0,2,16.54
16.506886,67.50573,0,2,16.54
16.500435,67.54235,0,2,16.54
16.491104,67.4532,1,2,16.55
16.49275,67.598915,1,2,16.55
16.480608,67.56601,0,2,16.55
16.504276,67.57418,0,2,16.55
16.508722,67.44365,0,2,16.56
16.504276,67.54012,0,2,16.54
16.511372,67.547226,0,2,16.54
16.542782,67.37955,0,2,16.51
16.55024,67.58505,0,2,16.52
16.551022,67.63456,0,2,16.52
16.536732,67.41721,1,2,16.53
16.536331,67.639145,0,2,16.52
16.550365,67.72373,0,2,16.52
16.551256,67.708496,0,2,16.53
16.568687,67.65814,1,2,16.54
16.526806,67.644745,0,2,16.55
16.537937,67.71839,0,2,16.55
16.525038,67.73248,0,2,16.56
16.509998,67.868065,0,2,16.54
16.526983,67.83906,0,2,16.53
16.51408,67.81164,0,2,16.54
16.513733,67.88048,0,2,16.54
16.51887,67.87484,0,2,16.53
16.523195,67.805534,1,2,16.53
16.528437,67.868034,0,2,16.53
16.56346,67.790665,0,2,16.56
16.533506,67.72207,1,2,16.54
16.553854,67.79142,0,2,16.53
16.52375,67.840904,0,2,16.54
16.546747,67.78903,0,2,16.54
16.534575,67.89088,1,2,16.56
16.535192,67.89924,0,2,16.55
16.528912,67.89964,0,2,16.54
16.548283,67.92765,0,2,16.56
16.539045,67.85304,1,2,16.54
16.576649,67.89273,0,2,16.55
16.541357,67.922226,1,2,16.55
16.525864,67.903625,0,2,16.54
16.531126,67.84742,0,2,16.52
16.544378,67.786224,0,2,16.54
16.571762,67.781044,1,2,16.54
16.557405,67.81256,0,2,16.67
16.542206,67.76084,0,2,17.24
16.551779,67.629196,0,2,17.28
16.524935,67.89119,0,2,17.21
16.530336,67.83765,0,2,17.13
16.56236,67.945885,0,2,17.08
16.539837,67.9718,0,2,16.97
16.510435,68.06145,0,2,16.94
16.524439,67.96187,0,2,16.89
16.541636,67.97785,0,2,16.86
16.688034,67.70487,1,2,16.81
17.255785,65.298546,0,2,16.77
17.261543,65.08642,0,2,16.75
17.22506,65.484886,0,2,16.72
17.136158,65.51129,0,2,16.7
17.082691,65.584526,0,2,16.68
16.967989,66.00098,0,2,16.67
16.925575,66.16117,0,2,16.67
16.885105,66.112335,0,2,16.64
16.850595,66.38624,0,2,16.67
16.80649,66.42449,0,2,16.62
16.788849,66.64788,0,2,16.62
16.748692,66.88787,0,2,16.6
16.73155,66.89236,0,2,16.59
16.687279,66.89491,0,2,16.58
16.699183,67.007576,0,2,16.55
16.676659,67.095726,0,2,16.57
16.668558,67.18787,0,2,16.56
16.654594,67.216896,0,2,16.43
16.671135,66.705215,0,2,16.5
16.601652,67.16035,0,2,16.54
16.61731,67.20454,0,2,16.57
16.611809,67.272995,0,2,16.61
16.58876,67.217384,0,2,16.64
16.576977,67.03048,0,2,16.66
16.553038,67.467285,0,2,16.66
16.57194,67.46798,0,2,16.64
16.571604,67.235954,0,2,16.63
16.42278,65.30119,0,2,16.62
16.50448,66.870926,0,2,16.63
16.530361,66.89801,0,2,16.6
16.576231,66.44248,0,2,16.58
16.623295,66.62565,0,2,16.57
16.659462,66.682304,0,2,16.55
16.663929,66.61755,0,2,16.53
16.665533,66.840324,0,2,16.51
16.653696,66.933945,0,2,16.51
16.627249,67.01585,0,2,16.49
16.612137,67.09116,0,2,16.48
16.620117,67.1746,0,2,16.46
16.61674,66.78995,0,2,16.44
16.578964,67.391556,0,2,16.43
16.58664,67.658394,0,2,16.43
16.542812,67.227776,0,2,16.42
16.523685,67.73643,0,2,16.4
16.512873,67.61219,0,2,16.39
16.528303,67.55678,0,2,16.38
16.470476,67.393585,0,2,16.38
16.490004,67.31332,0,2,16.38
16.47383,67.716835,0,2,16.37
16.431736,67.52243,0,2,16.36
16.448204,67.619644,0,2,16.36
16.436262,68.20243,0,2,16.35
16.435509,68.229774,0,2,16.35
16.385996,68.195656,0,2,16.34
16.406527,68.219505,0,2,16.35
16.371078,68.34445,0,2,16.34
16.364717,68.49858,0,2,16.33
16.379066,68.58654,0,2,16.32
16.388363,67.90778,0,2,16.31
16.370975,68.740074,0,2,16.29
16.369751,68.76123,0,2,16.3
16.337437,68.793015,0,2,16.3
16.368263,68.82992,0,2,16.3
16.331673,68.937805,0,2,16.3
16.340446,68.7565,0,2,16.29
16.329916,69.02047,0,2,16.28
16.348026,69.15479,0,2,16.27
16.327835,68.72512,0,2,16.27
16.321407,69.23546,0,2,16.27
16.304363,68.8795,0,2,16.26
16.311024,69.43245,0,2,16.26
16.294657,69.43199,0,2,16.26
16.10552,63.587852,0,2,16.55
16.085892,63.43082,0,2,16.57
16.076077,63.24435,0,2,16.51
16.027004,63.39156,0,2,16.45
16.056448,63.381752,0,2,16.41
16.174221,63.587852,0,2,16.37
16.341066,63.126575,1,2,16.35
16.331253,63.764515,1,2,16.32
16.291996,63.1462,1,2,16.32
16.262552,63.165833,0,2,16.29
16.242922,63.29342,0,2,16.28
16.262552,63.63692,0,2,16.26
16.203665,63.479897,0,2,16.26
16.14478,63.685997,0,2,16.25
16.10552,63.901917,0,2,16.25
16.066263,64.098206,0,2,16.23
16.046635,64.19635,0,2,16.21
16.01719,64.40246,0,2,16.22
16.01719,64.520226,0,2,16.23
15.987748,64.745964,0,2,16.22
15.977933,64.745964,1,2,16.23
15.958303,64.98151,0,2,16.21
15.958303,64.87354,0,2,16.22
15.948489,65.07965,0,2,16.27
15.948489,65.22687,0,2,16.3
15.92886,65.21705,1,2,16.33
15.90923,65.00114,0,2,16.34
15.919045,65.29557,1,2,16.34
15.92886,65.354454,0,2,16.35
15.919045,64.89318,1,2,16.37
15.92886,65.28575,0,2,16.38
15.90923,65.28575,0,2,16.38
15.919045,65.20724,0,2,16.38
15.968119,65.46241,0,2,16.38
15.9975605,65.413345,0,2,16.39
16.027004,65.44279,0,2,16.42
16.03682,65.580185,0,2,16.45
16.03682,65.57037,0,2,16.52
16.046635,65.65871,0,2,16.52
16.066263,65.64889,0,2,16.53
16.076077,65.69796,0,2,16.58
16.076077,65.60963,0,2,16.58
16.076077,65.580185,0,2,16.57
16.076077,65.64889,0,2,16.52
16.085892,65.71759,0,2,16.53
16.115335,64.932434,0,2,16.52
16.14478,65.590004,0,2,16.59
16.21348,65.177795,0,2,16.59
16.21348,65.22687,1,2,16.72
16.223295,65.33482,0,2,16.7
16.272366,64.67726,0,2,16.65
16.272366,64.98151,0,2,16.62
16.262552,64.755775,0,2,16.57
16.21348,65.25631,0,2,16.54
16.223295,65.374084,1,2,16.52
16.21348,65.44279,0,2,16.52
16.28218,65.56056,0,2,16.51
16.28218,65.34464,0,2,16.5
16.409767,64.68707,0,2,16.51
16.39014,64.25523,0,2,16.5
16.341066,64.62818,0,2,16.5
16.311625,64.87354,0,2,16.52
16.262552,64.942245,0,2,16.52
16.233109,65.18761,0,2,16.53
16.21348,65.42316,0,2,16.52
16.21348,65.48205,0,2,16.53
16.203665,65.67833,0,2,16.52
16.193851,65.60963,0,2,16.53
16.203665,65.57037,0,2,16.53
16.193851,65.815735,0,2,16.52
16.193851,65.835365,1,2,16.5
16.21348,65.776474,0,2,16.52
16.21348,65.815735,0,2,16.51
16.223295,65.65871,0,2,16.5
16.21348,65.88443,0,2,16.5
16.223295,65.76666,0,2,16.5
16.21348,65.97277,0,2,16.51
16.223295,65.96295,0,2,16.51
16.223295,66.021835,0,2,16.52
16.21348,66.14943,0,2,16.51
16.193851,65.97277,0,2,16.51
16.21348,66.198494,0,2,16.51
16.203665,66.09054,1,2,16.49
16.193851,66.20831,0,2,16.5
16.193851,66.15924,0,2,16.51
16.193851,66.22794,0,2,16.49
16.203665,66.277016,0,2,16.49
16.203665,66.257385,0,2,16.49
16.21348,66.296646,0,2,16.5
16.203665,66.34571,0,2,16.5
16.203665,66.2672,0,2,16.5
16.203665,66.22794,0,2,16.51
16.184036,66.257385,0,2,16.51
16.193851,66.21813,0,2,16.54
16.203665,66.2672,0,2,16.54
16.184036,66.28683,0,2,16.54
16.184036,66.20831,1,2,16.55
16.184036,66.32609,1,2,16.55
16.193851,66.296646,0,2,16.55
16.193851,66.30646,0,2,16.55
16.193851,66.18868,0,2,16.56
16.203665,66.296646,0,2,16.54
16.203665,66.28683,0,2,16.54
16.233109,66.11017,0,2,16.51
16.233109,66.3359,0,2,16.52
16.233109,66.39479,0,2,16.52
16.242922,66.14943,1,2,16.53
16.242922,66.38497,0,2,16.52
16.242922,66.453674,0,2,16.52
16.242922,66.443855,0,2,16.53
16.252737,66.38497,1,2,16.54
16.233109,66.39479,0,2,16.55
16.233109,66.473305,0,2,16.55
16.203665,66.483116,0,2,16.56
16.21348,66.59107,0,2,16.54
16.21348,66.57145,0,2,16.53
16.223295,66.55182,0,2,16.54
16.21348,66.63033,0,2,16.54
16.21348,66.63033,0,2,16.53
16.223295,66.56163,1,2,16.53
16.233109,66.620514,0,2,16.53
16.242922,66.53219,0,2,16.56
16.242922,66.453674,1,2,16.54
16.252737,66.52238,0,2,16.53
16.233109,66.60089,0,2,16.54
16.223295,66.53219,0,2,16.54
16.233109,66.64015,1,2,16.56
16.233109,66.64015,0,2,16.55
16.223295,66.63033,0,2,16.54
16.223295,66.66959,0,2,16.56
16.223295,66.59107,1,2,16.54
16.252737,66.64015,0,2,16.55
16.233109,66.66959,1,2,16.55
16.233109,66.57145,0,2,16.52
16.233109,66.54201,0,2,16.54
16.252737,66.54201,1,2,16.54
16.242922,66.57145,0,2,16.67
16.233109,66.50275,0,2,17.24
16.252737,66.37515,0,2,17.28
16.233109,66.620514,0,2,17.21
16.242922,66.56163,0,2,17.13
16.242922,66.66959,0,2,17.08
16.233109,66.699036,0,2,16.97
16.21348,66.80699,0,2,16.94
16.233109,66.708855,0,2,16.89
16.233109,66.708855,0,2,16.86
16.360697,66.453674,1,2,16.81
16.92012,64.078575,0,2,16.77
16.95938,63.86266,0,2,16.75
16.890676,64.26505,0,2,16.72
16.81216,64.28468,0,2,16.7
16.763088,64.37301,0,2,16.68
16.655128,64.76559,0,2,16.67
16.625687,64.942245,0,2,16.67
16.576614,64.87354,0,2,16.64
16.54717,65.167984,0,2,16.67
16.498098,65.18761,0,2,16.62
16.458841,65.40353,0,2,16.62
16.439213,65.64889,0,2,16.6
16.409767,65.66852,0,2,16.59
16.39014,65.65871,0,2,16.58
16.370512,65.74703,0,2,16.55
16.360697,65.86481,0,2,16.57
16.360697,65.94332,0,2,16.56
16.331253,65.97277,0,2,16.43
16.360697,65.48205,0,2,16.5
16.311625,65.93351,0,2,16.54
16.311625,65.97277,0,2,16.57
16.291996,66.041466,0,2,16.61
16.28218,65.98258,0,2,16.64
16.272366,65.776474,0,2,16.66
16.242922,66.21813,0,2,16.66
16.262552,66.22794,0,2,16.64
16.252737,66.00221,0,2,16.63
16.125149,64.078575,0,2,16.62
16.193851,65.619446,0,2,16.63
16.233109,65.63907,0,2,16.6
16.262552,65.21705,0,2,16.58
16.30181,65.3839,0,2,16.57
16.331253,65.43297,0,2,16.55
16.350882,65.39371,0,2,16.53
16.350882,65.60963,0,2,16.51
16.331253,65.68815,0,2,16.51
16.321438,65.78629,0,2,16.49
16.311625,65.835365,0,2,16.48
16.321438,65.93351,0,2,16.46
16.291996,65.53111,0,2,16.44
16.272366,66.13961,0,2,16.43
16.262552,66.39479,0,2,16.43
16.242922,65.98258,0,2,16.42
16.223295,66.492935,0,2,16.4
16.203665,66.36535,0,2,16.39
16.203665,66.28683,0,2,16.38
16.184036,66.13961,0,2,16.38
16.174221,66.051285,0,2,16.38
16.154593,66.46349,0,2,16.37
16.134964,66.257385,0,2,16.36
16.125149,66.35553,0,2,16.36
16.125149,66.9444,0,2,16.35
16.115335,66.97384,0,2,16.35
16.095705,66.93458,0,2,16.34
16.085892,66.954216,0,2,16.35
16.076077,67.09161,0,2,16.34
16.076077,67.23883,0,2,16.33
16.076077,67.297714,0,2,16.32
16.066263,66.659775,0,2,16.31
16.056448,67.46456,0,2,16.29
16.056448,67.494,0,2,16.3
16.046635,67.52345,0,2,16.3
16.046635,67.543076,0,2,16.3
16.03682,67.67066,0,2,16.3
16.046635,67.494,0,2,16.29
16.03682,67.72955,0,2,16.28
16.027004,67.88658,0,2,16.27
16.01719,67.46456,0,2,16.27
16.007376,67.9651,0,2,16.27
15.987748,67.592155,0,2,16.26
15.9975605,68.14176,0,2,16.26
15.9975605,68.161385,0,2,16.26
15.913849,62.831097,0,2,16.55
15.894453,62.67593,0,2,16.57
15.884755,62.49168,0,2,16.51
15.836267,62.63714,0,2,16.45
15.865361,62.627445,0,2,16.41
15.981731,62.831097,0,2,16.37
16.146591,62.375305,1,2,16.35
16.136894,63.005653,1,2,16.32
16.098104,62.394695,1,2,16.32
16.069012,62.414097,0,2,16.29
16.049616,62.54016,0,2,16.28
16.069012,62.879578,0,2,16.26
16.010826,62.72442,0,2,16.26
15.95264,62.92807,0,2,16.25
15.913849,63.14142,0,2,16.25
15.875059,63.33537,0,2,16.23
15.855663,63.432354,0,2,16.21
15.82657,63.636,0,2,16.22
15.82657,63.75237,0,2,16.23
15.797478,63.975418,0,2,16.22
15.78778,63.975418,1,2,16.23
15.768384,64.20816,0,2,16.21
15.768384,64.10149,0,2,16.22
15.758686,64.30514,0,2,16.27
15.758686,64.4506,0,2,16.3
15.73929,64.4409,1,2,16.33
15.719894,64.22756,0,2,16.34
15.729592,64.518486,1,2,16.34
15.73929,64.57667,0,2,16.35
15.729592,64.12089,1,2,16.37
15.73929,64.50878,0,2,16.38
15.719894,64.50878,0,2,16.38
15.729592,64.431206,0,2,16.38
15.778082,64.68334,0,2,16.38
15.807174,64.63486,0,2,16.39
15.836267,64.66395,0,2,16.42
15.845965,64.79972,0,2,16.45
15.845965,64.790016,0,2,16.52
15.855663,64.877304,0,2,16.52
15.875059,64.8676,0,2,16.53
15.884755,64.91609,0,2,16.58
15.884755,64.82881,0,2,16.58
15.884755,64.79972,0,2,16.57
15.884755,64.8676,0,2,16.52
15.894453,64.935486,0,2,16.53
15.923547,64.159676,0,2,16.52
15.95264,64.80942,0,2,16.59
16.020523,64.402115,0,2,16.59
16.020523,64.4506,1,2,16.72
16.030222,64.557274,0,2,16.7
16.078709,63.907536,0,2,16.65
16.078709,64.20816,0,2,16.62
16.069012,63.98512,0,2,16.57
16.020523,64.47969,0,2,16.54
16.030222,64.59607,1,2,16.52
16.020523,64.66395,0,2,16.52
16.088408,64.78033,0,2,16.51
16.088408,64.56698,0,2,16.5
16.214476,63.917236,0,2,16.51
16.195082,63.490536,0,2,16.5
16.146591,63.859043,0,2,16.5
16.1175,64.10149,0,2,16.52
16.069012,64.169365,0,2,16.52
16.039919,64.41181,0,2,16.53
16.020523,64.64456,0,2,16.52
16.020523,64.70274,0,2,16.53
16.010826,64.89669,0,2,16.52
16.001127,64.82881,0,2,16.53
16.010826,64.790016,0,2,16.53
16.001127,65.032455,0,2,16.52
16.001127,65.05186,1,2,16.5
16.020523,64.99367,0,2,16.52
16.020523,65.032455,0,2,16.51
16.030222,64.877304,0,2,16.5
16.020523,65.10034,0,2,16.5
16.030222,64.98398,0,2,16.5
16.020523,65.18762,0,2,16.51
16.030222,65.177925,0,2,16.51
16.030222,65.23611,0,2,16.52
16.020523,65.36218,0,2,16.51
16.001127,65.18762,0,2,16.51
16.020523,65.41067,0,2,16.51
16.010826,65.30399,1,2,16.49
16.001127,65.420364,0,2,16.5
16.001127,65.37188,0,2,16.51
16.001127,65.439766,0,2,16.49
16.010826,65.48825,0,2,16.49
16.010826,65.46886,0,2,16.49
16.020523,65.50765,0,2,16.5
16.010826,65.55613,0,2,16.5
16.010826,65.47855,0,2,16.5
16.010826,65.439766,0,2,16.51
15.991429,65.46886,0,2,16.51
16.001127,65.43007,0,2,16.54
16.010826,65.47855,0,2,16.54
15.991429,65.49795,0,2,16.54
15.991429,65.420364,1,2,16.55
15.991429,65.53674,1,2,16.55
16.001127,65.50765,0,2,16.55
16.001127,65.51734,0,2,16.55
16.001127,65.40098,0,2,16.56
16.010826,65.50765,0,2,16.54
16.010826,65.49795,0,2,16.54
16.039919,65.323395,0,2,16.51
16.039919,65.54643,0,2,16.52
16.039919,65.60462,0,2,16.52
16.049616,65.36218,1,2,16.53
16.049616,65.594925,0,2,16.52
16.049616,65.66281,0,2,16.52
16.049616,65.65311,0,2,16.53
16.059313,65.594925,1,2,16.54
16.039919,65.60462,0,2,16.55
16.039919,65.682205,0,2,16.55
16.010826,65.6919,0,2,16.56
16.020523,65.79858,0,2,16.54
16.020523,65.77918,0,2,16.53
16.030222,65.75978,0,2,16.54
16.020523,65.837364,0,2,16.54
16.020523,65.837364,0,2,16.53
16.030222,65.769485,1,2,16.53
16.039919,65.82767,0,2,16.53
16.049616,65.740395,0,2,16.56
16.049616,65.66281,1,2,16.54
16.059313,65.73069,0,2,16.53
16.039919,65.80827,0,2,16.54
16.030222,65.740395,0,2,16.54
16.039919,65.84707,1,2,16.56
16.039919,65.84707,0,2,16.55
16.030222,65.837364,0,2,16.54
16.030222,65.87616,0,2,16.56
16.030222,65.79858,1,2,16.54
16.059313,65.84707,0,2,16.55
16.039919,65.87616,1,2,16.55
16.039919,65.77918,0,2,16.52
16.039919,65.75009,0,2,16.54
16.059313,65.75009,1,2,16.54
16.049616,65.77918,0,2,16.67
16.039919,65.711296,0,2,17.24
16.059313,65.58523,0,2,17.28
16.039919,65.82767,0,2,17.21
16.049616,65.769485,0,2,17.13
16.049616,65.87616,0,2,17.08
16.039919,65.90525,0,2,16.97
16.020523,66.011925,0,2,16.94
16.039919,65.91495,0,2,16.89
16.039919,65.91495,0,2,16.86
16.165987,65.66281,1,2,16.81
16.718754,63.31598,0,2,16.77
16.757545,63.102627,0,2,16.75
16.68966,63.500237,0,2,16.72
16.61208,63.519627,0,2,16.7
16.563591,63.606903,0,2,16.68
16.456917,63.994812,0,2,16.67
16.427824,64.169365,0,2,16.67
16.379335,64.10149,0,2,16.64
16.350245,64.39242,0,2,16.67
16.301754,64.41181,0,2,16.62
16.262964,64.62516,0,2,16.62
16.243568,64.8676,0,2,16.6
16.214476,64.887,0,2,16.59
16.195082,64.877304,0,2,16.58
16.175686,64.96458,0,2,16.55
16.165987,65.08095,0,2,16.57
16.165987,65.15853,0,2,16.56
16.136894,65.18762,0,2,16.43
16.165987,64.70274,0,2,16.5
16.1175,65.148834,0,2,16.54
16.1175,65.18762,0,2,16.57
16.098104,65.25551,0,2,16.61
16.088408,65.19733,0,2,16.64
16.078709,64.99367,0,2,16.66
16.049616,65.43007,0,2,16.66
16.069012,65.439766,0,2,16.64
16.059313,65.21672,0,2,16.63
15.933245,63.31598,0,2,16.62
16.001127,64.83851,0,2,16.63
16.039919,64.8579,0,2,16.6
16.069012,64.4409,0,2,16.58
16.107801,64.60577,0,2,16.57
16.136894,64.65425,0,2,16.55
16.15629,64.61546,0,2,16.53
16.15629,64.82881,0,2,16.51
16.136894,64.906395,0,2,16.51
16.127195,65.003365,0,2,16.49
16.1175,65.05186,0,2,16.48
16.127195,65.148834,0,2,16.46
16.098104,64.75123,0,2,16.44
16.078709,65.352486,0,2,16.43
16.069012,65.60462,0,2,16.43
16.049616,65.19733,0,2,16.42
16.030222,65.7016,0,2,16.4
16.010826,65.57553,0,2,16.39
16.010826,65.49795,0,2,16.38
15.991429,65.352486,0,2,16.38
15.981731,65.265205,0,2,16.38
15.962336,65.67251,0,2,16.37
15.942942,65.46886,0,2,16.36
15.933245,65.565834,0,2,16.36
15.933245,66.14769,0,2,16.35
15.923547,66.17678,0,2,16.35
15.904151,66.13799,0,2,16.34
15.894453,66.15739,0,2,16.35
15.884755,66.29316,0,2,16.34
15.884755,66.43862,0,2,16.33
15.884755,66.4968,0,2,16.32
15.875059,65.866455,0,2,16.31
15.865361,66.66167,0,2,16.29
15.865361,66.69076,0,2,16.3
15.855663,66.71986,0,2,16.3
15.855663,66.73925,0,2,16.3
15.845965,66.86532,0,2,16.3
15.855663,66.69076,0,2,16.29
15.845965,66.92351,0,2,16.28
15.836267,67.07867,0,2,16.27
15.82657,66.66167,0,2,16.27
15.816872,67.15625,0,2,16.27
15.797478,66.78774,0,2,16.26
15.807174,67.3308,0,2,16.26
15.807174,67.3502,0,2,16.26
16.446434,64.93385,0,2,16.55
16.42639,64.77349,0,2,16.57
16.416367,64.58308,0,2,16.51
16.366257,64.733406,0,2,16.45
16.396324,64.72339,0,2,16.41
16.51659,64.93385,0,2,16.37
16.686968,64.46281,1,2,16.35
16.676945,65.11425,1,2,16.32
16.636856,64.48285,1,2,16.32
16.60679,64.5029,0,2,16.29
16.586744,64.63319,0,2,16.28
16.60679,64.983955,0,2,16.26
16.546658,64.82361,0,2,16.26
16.486525,65.03407,0,2,16.25
16.446434,65.25456,0,2,16.25
16.406347,65.455,0,2,16.23
16.386301,65.55523,0,2,16.21
16.356234,65.76569,0,2,16.22
16.356234,65.885956,0,2,16.23
16.32617,66.11647,0,2,16.22
16.316147,66.11647,1,2,16.23
16.296103,66.357,0,2,16.21
16.296103,66.24676,0,2,16.22
16.28608,66.45722,0,2,16.27
16.28608,66.60756,0,2,16.3
16.266035,66.597534,1,2,16.33
16.245989,66.37705,0,2,16.34
16.256012,66.67771,1,2,16.34
16.266035,66.73785,0,2,16.35
16.256012,66.26681,1,2,16.37
16.266035,66.66769,0,2,16.38
16.245989,66.66769,0,2,16.38
16.256012,66.58752,0,2,16.38
16.306124,66.84809,0,2,16.38
16.33619,66.79798,0,2,16.39
16.366257,66.82805,0,2,16.42
16.37628,66.96836,0,2,16.45
16.37628,66.958336,0,2,16.52
16.386301,67.04854,0,2,16.52
16.406347,67.03851,0,2,16.53
16.416367,67.08863,0,2,16.58
16.416367,66.99842,0,2,16.58
16.416367,66.96836,0,2,16.57
16.416367,67.03851,0,2,16.52
16.42639,67.108665,0,2,16.53
16.456457,66.3069,0,2,16.52
16.486525,66.978386,0,2,16.59
16.556679,66.55745,0,2,16.59
16.556679,66.60756,1,2,16.72
16.566702,66.717804,0,2,16.7
16.616812,66.04632,0,2,16.65
16.616812,66.357,0,2,16.62
16.60679,66.126495,0,2,16.57
16.556679,66.63763,0,2,16.54
16.566702,66.7579,1,2,16.52
16.556679,66.82805,0,2,16.52
16.626835,66.94832,0,2,16.51
16.626835,66.72783,0,2,16.5
16.757122,66.05634,0,2,16.51
16.73708,65.615364,0,2,16.5
16.686968,65.9962,0,2,16.5
16.656902,66.24676,0,2,16.52
16.60679,66.31692,0,2,16.52
16.576725,66.56747,0,2,16.53
16.556679,66.80801,0,2,16.52
16.556679,66.86814,0,2,16.53
16.546658,67.06858,0,2,16.52
16.536634,66.99842,0,2,16.53
16.546658,66.958336,0,2,16.53
16.536634,67.20889,0,2,16.52
16.536634,67.228935,1,2,16.5
16.556679,67.1688,0,2,16.52
16.556679,67.20889,0,2,16.51
16.566702,67.04854,0,2,16.5
16.556679,67.279045,0,2,16.5
16.566702,67.15878,0,2,16.5
16.556679,67.36925,0,2,16.51
16.566702,67.35922,0,2,16.51
16.566702,67.41936,0,2,16.52
16.556679,67.549644,0,2,16.51
16.536634,67.36925,0,2,16.51
16.556679,67.599754,0,2,16.51
16.546658,67.48951,1,2,16.49
16.536634,67.60978,0,2,16.5
16.536634,67.55967,0,2,16.51
16.536634,67.62983,0,2,16.49
16.546658,67.67993,0,2,16.49
16.546658,67.65989,0,2,16.49
16.556679,67.69998,0,2,16.5
16.546658,67.75009,0,2,16.5
16.546658,67.66991,0,2,16.5
16.546658,67.62983,0,2,16.51
16.526611,67.65989,0,2,16.51
16.536634,67.619804,0,2,16.54
16.546658,67.66991,0,2,16.54
16.526611,67.68996,0,2,16.54
16.526611,67.60978,1,2,16.55
16.526611,67.73005,1,2,16.55
16.536634,67.69998,0,2,16.55
16.536634,67.71,0,2,16.55
16.536634,67.58974,0,2,16.56
16.546658,67.69998,0,2,16.54
16.546658,67.68996,0,2,16.54
16.576725,67.50956,0,2,16.51
16.576725,67.74007,0,2,16.52
16.576725,67.8002,0,2,16.52
16.586744,67.549644,1,2,16.53
16.586744,67.79018,0,2,16.52
16.586744,67.86034,0,2,16.52
16.586744,67.85031,0,2,16.53
16.596767,67.79018,1,2,16.54
16.576725,67.8002,0,2,16.55
16.576725,67.88038,0,2,16.55
16.546658,67.890396,0,2,16.56
16.556679,68.00064,0,2,16.54
16.556679,67.980606,0,2,16.53
16.566702,67.960556,0,2,16.54
16.556679,68.04073,0,2,16.54
16.556679,68.04073,0,2,16.53
16.566702,67.97058,1,2,16.53
16.576725,68.03071,0,2,16.53
16.586744,67.94051,0,2,16.56
16.586744,67.86034,1,2,16.54
16.596767,67.93049,0,2,16.53
16.576725,68.010666,0,2,16.54
16.566702,67.94051,0,2,16.54
16.576725,68.05076,1,2,16.56
16.576725,68.05076,0,2,16.55
16.566702,68.04073,0,2,16.54
16.566702,68.080826,0,2,16.56
16.566702,68.00064,1,2,16.54
16.596767,68.05076,0,2,16.55
16.576725,68.080826,1,2,16.55
16.576725,67.980606,0,2,16.52
16.576725,67.95054,0,2,16.54
16.596767,67.95054,1,2,16.54
16.586744,67.980606,0,2,16.67
16.576725,67.910446,0,2,17.24
16.596767,67.78015,0,2,17.28
16.576725,68.03071,0,2,17.21
16.586744,67.97058,0,2,17.13
16.586744,68.080826,0,2,17.08
16.576725,68.110886,0,2,16.97
16.556679,68.22113,0,2,16.94
16.576725,68.12091,0,2,16.89
16.576725,68.12091,0,2,16.86
16.707012,67.86034,1,2,16.81
17.278276,65.43496,0,2,16.77
17.318367,65.21447,0,2,16.75
17.24821,65.62539,0,2,16.72
17.168032,65.64543,0,2,16.7
17.117922,65.73563,0,2,16.68
17.007677,66.13651,0,2,16.67
16.977612,66.31692,0,2,16.67
16.9275,66.24676,0,2,16.64
16.897434,66.547424,0,2,16.67
16.847322,66.56747,0,2,16.62
16.807234,66.78796,0,2,16.62
16.78719,67.03851,0,2,16.6
16.757122,67.05856,0,2,16.59
16.73708,67.04854,0,2,16.58
16.717035,67.13873,0,2,16.55
16.707012,67.259,0,2,16.57
16.707012,67.33918,0,2,16.56
16.676945,67.36925,0,2,16.43
16.707012,66.86814,0,2,16.5
16.656902,67.329155,0,2,16.54
16.656902,67.36925,0,2,16.57
16.636856,67.4394,0,2,16.61
16.626835,67.37927,0,2,16.64
16.616812,67.1688,0,2,16.66
16.586744,67.619804,0,2,16.66
16.60679,67.62983,0,2,16.64
16.596767,67.399315,0,2,16.63
16.46648,65.43496,0,2,16.62
16.536634,67.008446,0,2,16.63
16.576725,67.02849,0,2,16.6
16.60679,66.597534,0,2,16.58
16.64688,66.767914,0,2,16.57
16.676945,66.81802,0,2,16.55
16.69699,66.77793,0,2,16.53
16.69699,66.99842,0,2,16.51
16.676945,67.078606,0,2,16.51
16.666922,67.178825,0,2,16.49
16.656902,67.228935,0,2,16.48
16.666922,67.329155,0,2,16.46
16.636856,66.91824,0,2,16.44
16.616812,67.53963,0,2,16.43
16.60679,67.8002,0,2,16.43
16.586744,67.37927,0,2,16.42
16.566702,67.90042,0,2,16.4
16.546658,67.770134,0,2,16.39
16.546658,67.68996,0,2,16.38
16.526611,67.53963,0,2,16.38
16.51659,67.449425,0,2,16.38
16.496544,67.87036,0,2,16.37
16.476501,67.65989,0,2,16.36
16.46648,67.76012,0,2,16.36
16.46648,68.36144,0,2,16.35
16.456457,68.39151,0,2,16.35
16.436413,68.35142,0,2,16.34
16.42639,68.37147,0,2,16.35
16.416367,68.51178,0,2,16.34
16.416367,68.66211,0,2,16.33
16.416367,68.722244,0,2,16.32
16.406347,68.0708,0,2,16.31
16.396324,68.89262,0,2,16.29
16.396324,68.92268,0,2,16.3
16.386301,68.95276,0,2,16.3
16.386301,68.9728,0,2,16.3
16.37628,69.10309,0,2,16.3
16.386301,68.92268,0,2,16.29
16.37628,69.16322,0,2,16.28
16.366257,69.32358,0,2,16.27
16.356234,68.89262,0,2,16.27
16.346212,69.403755,0,2,16.27
16.32617,69.02291,0,2,16.26
16.33619,69.58415,0,2,16.26
16.33619,69.604195,0,2,16.26
16.370981,64.750984,0,2,16.55
16.35098,64.59098,0,2,16.57
16.34098,64.400986,0,2,16.51
16.290981,64.55098,0,2,16.45
16.320982,64.540985,0,2,16.41
16.44098,64.750984,0,2,16.37
16.610981,64.28098,1,2,16.35
16.60098,64.930984,1,2,16.32
16.560982,64.30098,1,2,16.32
16.530981,64.320984,0,2,16.29
16.51098,64.45098,0,2,16.28
16.530981,64.80098,0,2,16.26
16.470982,64.64098,0,2,16.26
16.410982,64.85098,0,2,16.25
16.370981,65.070984,0,2,16.25
16.330982,65.27098,0,2,16.23
16.310982,65.37099,0,2,16.21
16.280981,65.580986,0,2,16.22
16.280981,65.70098,0,2,16.23
16.250982,65.930984,0,2,16.22
16.240982,65.930984,1,2,16.23
16.220982,66.17098,0,2,16.21
16.220982,66.06098,0,2,16.22
16.210981,66.27098,0,2,16.27
16.210981,66.42098,0,2,16.3
16.19098,66.41098,1,2,16.33
16.17098,66.19099,0,2,16.34
16.18098,66.49098,1,2,16.34
16.19098,66.55098,0,2,16.35
16.18098,66.080986,1,2,16.37
16.19098,66.48098,0,2,16.38
16.17098,66.48098,0,2,16.38
16.18098,66.400986,0,2,16.38
16.230982,66.66098,0,2,16.38
16.26098,66.610985,0,2,16.39
16.290981,66.64098,0,2,16.42
16.300982,66.78098,0,2,16.45
16.300982,66.77098,0,2,16.52
16.310982,66.860985,0,2,16.52
16.330982,66.85098,0,2,16.53
16.34098,66.900986,0,2,16.58
16.34098,66.81098,0,2,16.58
16.34098,66.78098,0,2,16.57
16.34098,66.85098,0,2,16.52
16.35098,66.92098,0,2,16.53
16.380981,66.12099,0,2,16.52
16.410982,66.790985,0,2,16.59
16.480982,66.37099,0,2,16.59
16.480982,66.42098,1,2,16.72
16.490982,66.53098,0,2,16.7
16.540981,65.860985,0,2,16.65
16.540981,66.17098,0,2,16.62
16.530981,65.94099,0,2,16.57
16.480982,66.45098,0,2,16.54
16.490982,66.570984,1,2,16.52
16.480982,66.64098,0,2,16.52
16.550982,66.76099,0,2,16.51
16.550982,66.540985,0,2,16.5
16.68098,65.87099,0,2,16.51
16.660982,65.430984,0,2,16.5
16.610981,65.81098,0,2,16.5
16.580982,66.06098,0,2,16.52
16.530981,66.13098,0,2,16.52
16.500982,66.38098,0,2,16.53
16.480982,66.62099,0,2,16.52
16.480982,66.680984,0,2,16.53
16.470982,66.88098,0,2,16.52
16.460981,66.81098,0,2,16.53
16.470982,66.77098,0,2,16.53
16.460981,67.02098,0,2,16.52
16.460981,67.040985,1,2,16.5
16.480982,66.98098,0,2,16.52
16.480982,67.02098,0,2,16.51
16.490982,66.860985,0,2,16.5
16.480982,67.09098,0,2,16.5
16.490982,66.970985,0,2,16.5
16.480982,67.180984,0,2,16.51
16.490982,67.17098,0,2,16.51
16.490982,67.23098,0,2,16.52
16.480982,67.360985,0,2,16.51
16.460981,67.180984,0,2,16.51
16.480982,67.41098,0,2,16.51
16.470982,67.30098,1,2,16.49
16.460981,67.42098,0,2,16.5
16.460981,67.37099,0,2,16.51
16.460981,67.44099,0,2,16.49
16.470982,67.49098,0,2,16.49
16.470982,67.470985,0,2,16.49
16.480982,67.51099,0,2,16.5
16.470982,67.56098,0,2,16.5
16.470982,67.48098,0,2,16.5
16.470982,67.44099,0,2,16.51
16.450981,67.470985,0,2,16.51
16.460981,67.430984,0,2,16.54
16.470982,67.48098,0,2,16.54
16.450981,67.500984,0,2,16.54
16.450981,67.42098,1,2,16.55
16.450981,67.540985,1,2,16.55
16.460981,67.51099,0,2,16.55
16.460981,67.52098,0,2,16.55
16.460981,67.400986,0,2,16.56
16.470982,67.51099,0,2,16.54
16.470982,67.500984,0,2,16.54
16.500982,67.320984,0,2,16.51
16.500982,67.55098,0,2,16.52
16.500982,67.610985,0,2,16.52
16.51098,67.360985,1,2,16.53
16.51098,67.60098,0,2,16.52
16.51098,67.67098,0,2,16.52
16.51098,67.66098,0,2,16.53
16.52098,67.60098,1,2,16.54
16.500982,67.610985,0,2,16.55
16.500982,67.69099,0,2,16.55
16.470982,67.70098,0,2,16.56
16.480982,67.81098,0,2,16.54
16.480982,67.790985,0,2,16.53
16.490982,67.77098,0,2,16.54
16.480982,67.85098,0,2,16.54
16.480982,67.85098,0,2,16.53
16.490982,67.78098,1,2,16.53
16.500982,67.84098,0,2,16.53
16.51098,67.750984,0,2,16.56
16.51098,67.67098,1,2,16.54
16.52098,67.74098,0,2,16.53
16.500982,67.820984,0,2,16.54
16.490982,67.750984,0,2,16.54
16.500982,67.860985,1,2,16.56
16.500982,67.860985,0,2,16.55
16.490982,67.85098,0,2,16.54
16.490982,67.89098,0,2,16.56
16.490982,67.81098,1,2,16.54
16.52098,67.860985,0,2,16.55
16.500982,67.89098,1,2,16.55
16.500982,67.790985,0,2,16.52
16.500982,67.76099,0,2,16.54
16.52098,67.76099,1,2,16.54
16.51098,67.790985,0,2,16.67
16.500982,67.720985,0,2,17.24
16.52098,67.59098,0,2,17.28
16.500982,67.84098,0,2,17.21
16.51098,67.78098,0,2,17.13
16.51098,67.89098,0,2,17.08
16.500982,67.92098,0,2,16.97
16.480982,68.03098,0,2,16.94
16.500982,67.930984,0,2,16.89
16.500982,67.930984,0,2,16.86
16.630981,67.67098,1,2,16.81
17.200981,65.250984,0,2,16.77
17.240982,65.03098,0,2,16.75
17.17098,65.44099,0,2,16.72
17.09098,65.46098,0,2,16.7
17.040981,65.55098,0,2,16.68
16.93098,65.95098,0,2,16.67
16.900982,66.13098,0,2,16.67
16.85098,66.06098,0,2,16.64
16.820982,66.360985,0,2,16.67
16.77098,66.38098,0,2,16.62
16.730982,66.60098,0,2,16.62
16.710981,66.85098,0,2,16.6
16.68098,66.87099,0,2,16.59
16.660982,66.860985,0,2,16.58
16.640982,66.95098,0,2,16.55
16.630981,67.070984,0,2,16.57
16.630981,67.150986,0,2,16.56
16.60098,67.180984,0,2,16.43
16.630981,66.680984,0,2,16.5
16.580982,67.14098,0,2,16.54
16.580982,67.180984,0,2,16.57
16.560982,67.250984,0,2,16.61
16.550982,67.19099,0,2,16.64
16.540981,66.98098,0,2,16.66
16.51098,67.430984,0,2,16.66
16.530981,67.44099,0,2,16.64
16.52098,67.21098,0,2,16.63
16.390982,65.250984,0,2,16.62
16.460981,66.820984,0,2,16.63
16.500982,66.84098,0,2,16.6
16.530981,66.41098,0,2,16.58
16.570982,66.580986,0,2,16.57
16.60098,66.63098,0,2,16.55
16.620981,66.59098,0,2,16.53
16.620981,66.81098,0,2,16.51
16.60098,66.89098,0,2,16.51
16.59098,66.99098,0,2,16.49
16.580982,67.040985,0,2,16.48
16.59098,67.14098,0,2,16.46
16.560982,66.73098,0,2,16.44
16.540981,67.35098,0,2,16.43
16.530981,67.610985,0,2,16.43
16.51098,67.19099,0,2,16.42
16.490982,67.71098,0,2,16.4
16.470982,67.580986,0,2,16.39
16.470982,67.500984,0,2,16.38
16.450981,67.35098,0,2,16.38
16.44098,67.26099,0,2,16.38
16.42098,67.680984,0,2,16.37
16.400982,67.470985,0,2,16.36
16.390982,67.570984,0,2,16.36
16.390982,68.17098,0,2,16.35
16.380981,68.20098,0,2,16.35
16.360981,68.16098,0,2,16.34
16.35098,68.180984,0,2,16.35
16.34098,68.320984,0,2,16.34
16.34098,68.470985,0,2,16.33
16.34098,68.53098,0,2,16.32
16.330982,67.88098,0,2,16.31
16.320982,68.70098,0,2,16.29
16.320982,68.73098,0,2,16.3
16.310982,68.76099,0,2,16.3
16.310982,68.78098,0,2,16.3
16.300982,68.91098,0,2,16.3
16.310982,68.73098,0,2,16.29
16.300982,68.970985,0,2,16.28
16.290981,69.13098,0,2,16.27
16.280981,68.70098,0,2,16.27
16.27098,69.21098,0,2,16.27
16.250982,68.830986,0,2,16.26
16.26098,69.39098,0,2,16.26
16.26098,69.41098,0,2,16.26
16.414194,64.7942,0,2,16.55
16.394194,64.63419,0,2,16.57
16.384193,64.4442,0,2,16.51
16.334194,64.59419,0,2,16.45
16.364195,64.5842,0,2,16.41
16.484194,64.7942,0,2,16.37
16.654194,64.324196,1,2,16.35
16.644194,64.9742,1,2,16.32
16.604195,64.34419,1,2,16.32
16.574194,64.3642,0,2,16.29
16.554193,64.494194,0,2,16.28
16.574194,64.84419,0,2,16.26
16.514194,64.6842,0,2,16.26
16.454195,64.894196,0,2,16.25
16.414194,65.1142,0,2,16.25
16.374195,65.31419,0,2,16.23
16.354195,65.4142,0,2,16.21
16.324194,65.6242,0,2,16.22
16.324194,65.744194,0,2,16.23
16.294195,65.9742,0,2,16.22
16.284195,65.9742,1,2,16.23
16.264194,66.214195,0,2,16.21
16.264194,66.104195,0,2,16.22
16.254194,66.31419,0,2,16.27
16.254194,66.464195,0,2,16.3
16.234194,66.45419,1,2,16.33
16.214193,66.2342,0,2,16.34
16.224194,66.534195,1,2,16.34
16.234194,66.59419,0,2,16.35
16.224194,66.1242,1,2,16.37
16.234194,66.52419,0,2,16.38
16.214193,66.52419,0,2,16.38
16.224194,66.4442,0,2,16.38
16.274195,66.70419,0,2,16.38
16.304193,66.6542,0,2,16.39
16.334194,66.6842,0,2,16.42
16.344194,66.824196,0,2,16.45
16.344194,66.81419,0,2,16.52
16.354195,66.9042,0,2,16.52
16.374195,66.894196,0,2,16.53
16.384193,66.9442,0,2,16.58
16.384193,66.854195,0,2,16.58
16.384193,66.824196,0,2,16.57
16.384193,66.894196,0,2,16.52
16.394194,66.964195,0,2,16.53
16.424194,66.1642,0,2,16.52
16.454195,66.8342,0,2,16.59
16.524195,66.4142,0,2,16.59
16.524195,66.464195,1,2,16.72
16.534195,66.574196,0,2,16.7
16.584194,65.9042,0,2,16.65
16.584194,66.214195,0,2,16.62
16.574194,65.9842,0,2,16.57
16.524195,66.494194,0,2,16.54
16.534195,66.6142,1,2,16.52
16.524195,66.6842,0,2,16.52
16.594194,66.8042,0,2,16.51
16.594194,66.5842,0,2,16.5
16.724194,65.9142,0,2,16.51
16.704195,65.4742,0,2,16.5
16.654194,65.854195,0,2,16.5
16.624195,66.104195,0,2,16.52
16.574194,66.174194,0,2,16.52
16.544195,66.424194,0,2,16.53
16.524195,66.6642,0,2,16.52
16.524195,66.7242,0,2,16.53
16.514194,66.924194,0,2,16.52
16.504194,66.854195,0,2,16.53
16.514194,66.81419,0,2,16.53
16.504194,67.06419,0,2,16.52
16.504194,67.0842,1,2,16.5
16.524195,67.02419,0,2,16.52
16.524195,67.06419,0,2,16.51
16.534195,66.9042,0,2,16.5
16.524195,67.13419,0,2,16.5
16.534195,67.0142,0,2,16.5
16.524195,67.2242,0,2,16.51
16.534195,67.214195,0,2,16.51
16.534195,67.27419,0,2,16.52
16.524195,67.4042,0,2,16.51
16.504194,67.2242,0,2,16.51
16.524195,67.45419,0,2,16.51
16.514194,67.34419,1,2,16.49
16.504194,67.464195,0,2,16.5
16.504194,67.4142,0,2,16.51
16.504194,67.4842,0,2,16.49
16.514194,67.534195,0,2,16.49
16.514194,67.5142,0,2,16.49
16.524195,67.5542,0,2,16.5
16.514194,67.604195,0,2,16.5
16.514194,67.52419,0,2,16.5
16.514194,67.4842,0,2,16.51
16.494194,67.5142,0,2,16.51
16.504194,67.4742,0,2,16.54
16.514194,67.52419,0,2,16.54
16.494194,67.5442,0,2,16.54
16.494194,67.464195,1,2,16.55
16.494194,67.5842,1,2,16.55
16.504194,67.5542,0,2,16.55
16.504194,67.56419,0,2,16.55
16.504194,67.4442,0,2,16.56
16.514194,67.5542,0,2,16.54
16.514194,67.5442,0,2,16.54
16.544195,67.3642,0,2,16.51
16.544195,67.59419,0,2,16.52
16.544195,67.6542,0,2,16.52
16.554193,67.4042,1,2,16.53
16.554193,67.644196,0,2,16.52
16.554193,67.714195,0,2,16.52
16.554193,67.70419,0,2,16.53
16.564194,67.644196,1,2,16.54
16.544195,67.6542,0,2,16.55
16.544195,67.7342,0,2,16.55
16.514194,67.744194,0,2,16.56
16.524195,67.854195,0,2,16.54
16.524195,67.8342,0,2,16.53
16.534195,67.81419,0,2,16.54
16.524195,67.894196,0,2,16.54
16.524195,67.894196,0,2,16.53
16.534195,67.824196,1,2,16.53
16.544195,67.88419,0,2,16.53
16.554193,67.7942,0,2,16.56
16.554193,67.714195,1,2,16.54
16.564194,67.784195,0,2,16.53
16.544195,67.8642,0,2,16.54
16.534195,67.7942,0,2,16.54
16.544195,67.9042,1,2,16.56
16.544195,67.9042,0,2,16.55
16.534195,67.894196,0,2,16.54
16.534195,67.9342,0,2,16.56
16.534195,67.854195,1,2,16.54
16.564194,67.9042,0,2,16.55
16.544195,67.9342,1,2,16.55
16.544195,67.8342,0,2,16.52
16.544195,67.8042,0,2,16.54
16.564194,67.8042,1,2,16.54
16.554193,67.8342,0,2,16.67
16.544195,67.7642,0,2,17.24
16.564194,67.63419,0,2,17.28
16.544195,67.88419,0,2,17.21
16.554193,67.824196,0,2,17.13
16.554193,67.9342,0,2,17.08
16.544195,67.964195,0,2,16.97
16.524195,68.074196,0,2,16.94
16.544195,67.9742,0,2,16.89
16.544195,67.9742,0,2,16.86
16.674194,67.714195,1,2,16.81
17.244194,65.2942,0,2,16.77
17.284195,65.074196,0,2,16.75
17.214193,65.4842,0,2,16.72
17.134193,65.504196,0,2,16.7
17.084194,65.59419,0,2,16.68
16.974194,65.994194,0,2,16.67
16.944195,66.174194,0,2,16.67
16.894194,66.104195,0,2,16.64
16.864195,66.4042,0,2,16.67
16.814194,66.424194,0,2,16.62
16.774195,66.644196,0,2,16.62
16.754194,66.894196,0,2,16.6
16.724194,66.9142,0,2,16.59
16.704195,66.9042,0,2,16.58
16.684195,66.994194,0,2,16.55
16.674194,67.1142,0,2,16.57
16.674194,67.1942,0,2,16.56
16.644194,67.2242,0,2,16.43
16.674194,66.7242,0,2,16.5
16.624195,67.1842,0,2,16.54
16.624195,67.2242,0,2,16.57
16.604195,67.2942,0,2,16.61
16.594194,67.2342,0,2,16.64
16.584194,67.02419,0,2,16.66
16.554193,67.4742,0,2,16.66
16.574194,67.4842,0,2,16.64
16.564194,67.254196,0,2,16.63
16.434195,65.2942,0,2,16.62
16.504194,66.8642,0,2,16.63
16.544195,66.88419,0,2,16.6
16.574194,66.45419,0,2,16.58
16.614195,66.6242,0,2,16.57
16.644194,66.674194,0,2,16.55
16.664194,66.63419,0,2,16.53
16.664194,66.854195,0,2,16.51
16.644194,66.9342,0,2,16.51
16.634193,67.034195,0,2,16.49
16.624195,67.0842,0,2,16.48
16.634193,67.1842,0,2,16.46
16.604195,66.77419,0,2,16.44
16.584194,67.394196,0,2,16.43
16.574194,67.6542,0,2,16.43
16.554193,67.2342,0,2,16.42
16.534195,67.754196,0,2,16.4
16.514194,67.6242,0,2,16.39
16.514194,67.5442,0,2,16.38
16.494194,67.394196,0,2,16.38
16.484194,67.3042,0,2,16.38
16.464193,67.7242,0,2,16.37
16.444195,67.5142,0,2,16.36
16.434195,67.6142,0,2,16.36
16.434195,68.214195,0,2,16.35
16.424194,68.244194,0,2,16.35
16.404194,68.20419,0,2,16.34
16.394194,68.2242,0,2,16.35
16.384193,68.3642,0,2,16.34
16.384193,68.5142,0,2,16.33
16.384193,68.574196,0,2,16.32
16.374195,67.924194,0,2,16.31
16.364195,68.744194,0,2,16.29
16.364195,68.77419,0,2,16.3
16.354195,68.8042,0,2,16.3
16.354195,68.824196,0,2,16.3
16.344194,68.95419,0,2,16.3
16.354195,68.77419,0,2,16.29
16.344194,69.0142,0,2,16.28
16.334194,69.174194,0,2,16.27
16.324194,68.744194,0,2,16.27
16.314194,69.254196,0,2,16.27
16.294195,68.8742,0,2,16.26
16.304193,69.4342,0,2,16.26
16.304193,69.45419,0,2,16.26
16.465837,66.29202,0,2,16.527664
16.47792,65.433846,0,2,16.56686
16.43049,64.61672,0,2,16.439312
16.514233,65.54927,0,2,16.494469
16.398346,65.98441,0,2,16.386034
16.518906,66.69638,0,2,16.486717
16.613125,65.53017,1,2,16.417046
16.555574,65.09865,1,2,16.440609
16.570919,66.06554,1,2,16.43148
16.563059,66.36604,0,2,16.526005
16.586346,64.683846,0,2,16.296154
16.532215,66.25964,0,2,16.411142
16.51,66.049385,0,2,16.39501
16.521084,65.814095,0,2,16.445482
16.47416,66.73145,0,2,16.413311
16.33746,65.497795,0,2,16.21418
16.453667,66.793945,0,2,16.394348
16.35807,66.46969,0,2,16.41401
16.389307,66.71863,0,2,16.548477
16.438728,66.889534,0,2,16.339468
16.323751,66.53407,0,2,16.401255
16.303434,66.38733,0,2,16.323574
16.359495,66.93677,0,2,16.504093
16.334347,66.875244,0,2,16.384346
16.293768,67.15544,1,2,16.33797
16.440628,67.25135,0,2,16.465199
16.323341,67.80887,0,2,16.333542
16.244904,66.34657,0,2,16.285416
16.460941,66.18024,0,2,16.537321
16.627647,66.45144,0,2,16.544544
16.26826,67.393875,0,2,16.348928
16.22317,66.44317,0,2,16.36415
16.431702,67.15276,0,2,16.464085
16.284369,66.47805,0,2,16.319656
16.438839,66.76778,0,2,16.4516
16.435963,66.628075,1,2,16.593945
16.456646,66.91604,0,2,16.537674
16.554419,66.89489,0,2,16.560883
16.42279,67.14076,0,2,16.5388
16.452118,67.264534,0,2,16.525911
16.43415,67.22544,0,2,16.56556
16.442394,67.15277,0,2,16.533602
16.467142,67.41286,0,2,16.53162
16.371052,65.4567,0,2,16.454205
16.487316,66.51005,0,2,16.52
16.491035,66.64307,0,2,16.562645
16.538952,67.035385,1,2,16.5521
16.430916,66.63322,1,2,16.62102
16.526794,66.993195,0,2,16.648705
16.549963,66.260445,0,2,16.64249
16.55489,66.63269,0,2,16.573965
16.473412,65.887276,0,2,16.43864
16.504553,67.05127,1,2,16.545149
16.465342,67.42014,1,2,16.43252
16.57513,66.64325,0,2,16.550627
16.557499,66.951675,0,2,16.51
16.573515,66.99214,0,2,16.506596
16.609211,66.66539,0,2,16.51
16.649101,66.23667,0,2,16.725864
16.5914,66.24217,0,2,16.513523
16.579613,66.93807,0,2,16.883503
16.56503,66.895905,0,2,16.89787
16.519104,67.207146,0,2,16.536968
16.717598,66.508896,0,2,16.607176
16.52,67.151825,0,2,16.51817
16.550869,67.07837,0,2,16.581303
16.50655,67.17088,1,2,16.503805
16.52179,66.66854,0,2,16.6302
16.507439,67.34642,0,2,16.52372
16.442963,67.74164,1,2,16.42395
16.549473,67.02,0,2,16.588768
16.536621,66.764145,0,2,16.513325
16.53,67.31964,0,2,16.524445
16.509377,67.29467,0,2,16.531872
16.471529,67.66381,0,2,16.420267
16.764328,66.531075,0,2,16.586103
16.542822,67.53055,1,2,16.529234
16.412846,66.95419,0,2,16.453783
16.451408,65.97207,0,2,16.347878
16.347101,66.69804,0,2,16.42037
16.524181,67.22009,0,2,16.505821
17.047493,65.75544,0,2,16.67149
16.42493,66.434044,0,2,16.354864
16.557472,67.242004,0,2,16.501158
16.533636,67.715454,0,2,16.523636
16.51,67.51904,0,2,16.49
16.540588,67.494705,0,2,16.566471
16.490814,66.4409,0,2,16.395761
16.51,67.06027,0,2,16.520496
16.516832,67.1784,0,2,16.513664
16.449802,68.01276,0,2,16.437763
16.519861,67.74291,1,2,16.53986
16.518482,67.68561,1,2,16.53384
16.536139,67.3305,0,2,16.461586
16.440151,67.30073,0,2,16.510092
16.57106,67.33031,0,2,16.485151
16.495256,67.196304,0,2,16.539488
16.503042,67.54696,0,2,16.498276
16.54536,67.43148,0,2,16.55756
16.512262,67.37052,0,2,16.543652
16.505585,67.34248,0,2,16.522339
16.774343,66.53828,0,2,16.609564
16.50637,67.48107,0,2,16.530178
16.53332,66.93529,1,2,16.52
16.544373,67.57129,0,2,16.581219
16.537392,67.46935,1,2,16.485868
16.426044,66.87332,0,2,16.386864
16.530687,67.32858,0,2,16.52
16.557325,66.47659,0,2,16.442091
16.929647,66.41163,0,2,16.642365
16.365398,66.98979,0,2,16.457241
16.408152,68.67491,0,2,16.390682
16.514114,67.661835,0,2,16.535316
16.426733,66.24973,0,2,16.495823
16.485743,67.7672,0,2,16.438644
16.53,67.77207,0,2,16.451508
16.502922,67.67367,0,2,16.52292
16.549503,67.66873,0,2,16.559504
16.536024,66.817154,1,2,16.454712
16.444336,65.82321,0,2,16.518042
16.55,67.75377,0,2,16.541883
16.598581,67.23302,1,2,16.535583
16.512455,67.49473,0,2,16.440853
16.4698,67.700455,0,2,16.425129
16.564018,67.294304,0,2,16.491404
16.54,67.47322,1,2,16.576736
16.522734,67.5374,0,2,16.53705
16.53,67.87793,0,2,16.54
16.564217,67.28559,0,2,16.531487
16.581573,67.29675,1,2,16.54469
16.493202,67.06981,0,2,16.535686
16.54,67.80091,1,2,16.53617
16.534138,67.92309,0,2,16.672363
16.654448,67.24505,0,2,16.564508
16.534199,67.8058,0,2,16.54
16.435854,68.391174,0,2,16.398119
16.544853,67.58803,0,2,16.587627
16.75306,67.00821,0,2,17.096947
16.48456,67.93594,0,2,16.886044
16.454153,68.07622,0,2,16.676517
16.540741,67.538055,0,2,16.907171
16.54,67.74683,0,2,16.681194
16.37503,67.34515,0,2,16.67812
16.453773,67.94464,0,2,16.595806
16.515423,67.71807,0,2,16.669518
16.626877,67.76544,1,2,16.726837
16.899925,65.96492,0,2,16.628738
16.896257,66.062614,0,2,16.622086
16.558998,66.32492,0,2,16.484531
16.7065,66.58305,0,2,16.56809
16.72248,66.806816,0,2,16.560827
16.731077,66.68686,0,2,16.52565
16.82898,66.80322,0,2,16.727566
16.508768,66.0174,0,2,16.373137
16.66368,67.211464,1,2,16.584927
16.571392,66.48994,0,2,16.508926
16.496597,66.80925,0,2,16.554905
16.67865,67.12783,0,2,16.572819
16.500214,66.897446,0,2,16.552322
16.61352,67.21861,0,2,16.543587
16.650993,67.08185,0,2,16.545166
16.684505,67.00847,0,2,16.574835
16.617393,67.49862,0,2,16.693268
16.534698,67.8483,0,2,16.37735
16.641594,65.75418,0,2,16.426954
16.573668,67.61024,0,2,16.626047
16.590328,65.80766,0,2,16.38604
16.572742,67.513504,0,2,16.566391
16.642715,66.38658,0,2,16.572908
16.601246,67.08798,0,2,16.575016
16.476467,67.94579,0,2,16.512938
16.61806,66.50079,0,2,16.555897
16.816597,66.461426,0,2,16.655033
16.34735,67.92206,0,2,16.391125
16.318544,66.64614,1,2,16.442064
16.3958,68.09916,0,2,16.383698
16.552841,67.31371,0,2,16.803078
16.510014,67.32304,0,2,16.473137
16.454617,66.570175,0,2,16.431164
16.606407,67.17931,0,2,16.534466
16.483536,68.00805,0,2,16.394196
16.659298,66.958954,0,2,16.529299
16.566582,67.283676,0,2,16.519268
16.53012,67.61455,0,2,16.418503
16.59128,67.19161,0,2,16.479359
16.508291,66.739426,0,2,16.433207
16.708443,66.88299,0,2,16.558441
16.44399,67.2312,0,2,16.411469
16.858583,66.27513,0,2,16.57138
16.46928,66.39684,0,2,16.47373
16.466877,67.364586,0,2,16.453024
16.51522,67.32592,0,2,16.442656
16.520977,66.87716,0,2,16.47293
16.513746,67.58121,0,2,16.469986
16.497562,66.94997,0,2,16.476429
16.487865,67.62568,0,2,16.431799
16.57426,66.76433,0,2,16.43462
16.381308,68.677444,0,2,16.311047
16.455975,67.96019,0,2,16.425947
16.406193,66.08807,0,2,16.470058
16.541376,67.40906,0,2,16.431095
16.477365,67.00385,0,2,16.513865
16.568045,67.39516,0,2,16.450886
16.38,67.44242,0,2,16.499859
16.291218,66.974625,1,2,16.341513
16.615675,67.60709,0,2,16.457512
16.454308,67.98409,0,2,16.425743
16.441662,68.33711,0,2,16.419159
16.538244,65.99632,1,2,16.331373
16.406178,68.59595,0,2,16.376104
16.535952,67.60609,0,2,16.420855
16.418812,68.47801,0,2,16.32926
16.34275,68.91497,0,2,16.282751
16.40592,67.47766,0,2,16.481493
16.438314,67.6362,0,2,16.418056
16.441385,68.19864,0,2,16.444296
16.375298,67.72682,0,2,16.26
16.281466,68.28601,0,2,16.263706
16.510738,65.7199,0,2,16.553873
16.368273,65.58162,0,2,16.517857
16.47719,65.69376,0,2,16.582893
16.339584,64.58681,0,2,16.437222
16.503572,65.751724,0,2,16.4841
16.467558,65.636055,0,2,16.36689
16.364748,65.78606,1,2,16.343367
16.561325,66.59598,0,2,16.44457
16.560032,64.489876,1,2,16.336653
16.475985,66.79187,0,2,16.327606
16.54105,65.707115,0,2,16.382917
16.887356,65.05315,0,2,16.501568
16.537302,66.74818,0,2,16.437468
16.510624,66.648056,0,2,16.43793
16.308125,65.68051,0,2,16.295845
16.312235,66.112946,0,2,16.316648
16.435654,65.0192,0,2,16.236767
16.422436,66.72727,0,2,16.376091
16.508942,65.820305,0,2,16.362259
16.397638,65.97385,0,2,16.354546
16.408373,66.88084,1,2,16.425615
16.382874,66.7271,0,2,16.363592
16.248499,66.234184,0,2,16.26217
16.414103,67.0737,0,2,16.415167
16.436846,67.37489,0,2,16.886305
16.226885,66.34721,1,2,16.342459
16.33899,66.50008,0,2,16.404495
16.434345,67.09206,1,2,16.56387
16.329239,66.90977,0,2,16.405132
16.384453,67.18894,0,2,16.68246
16.411339,66.8961,1,2,16.460594
16.460136,66.7585,0,2,16.455622
16.28882,65.28257,0,2,16.423794
16.35078,66.96254,0,2,16.423756
16.478205,66.96743,0,2,16.49024
16.40641,67.12997,0,2,16.47943
16.429373,66.99449,0,2,16.437233
16.36002,66.870056,0,2,16.524004
16.449604,67.30339,0,2,16.52996
16.469362,66.421585,0,2,16.586777
16.584774,66.60273,0,2,16.604092
16.511005,66.87047,0,2,16.58
16.395203,66.354744,0,2,16.585205
16.451086,67.22871,0,2,16.524181
16.461369,66.888626,0,2,16.53
16.547022,66.12189,0,2,16.52
16.496876,67.29875,0,2,16.6275
16.463535,66.62376,0,2,16.585966
16.557114,66.868256,0,2,16.677584
16.43905,67.50981,0,2,16.513771
16.428818,66.156555,0,2,16.489655
16.512436,66.53223,0,2,16.604408
16.420746,65.97467,0,2,16.38343
16.52,66.81339,0,2,16.527798
16.536343,67.2696,0,2,16.539026
16.443909,67.63806,0,2,16.430075
16.569912,67.36246,1,2,16.530088
16.59,66.67959,0,2,16.504528
16.625834,66.51594,0,2,16.456776
16.62282,66.65666,0,2,16.524118
16.57935,66.41992,0,2,16.50942
16.632595,65.38843,1,2,16.394058
16.551712,66.79907,0,2,16.523659
16.516193,67.04494,0,2,16.535954
16.483406,66.14437,0,2,16.43018
16.51302,67.01318,0,2,16.536982
16.402805,68.23788,0,2,16.368666
16.438644,67.64148,0,2,16.44717
16.515469,66.61857,1,2,16.63392
16.518589,67.574295,0,2,16.532393
16.458904,67.51835,1,2,16.445206
16.462345,66.95273,0,2,16.52
16.514841,66.98776,0,2,16.51516
16.526752,67.20207,0,2,16.509745
16.36652,66.82799,0,2,16.440588
16.637136,66.811966,0,2,16.555191
16.478231,67.56807,0,2,16.412542
16.523111,66.65886,0,2,16.565113
16.525778,67.5318,0,2,16.528446
16.438831,65.6705,0,2,16.547462
16.59335,67.00413,0,2,16.51
16.509012,67.428024,0,2,16.51
16.411152,66.5076,0,2,16.354734
16.510262,67.42922,0,2,16.50513
16.586966,67.15579,0,2,16.49662
16.523243,67.39091,0,2,16.544231
16.422928,68.22113,0,2,16.386602
16.350315,66.9454,0,2,16.427265
16.52,67.33596,0,2,16.506487
16.560188,67.108154,0,2,16.535133
16.45186,67.23825,0,2,16.508945
16.387856,68.626785,0,2,16.347141
16.49812,67.51812,0,2,16.50188
16.566923,67.00153,0,2,16.473078
16.823185,66.5235,0,2,16.625416
16.45288,67.88758,0,2,16.46576
16.379116,67.04111,1,2,16.480185
16.464975,67.07237,1,2,16.539276
16.602787,67.04816,0,2,16.519768
16.506384,67.598305,0,2,16.447855
16.404324,68.288345,0,2,16.387781
16.604742,66.39955,0,2,16.51293
16.8171,66.489395,0,2,16.615429
16.478842,65.68154,0,2,16.33332
16.55121,67.76376,0,2,16.536816
16.410675,67.052635,0,2,16.458416
16.414831,68.359695,0,2,16.374556
16.53749,67.2314,0,2,16.52
16.562607,67.67218,0,2,16.463272
16.541857,67.239914,0,2,16.599216
16.525654,67.494026,1,2,16.471308
16.414383,66.95462,0,2,16.40195
16.624317,67.34589,0,2,16.568737
16.44062,68.20253,0,2,16.435118
16.71094,67.11441,0,2,16.590084
16.531511,67.84727,0,2,16.535755
16.370153,68.51599,0,2,16.353512
16.5307,67.60643,0,2,16.523949
16.563377,67.44899,0,2,16.53723
16.674885,67.095566,0,2,16.576572
16.38315,68.81427,0,2,16.352692
16.425201,68.4337,0,2,16.389221
16.544605,67.64526,0,2,16.529211
16.56,67.72198,0,2,16.820091
16.54,67.908676,0,2,16.69488
16.415098,67.117615,0,2,16.399563
16.526129,67.73354,1,2,16.476768
16.555447,67.00935,0,2,16.534554
16.520952,67.71808,0,2,16.517378
16.526049,67.586235,0,2,16.540243
16.535454,67.87726,0,2,16.545452
16.52583,67.30773,0,2,16.595558
16.465014,67.47126,1,2,16.541178
16.4273,66.23394,0,2,16.341015
16.59339,67.509674,0,2,16.53144
16.369566,66.924324,0,2,16.38132
16.624277,66.73025,1,2,16.521637
16.544037,67.85982,0,2,16.58651
16.443434,68.05614,0,2,16.667034
16.543837,67.29593,0,2,16.859722
16.526436,67.37128,0,2,16.728415
16.463491,67.86806,0,2,16.735905
16.460897,68.23399,0,2,16.686909
16.438377,66.59611,0,2,16.563505
16.533792,66.93216,0,2,16.657265
16.533596,67.944374,0,2,16.678596
16.386715,66.33264,0,2,16.414082
16.658976,67.529945,1,2,16.670366
17.016079,66.111046,0,2,16.886827
17.055689,65.81343,0,2,16.647457
16.898521,66.3582,0,2,16.629152
16.723372,66.451096,0,2,16.63108
16.72304,66.16368,0,2,16.590761
16.812595,66.63393,0,2,16.623493
16.765879,66.92308,0,2,16.622116
16.675442,66.837204,0,2,16.595987
16.667126,65.21165,0,2,16.427353
16.732267,66.7482,0,2,16.550905
16.643755,67.36454,0,2,16.812115
16.508568,66.76124,0,2,16.487331
16.754993,66.72104,0,2,16.610996
16.576742,67.49803,0,2,16.475002
16.55462,67.531815,0,2,16.455965
16.603758,67.3551,0,2,16.61637
16.478771,66.9658,0,2,16.573189
16.601425,67.42252,0,2,16.465363
16.551233,67.299866,0,2,16.534931
16.585342,67.23041,0,2,16.524246
16.513754,67.09408,0,2,16.550325
16.433971,66.97589,0,2,16.493332
16.579983,65.79253,0,2,16.464699
16.552353,66.86333,0,2,16.595488
16.54309,67.718735,0,2,16.56327
16.54825,67.501755,0,2,16.603752
16.534626,67.40225,0,2,16.584324
16.420925,65.063126,0,2,16.588238
16.573536,67.0561,0,2,16.574848
16.569586,65.627556,0,2,16.461937
16.549416,67.27337,0,2,16.538832
17.0201,65.84081,0,2,16.672523
16.5783,67.11139,0,2,16.526268
16.61651,67.02475,0,2,16.533346
16.626423,66.10011,0,2,16.41673
16.767569,66.60683,0,2,16.578037
16.591259,67.12298,0,2,16.501621
16.567245,67.50864,0,2,16.52616
16.585665,67.43492,0,2,16.49325
16.791372,66.36656,0,2,16.558962
16.60607,67.18795,0,2,16.462587
16.6878,67.15262,0,2,16.541256
16.571371,66.88271,0,2,16.462744
16.53,67.15274,1,2,16.46287
16.455872,67.613235,0,2,16.369701
16.51676,66.98564,0,2,16.481407
16.49,67.45816,0,2,16.440987
16.484314,67.40353,0,2,16.449018
16.54277,66.67847,0,2,16.54244
16.500011,67.42748,0,2,16.45377
16.506802,67.5204,0,2,16.552006
16.455715,67.98821,0,2,16.411072
16.371899,67.46008,0,2,16.308771
16.44396,68.04782,0,2,16.360289
16.479828,67.96335,1,2,16.465494
16.489475,67.94947,0,2,16.955795
16.505629,67.6665,0,2,16.419735
16.479757,68.091156,1,2,16.466312
16.450985,67.68605,0,2,16.408981
16.483932,66.851105,0,2,16.315641
16.348705,68.87166,0,2,16.3
16.3704,67.45365,0,2,16.483593
16.481285,68.23267,0,2,16.686945
16.453539,68.29716,0,2,16.436245
16.493635,67.255295,0,2,16.479338
16.416079,68.618744,0,2,16.569824
16.409285,68.27283,0,2,16.374321
16.392786,68.00064,0,2,16.369602
16.40458,68.36893,0,2,16.379513
16.406065,68.41004,0,2,16.380363
16.344696,66.642044,0,2,16.399677
16.419071,68.685196,0,2,16.383652
16.388664,65.91021,0,2,16.539331
16.452368,66.44493,0,2,16.551289
16.38,65.543594,0,2,16.540901
16.41194,64.7589,0,2,16.317661
16.48618,65.614975,0,2,16.410168
16.61623,65.21915,1,2,16.447092
16.658295,66.27503,0,2,16.472456
16.583641,65.34112,1,2,16.388704
16.55952,66.17296,0,2,16.73014
16.933058,64.79434,0,2,16.526627
16.556486,66.77237,0,2,16.442427
16.532522,66.38601,1,2,16.417652
16.494694,66.11905,0,2,16.37067
16.392876,67.05076,0,2,16.295664
16.531067,64.74051,1,2,16.299028
16.416496,66.14146,0,2,16.347424
16.539219,65.53347,0,2,16.38153
16.48992,66.67771,0,2,16.488026
16.338673,65.56845,0,2,16.226084
16.732784,65.98312,0,2,16.518732
16.535442,66.16191,0,2,16.398
16.461695,66.47818,0,2,16.36623
16.39175,66.796,0,2,16.396564
16.24148,66.455734,0,2,16.31278
16.462845,67.07535,0,2,16.396526
16.22188,66.44385,0,2,16.34594
16.377083,67.20251,1,2,16.447994
16.263184,67.9458,0,2,16.307335
16.34515,65.47981,1,2,16.37
16.38868,67.05374,0,2,16.812763
16.237675,66.34842,0,2,16.285906
16.390446,66.42296,0,2,16.499313
16.321537,66.82884,0,2,16.470192
16.339264,66.76779,0,2,16.453804
16.350021,68.05478,0,2,16.333242
16.30075,66.69571,0,2,16.427105
16.43925,67.37242,0,2,16.525515
16.344193,66.853546,0,2,16.479347
16.37575,67.73531,0,2,16.42074
16.389471,67.53671,0,2,16.46634
16.473295,67.365875,0,2,16.569023
16.463469,66.52013,0,2,16.548359
16.486406,66.974236,0,2,16.502266
16.460127,67.28258,0,2,16.525326
16.351425,66.18286,0,2,16.461224
16.5029,66.4553,0,2,16.581184
16.50741,66.6933,0,2,16.615181
16.514473,65.47625,0,2,16.46577
16.381548,67.992676,0,2,16.427837
16.544088,66.35489,0,2,16.57219
16.552597,67.29927,0,2,16.565193
16.554863,66.67625,0,2,16.539728
16.52,66.89555,0,2,16.524696
16.53,67.47063,1,2,16.533882
16.458673,67.50791,0,2,16.43239
16.612814,65.96503,0,2,16.42331
16.546291,67.09904,0,2,16.494535
16.655735,66.72616,0,2,16.52928
16.608156,66.69459,0,2,16.597967
16.61982,66.0052,0,2,16.551735
16.433975,66.5717,0,2,16.52
16.49533,66.93802,0,2,16.434666
16.536505,66.947876,0,2,16.540487
16.372318,66.39417,0,2,16.44616
16.412281,67.80796,0,2,16.389967
16.404125,68.18547,0,2,16.388916
16.511059,66.778114,0,2,16.53
16.525173,67.20448,0,2,16.524944
16.529356,67.42205,0,2,16.529785
16.573038,67.153046,0,2,16.463482
16.546127,66.93788,0,2,16.516268
16.52,67.2201,0,2,16.51
16.411339,66.440186,0,2,16.36156
16.575,67.24,0,2,16.575626
16.53586,67.5666,0,2,16.775368
16.52377,66.99014,0,2,16.513767
16.400126,66.30088,0,2,16.336834
16.545586,67.418045,0,2,16.484936
16.494162,67.18959,0,2,16.539532
16.52326,67.47005,0,2,16.53326
16.423231,67.09518,0,2,16.434734
16.51472,67.5807,1,2,16.5136
16.462889,66.309555,0,2,16.56362
16.524845,66.32746,0,2,16.431915
16.673508,67.070526,0,2,16.566343
16.515457,67.72641,0,2,16.511824
16.429163,67.13725,0,2,16.458565
16.524948,67.68356,0,2,16.51484
16.541195,66.85654,0,2,16.510399
16.521217,66.987236,0,2,16.61216
16.523384,67.59711,0,2,16.563534
16.455734,67.909775,0,2,16.418623
16.377295,67.03825,0,2,16.467285
16.506563,67.530304,0,2,16.543436
16.501808,67.67777,0,2,16.54
16.563593,66.99838,0,2,16.476408
16.419127,67.12394,1,2,16.44831
16.516436,67.665054,0,2,16.537674
16.580936,67.04548,0,2,16.55
16.506723,67.50724,0,2,16.546553
16.529837,67.10701,0,2,16.579674
16.516167,67.21935,0,2,16.527668
16.522423,67.4479,0,2,16.498281
16.422234,68.36203,0,2,16.37606
16.479397,66.4659,0,2,16.39413
16.642254,67.05228,1,2,16.561935
16.58746,67.003174,0,2,16.551218
16.544586,67.81288,0,2,16.536243
16.515211,67.36603,0,2,16.516085
16.57863,67.50958,1,2,16.549316
16.340454,66.96671,0,2,16.447203
16.453436,65.95003,0,2,16.528358
16.515858,67.007965,0,2,16.548288
16.510593,67.71361,0,2,16.544703
16.866379,66.50695,0,2,16.626534
16.55941,67.20708,0,2,16.520393
16.580502,67.34549,0,2,16.535679
16.499508,67.58774,0,2,16.453152
16.517845,67.63768,0,2,16.53608
16.53033,67.56088,0,2,16.52033
16.539082,67.364204,0,2,16.527246
16.583675,66.935486,1,2,16.53038
16.54765,67.87262,1,2,16.54235
16.415234,67.32353,0,2,16.465958
16.53375,67.89375,0,2,16.5475
16.530954,67.85175,0,2,16.553015
16.517038,67.708534,0,2,16.54
16.539349,67.93,0,2,16.803059
16.701843,67.14388,1,2,16.583742
16.607397,67.3253,0,2,16.526302
16.559277,66.776566,1,2,16.476103
16.58085,67.63575,0,2,16.547264
16.508444,67.672226,1,2,16.538933
16.53386,67.806145,0,2,16.54
16.56,67.79231,1,2,16.536156
16.610558,67.14606,0,2,16.613005
16.436703,67.28225,0,2,16.874155
16.936909,66.33299,0,2,16.997318
16.419968,68.46121,0,2,16.635103
16.473272,68.25479,0,2,16.819439
16.421726,68.55304,0,2,16.603554
16.531603,67.33017,0,2,16.865028
16.43614,67.32126,0,2,16.718372
16.546545,67.734375,0,2,16.80491
16.519442,67.78086,0,2,16.716085
16.579481,67.20083,0,2,16.651592
16.986351,66.05095,0,2,16.678406
16.723112,65.96874,0,2,16.54599
16.718988,66.830284,1,2,16.604065
16.856365,65.17306,0,2,16.596943
16.900043,66.15469,0,2,16.627254
16.660694,66.89214,0,2,16.483128
16.867321,66.37094,0,2,16.648624
16.63201,67.01289,0,2,16.540771
16.77816,66.96427,0,2,16.730303
16.615973,66.29065,0,2,16.570251
16.577778,67.30968,0,2,16.464983
16.881655,66.3911,0,2,16.648504
16.574825,65.91719,0,2,16.571268
16.52909,67.81314,0,2,16.438389
16.447128,68.440445,0,2,16.363705
16.92976,66.32591,0,2,16.642155
16.617397,66.00644,0,2,16.43726
16.586325,67.343864,0,2,16.458902
16.626911,67.0801,0,2,16.512312
16.568893,67.19704,0,2,16.522966
16.594116,67.38501,0,2,16.563528
16.501492,66.88365,0,2,16.493023
16.56427,67.130295,0,2,16.601404
16.545513,67.04299,0,2,16.57378
16.5293,67.475174,0,2,16.582378
16.54845,67.523094,0,2,16.589722
16.53725,67.29095,0,2,16.566303
16.517067,66.65199,0,2,16.632437
16.50531,67.26364,0,2,16.502533
16.582544,66.950905,0,2,16.548
16.574123,66.68503,0,2,16.612988
16.510914,66.77313,0,2,16.551985
16.567045,67.38629,0,2,16.450516
16.528522,67.512,0,2,16.431393
16.589394,67.46529,0,2,16.726864
16.601204,66.91942,0,2,16.506474
16.478237,68.082855,0,2,16.385662
16.585907,67.097046,0,2,16.486818
16.59093,67.25813,0,2,16.490051
16.540136,66.81789,0,2,16.49388
16.49694,67.4612,0,2,16.388472
16.613552,67.24496,0,2,16.460487
16.556839,67.68834,0,2,16.50893
16.538742,67.73251,0,2,16.452456
16.521643,67.15434,0,2,16.444326
16.45891,67.82951,0,2,16.367228
16.424196,66.459335,0,2,16.300095
16.425613,67.60654,0,2,16.34539
16.499962,67.79993,0,2,16.789608
16.362913,66.295876,0,2,16.270063
16.309765,66.74164,0,2,16.299885
16.477173,68.06848,0,2,16.42719
16.550217,67.58272,0,2,16.41821
16.488134,67.891525,1,2,16.450169
16.454578,67.00735,0,2,16.31771
16.465277,68.040215,0,2,16.81968
16.38,67.69046,0,2,16.453426
16.486305,67.15082,0,2,16.495403
16.603554,67.19551,0,2,16.481588
16.422577,68.239395,0,2,16.327545
16.488739,68.10484,0,2,16.403706
16.436605,68.42168,0,2,16.568932
16.463354,68.345566,0,2,16.645391
16.414358,68.27927,0,2,16.39056
16.44292,67.67775,0,2,16.417229
16.490973,68.18242,0,2,16.40487
16.446266,68.1262,0,2,16.368208
16.472054,67.88605,0,2,16.371284
16.449198,68.15362,0,2,16.44573
16.37411,68.559204,0,2,16.348932
16.35221,66.653824,0,2,16.439837
16.399652,65.14818,0,2,16.55
16.390795,64.62761,0,2,16.57
16.376816,64.467064,0,2,16.51
16.336369,64.57726,0,2,16.45
16.367165,64.59751,0,2,16.41
16.48398,64.73587,0,2,16.37
16.635674,64.40914,1,2,16.35
16.637611,64.86812,1,2,16.32
16.600796,64.39173,1,2,16.32
16.570795,64.36876,0,2,16.29
16.553183,64.50751,0,2,16.28
16.563633,64.7994,0,2,16.26
16.51,64.70945,0,2,16.26
16.451593,64.89079,0,2,16.25
16.41,65.108406,0,2,16.25
16.371592,65.30204,0,2,16.23
16.349205,65.418755,0,2,16.21
16.322388,65.61284,0,2,16.22
16.317612,65.74876,0,2,16.23
16.291594,65.9517,0,2,16.22
16.279205,65.989105,1,2,16.23
16.261593,66.182144,0,2,16.21
16.259205,66.125465,0,2,16.22
16.250795,66.30522,0,2,16.27
16.248407,66.447266,0,2,16.3
16.23,66.43328,1,2,16.33
16.212387,66.27139,0,2,16.34
16.22,66.510895,1,2,16.34
16.228407,66.54781,0,2,16.35
16.221592,66.18925,1,2,16.37
16.227612,66.48816,0,2,16.38
16.212387,66.513626,0,2,16.38
16.223183,66.467064,0,2,16.38
16.268408,66.67532,0,2,16.38
16.3,66.65637,0,2,16.39
16.328407,66.68876,0,2,16.42
16.339205,66.80806,0,2,16.45
16.340796,66.81796,0,2,16.52
16.350796,66.892044,0,2,16.52
16.369205,66.894775,0,2,16.53
16.379204,66.92886,0,2,16.58
16.38,66.854774,0,2,16.58
16.38,66.82796,0,2,16.57
16.380795,66.89,0,2,16.52
16.39159,66.890755,0,2,16.53
16.42,66.27701,0,2,16.52
16.453186,66.74324,0,2,16.59
16.51443,66.44741,0,2,16.59
16.520796,66.464775,1,2,16.72
16.533184,66.50791,0,2,16.7
16.57602,65.978004,0,2,16.65
16.579205,66.16702,0,2,16.62
16.566816,66.0389,0,2,16.57
16.524776,66.458954,0,2,16.54
16.528408,66.60602,1,2,16.52
16.526367,66.68398,0,2,16.52
16.584429,66.77294,0,2,16.51
16.600348,66.54418,0,2,16.5
16.708061,65.928314,0,2,16.51
16.697613,65.53527,0,2,16.5
16.651592,65.83965,0,2,16.5
16.618408,66.08567,0,2,16.52
16.571592,66.184326,0,2,16.52
16.540796,66.419205,0,2,16.53
16.521591,66.645676,0,2,16.52
16.519205,66.73115,0,2,16.53
16.51,66.898506,0,2,16.52
16.501593,66.85239,0,2,16.53
16.508408,66.833084,0,2,16.53
16.500797,67.041695,0,2,16.52
16.501593,67.07363,1,2,16.5
16.518408,67.02796,0,2,16.52
16.520796,67.04408,0,2,16.51
16.528408,66.931046,0,2,16.5
16.521591,67.10214,0,2,16.5
16.528408,67.03627,0,2,16.5
16.521591,67.20249,0,2,16.51
16.529205,67.21557,0,2,16.51
16.529205,67.27557,0,2,16.52
16.519205,67.37533,0,2,16.51
16.503183,67.25263,0,2,16.51
16.517612,67.422935,0,2,16.51
16.51,67.35831,1,2,16.49
16.500797,67.446465,0,2,16.5
16.5,67.419556,0,2,16.51
16.500797,67.47841,0,2,16.49
16.509205,67.52443,0,2,16.49
16.510796,67.51478,0,2,16.49
16.518408,67.5508,0,2,16.5
16.510796,67.58965,0,2,16.5
16.51,67.52318,0,2,16.5
16.508408,67.48557,0,2,16.51
16.492388,67.50443,0,2,16.51
16.5,67.477165,0,2,16.54
16.507612,67.51761,0,2,16.54
16.491592,67.53204,0,2,16.54
16.49,67.475914,1,2,16.55
16.490795,67.56807,1,2,16.55
16.499205,67.553185,0,2,16.55
16.5,67.54965,0,2,16.55
16.500797,67.45831,0,2,16.56
16.509205,67.54045,0,2,16.54
16.512388,67.526474,0,2,16.54
16.537613,67.39264,0,2,16.51
16.54,67.57646,0,2,16.52
16.540796,67.62533,0,2,16.52
16.549204,67.439,1,2,16.53
16.55,67.626465,0,2,16.52
16.55,67.70363,0,2,16.52
16.550795,67.696014,0,2,16.53
16.557611,67.64557,1,2,16.54
16.541592,67.65558,0,2,16.55
16.537613,67.72443,0,2,16.55
16.513184,67.74796,0,2,16.56
16.519205,67.83965,0,2,16.54
16.520796,67.83,0,2,16.53
16.528408,67.817955,0,2,16.54
16.520796,67.88363,0,2,16.54
16.520796,67.88443,0,2,16.53
16.53,67.830345,1,2,16.53
16.54,67.86806,0,2,16.53
16.549204,67.7908,0,2,16.56
16.550795,67.72194,1,2,16.54
16.557611,67.78079,0,2,16.53
16.540796,67.84806,0,2,16.54
16.531593,67.80433,0,2,16.54
16.539204,67.89124,1,2,16.56
16.539204,67.8992,0,2,16.55
16.530796,67.89398,0,2,16.54
16.53,67.92045,0,2,16.56
16.532389,67.860344,1,2,16.54
16.556019,67.89841,0,2,16.55
16.540796,67.92443,1,2,16.55
16.531593,67.88841,0,2,16.54
16.539204,67.83239,0,2,16.52
16.541592,67.80239,0,2,16.54
16.557611,67.80239,1,2,16.54
16.55,67.822044,0,2,16.67
16.542389,67.755226,0,2,17.24
16.556816,67.66024,0,2,17.28
16.542389,67.85532,0,2,17.21
16.549204,67.833534,0,2,17.13
16.549204,67.92363,0,2,17.08
16.539204,67.96637,0,2,16.97
16.523184,68.05328,0,2,16.94
16.538408,67.97796,0,2,16.89
16.550348,67.9493,0,2,16.86
16.70502,67.53807,1,2,16.81
17.197815,65.46511,0,2,16.77
17.271244,65.12015,0,2,16.75
17.209204,65.44896,0,2,16.72
17.132387,65.50558,0,2,16.7
17.075224,65.61467,0,2,16.68
16.976366,65.97249,0,2,16.67
16.938408,66.1501,0,2,16.67
16.891592,66.12945,0,2,16.64
16.858408,66.377716,0,2,16.67
16.810795,66.43592,0,2,16.62
16.771591,66.64239,0,2,16.62
16.749203,66.8717,0,2,16.6
16.720795,66.907616,0,2,16.59
16.7,66.90796,0,2,16.58
16.680798,66.992386,0,2,16.55
16.670795,67.10682,0,2,16.57
16.667612,67.18602,0,2,16.56
16.644773,67.17782,0,2,16.43
16.663633,66.79641,0,2,16.5
16.623981,67.14657,0,2,16.54
16.61841,67.22239,0,2,16.57
16.600796,67.279655,0,2,16.61
16.59,67.21806,0,2,16.64
16.578407,67.07253,0,2,16.66
16.553978,67.43498,0,2,16.66
16.567612,67.4609,0,2,16.64
16.550447,67.112305,0,2,16.63
16.445919,65.57097,0,2,16.62
16.497612,66.73663,0,2,16.63
16.539204,66.84418,0,2,16.6
16.570795,66.49776,0,2,16.58
16.609205,66.61045,0,2,16.57
16.639204,66.662834,0,2,16.55
16.65841,66.650696,0,2,16.53
16.65841,66.83886,0,2,16.51
16.640795,66.931595,0,2,16.51
16.63,67.02602,0,2,16.49
16.621593,67.083984,0,2,16.48
16.626816,67.139404,0,2,16.46
16.600796,66.851974,0,2,16.44
16.580795,67.36134,0,2,16.43
16.569204,67.59588,0,2,16.43
16.55,67.304825,0,2,16.42
16.53,67.698265,0,2,16.4
16.511593,67.62398,0,2,16.39
16.508408,67.53443,0,2,16.38
16.490795,67.394775,0,2,16.38
16.479204,67.34059,0,2,16.38
16.46,67.66985,0,2,16.37
16.440798,67.534676,0,2,16.36
16.430798,67.649796,0,2,16.36
16.429205,68.16463,0,2,16.35
16.419203,68.23443,0,2,16.35
16.400795,68.20477,0,2,16.34
16.39,68.22955,0,2,16.35
16.380795,68.360794,0,2,16.34
16.38,68.50284,0,2,16.33
16.379204,68.51349,0,2,16.32
16.37,68.037,0,2,16.31
16.360796,68.67712,0,2,16.29
16.359203,68.77,0,2,16.3
16.350796,68.79921,0,2,16.3
16.349205,68.82875,0,2,16.3
16.341593,68.92532,0,2,16.3
16.348408,68.80343,0,2,16.29
16.34,69.00363,0,2,16.28
16.33,69.12304,0,2,16.27
16.32,68.81482,0,2,16.27
16.309204,69.17916,0,2,16.27
16.292389,68.94482,0,2,16.26
16.299204,69.387024,0,2,16.26
16.308754,69.0775,0,2,16.26
17.42226,68.70047,0,2,16.57
17.228668,68.1445,0,2,16.45
16.73899,65.808205,0,2,16.37
17.199791,66.80619,0,2,16.29
15.899393,62.215847,0,2,16.26
15.974408,63.01394,0,2,16.25
16.344536,64.850266,0,2,16.25
16.211124,64.67614,0,2,16.23
15.915636,63.994125,0,2,16.22
16.608536,66.902275,0,2,16.23
17.647802,71.46872,0,2,16.22
17.090841,69.59315,0,2,16.21
15.460904,62.85152,0,2,16.22
15.334957,62.576057,0,2,16.27
16.13941,66.007706,0,2,16.3
17.359432,71.0742,1,2,16.33
15.867656,64.831276,0,2,16.34
17.518236,71.8755,0,2,16.35
17.56498,71.60275,1,2,16.37
16.406013,67.2414,0,2,16.38
16.90522,69.37293,0,2,16.38
15.817261,64.79031,0,2,16.38
17.587461,71.91438,0,2,16.39
15.305284,62.57931,0,2,16.52
16.314598,66.75514,0,2,16.52
15.44116,63.094635,0,2,16.53
15.901389,64.98407,0,2,16.58
15.219732,62.15189,0,2,16.52
15.627589,63.48886,0,2,16.59
17.519892,70.42954,0,2,16.59
16.310368,65.616646,1,2,16.72
16.775974,67.52025,0,2,16.54
16.826982,67.80673,1,2,16.52
17.583275,70.799446,0,2,16.51
15.891821,63.778027,0,2,16.5
16.66672,65.699974,0,2,16.51
16.145746,63.297123,0,2,16.5
17.268003,68.294174,0,2,16.5
17.378315,69.11592,0,2,16.52
15.88517,63.435226,0,2,16.52
17.043804,68.44313,0,2,16.53
16.939598,68.35313,0,2,16.52
17.404758,70.29331,0,2,16.53
17.421211,70.61341,0,2,16.52
17.069923,69.15905,0,2,16.53
16.766836,67.84932,0,2,16.53
16.576279,67.39011,1,2,16.5
17.0188,69.04358,0,2,16.52
17.364567,70.488365,0,2,16.51
16.87789,68.307976,0,2,16.5
15.894388,64.58778,0,2,16.5
15.722473,63.736412,0,2,16.5
17.151909,69.791245,0,2,16.51
16.25608,66.09625,0,2,16.51
17.057146,69.41525,0,2,16.52
16.849895,68.74594,0,2,16.51
17.425547,70.990616,0,2,16.51
17.462004,71.22297,1,2,16.49
15.755741,64.41711,0,2,16.5
17.095127,69.84137,0,2,16.51
15.567456,63.666183,0,2,16.49
16.936234,69.252884,0,2,16.49
15.575701,63.77452,0,2,16.5
17.601864,71.98533,0,2,16.5
16.225962,66.31908,0,2,16.51
16.387089,67.088684,0,2,16.51
17.50768,71.60015,0,2,16.54
15.78937,64.67035,0,2,16.54
15.906462,65.07276,1,2,16.55
15.572772,63.82098,1,2,16.55
16.79121,68.742195,0,2,16.55
16.855509,69.01565,0,2,16.55
15.474643,63.24909,0,2,16.56
17.015171,69.60658,0,2,16.54
16.560064,67.44171,0,2,16.51
17.25863,70.52664,0,2,16.52
17.467606,71.13696,1,2,16.53
15.570353,63.636177,0,2,16.52
16.998154,69.54351,0,2,16.52
15.395675,62.978077,0,2,16.53
17.42963,71.19205,1,2,16.54
16.48968,67.656624,0,2,16.56
15.594506,64.04886,0,2,16.54
15.780893,64.79528,0,2,16.53
16.586628,68.1638,0,2,16.53
17.388777,71.36336,0,2,16.53
16.3339,66.854576,0,2,16.53
16.717588,68.5593,0,2,16.54
16.38068,67.24596,1,2,16.56
16.379738,67.27286,0,2,16.54
15.883494,65.273186,0,2,16.56
16.451084,67.52608,1,2,16.54
17.346933,71.12662,0,2,16.55
16.340296,67.1098,1,2,16.55
15.321821,62.927914,0,2,16.54
15.636756,64.125824,0,2,16.52
17.285006,70.768326,1,2,16.54
15.527429,63.639004,0,2,16.67
16.549103,67.585495,0,2,17.28
15.859896,65.08885,0,2,17.21
17.335182,71.15281,0,2,17.08
15.739074,64.66913,0,2,16.97
15.650052,64.48541,0,2,16.94
16.699005,68.62341,0,2,16.89
15.765682,64.787994,0,2,16.86
15.346253,62.33322,1,2,16.81
16.652714,63.359665,0,2,16.72
17.44537,67.83854,0,2,16.67
15.710578,61.87321,0,2,16.67
17.082045,67.4949,0,2,16.62
15.918073,63.254642,0,2,16.62
16.632452,66.42058,0,2,16.6
16.239151,64.98575,0,2,16.59
15.434997,61.83241,0,2,16.58
17.517067,70.351814,0,2,16.55
17.557081,70.681206,0,2,16.57
16.428116,66.215065,0,2,16.56
16.980774,68.59661,0,2,16.43
17.270306,69.122665,0,2,16.5
17.253584,69.74101,0,2,16.54
15.522526,62.922337,0,2,16.61
15.878342,64.346054,0,2,16.64
16.29692,65.875725,0,2,16.66
16.706175,68.03457,0,2,16.64
15.809311,64.20146,0,2,16.63
16.145773,64.16053,0,2,16.62
17.096395,69.27667,0,2,16.63
15.811703,63.935104,0,2,16.6
15.628452,62.68317,0,2,16.57
16.270794,65.190735,0,2,16.55
17.335999,69.33358,0,2,16.53
15.846908,63.58738,0,2,16.51
17.203524,69.34169,0,2,16.49
15.815531,63.614635,0,2,16.44
16.449306,66.85879,0,2,16.43
17.408222,71.07219,0,2,16.43
16.14441,66.12265,0,2,16.39
15.477047,63.31434,0,2,16.38
16.168304,66.075325,0,2,16.38
16.999178,69.42019,0,2,16.38
15.691791,64.437515,0,2,16.36
16.396744,68.07194,0,2,16.35
15.573985,64.72404,0,2,16.35
16.557941,69.3149,0,2,16.32
16.013945,66.4427,0,2,16.31
15.560785,65.38193,0,2,16.29
16.09757,67.66686,0,2,16.3
16.093214,67.71946,0,2,16.3
15.362806,64.70829,0,2,16.27
15.616188,66.30418,0,2,16.27
15.469541,65.892654,0,2,16.26
16.504545,70.32151,0,2,16.26
16.51,67.48,0,2,16.57
16.57,64.84,0,2,16.51
16.5,67.46,0,2,16.45
16.38,64.44,0,2,16.41
16.44,67.51,0,2,16.37
16.22,66.12,1,2,16.35
16.52,67.02,0,2,16.32
16.54,67.93,1,2,16.32
16.53,66.57,0,2,16.29
17.21,65.48,0,2,16.28
16.29,65.97,0,2,16.26
16.43,68.21,0,2,16.26
16.55,67.83,0,2,16.25
16.33,69.17,0,2,16.25
16.53,67.93,0,2,16.23
16.38,66.85,0,2,16.21
16.29,68.87,0,2,16.22
16.53,66.61,1,2,16.23
16.23,66.52,0,2,16.22
16.54,67.97,0,2,16.23
16.66,66.85,0,2,16.21
16.3,66.65,0,2,16.22
16.49,67.51,0,2,16.27
17.13,65.5,0,2,16.3
16.3,69.43,0,2,16.33
16.45,66.83,0,2,16.34
16.36,68.74,0,2,16.34
16.38,68.36,0,2,16.35
16.53,67.81,0,2,16.37
16.52,67.89,0,2,16.38
16.51,66.92,0,2,16.38
16.35,66.9,0,2,16.38
16.54,67.65,0,2,16.38
16.53,67.01,0,2,16.39
16.32,65.74,0,2,16.42
16.36,64.58,0,2,16.45
16.36,68.77,0,2,16.52
16.4,68.2,0,2,16.52
16.62,67.08,0,2,16.53
16.39,66.96,0,2,16.58
16.53,66.9,0,2,16.58
16.53,67.75,0,2,16.57
16.51,67.34,1,2,16.52
16.5,67.22,0,2,16.53
16.59,66.8,0,2,16.52
16.55,67.4,1,2,16.59
16.5,66.85,0,2,16.59
16.3,69.45,0,2,16.72
16.54,67.9,1,2,16.7
16.53,67.85,1,2,16.65
16.64,64.97,1,2,16.62
16.53,67.21,0,2,16.57
16.32,65.62,0,2,16.54
16.35,68.77,0,2,16.52
16.89,66.1,0,2,16.52
16.5,67.08,1,2,16.51
16.38,66.82,0,2,16.5
16.54,67.86,0,2,16.51
16.52,67.06,0,2,16.5
16.55,67.79,0,2,16.5
16.54,67.88,0,2,16.52
16.51,67.55,0,2,16.52
16.51,67.74,0,2,16.53
16.63,67.18,0,2,16.52
16.6,64.34,1,2,16.53
16.53,67.89,0,2,16.53
16.52,67.22,0,2,16.53
16.58,65.9,0,2,16.52
16.55,67.93,0,2,16.5
16.7,65.47,0,2,16.52
16.5,67.06,0,2,16.51
16.62,67.22,0,2,16.5
16.48,64.79,0,2,16.5
16.67,67.11,0,2,16.51
16.54,67.96,0,2,16.51
16.25,66.46,0,2,16.52
16.55,67.23,0,2,16.51
16.52,67.89,0,2,16.51
16.43,67.61,0,2,16.51
16.66,66.63,0,2,16.49
16.52,68.07,0,2,16.5
16.49,67.58,1,2,16.51
16.51,64.68,0,2,16.49
16.72,65.91,0,2,16.49
16.54,67.97,0,2,16.49
16.31,69.25,0,2,16.5
16.57,65.98,0,2,16.5
16.54,67.59,0,2,16.5
16.57,67.65,0,2,16.51
16.55,67.71,0,2,16.54
16.52,67.45,0,2,16.54
16.64,67.22,0,2,16.54
16.51,67.51,0,2,16.55
16.37,65.31,0,2,16.55
16.57,64.36,0,2,16.55
16.34,66.81,0,2,16.55
16.52,67.4,0,2,16.56
16.55,64.49,0,2,16.54
16.35,68.82,0,2,16.54
16.97,65.99,0,2,16.51
16.22,66.53,1,2,16.52
16.46,67.72,0,2,16.53
16.56,67.78,0,2,16.52
16.55,67.82,0,2,16.52
16.48,67.3,0,2,16.53
16.26,66.1,0,2,16.54
16.54,66.88,0,2,16.55
16.52,66.41,0,2,16.55
16.21,66.23,0,2,16.56
16.59,66.58,0,2,16.54
16.53,67.27,0,2,16.54
16.54,67.9,0,2,16.54
16.21,66.52,0,2,16.53
16.28,65.97,1,2,16.53
16.51,67.62,0,2,16.53
16.52,66.46,1,2,16.56
16.38,68.51,0,2,16.54
16.51,67.53,0,2,16.54
16.58,66.21,0,2,16.56
16.61,66.62,0,2,16.55
16.55,67.64,0,2,16.54
16.27,66.7,0,2,16.56
16.42,66.16,0,2,16.54
16.5,67.44,0,2,16.55
16.35,65.41,0,2,16.55
16.39,64.63,0,2,16.52
17.24,65.29,0,2,16.54
16.58,67.02,0,2,16.54
16.51,67.54,0,2,16.67
16.56,67.8,1,2,17.24
16.94,66.17,0,2,17.28
16.49,67.39,0,2,17.21
16.65,64.32,1,2,17.13
16.57,66.17,0,2,17.08
16.51,67.54,0,2,16.97
16.54,67.8,0,2,16.94
17.28,65.07,0,2,16.89
16.56,67.9,0,2,16.86
16.42,68.24,0,2,16.77
16.53,67.82,1,2,16.75
16.38,66.94,0,2,16.72
16.52,67.85,0,2,16.7
16.53,67.79,0,2,16.68
16.34,66.82,0,2,16.67
16.38,66.89,0,2,16.67
16.64,66.67,0,2,16.64
16.23,66.45,1,2,16.67
16.55,67.71,1,2,16.62
16.33,64.59,0,2,16.62
16.5,67.47,0,2,16.6
16.23,66.59,0,2,16.59
16.32,68.74,0,2,16.58
16.34,69.01,0,2,16.55
16.5,67.41,0,2,16.57
16.57,67.48,0,2,16.56
16.67,67.19,0,2,16.43
16.35,68.8,0,2,16.54
16.54,67.83,0,2,16.57
16.37,66.89,0,2,16.61
16.5,67.56,0,2,16.64
16.37,67.92,0,2,16.66
16.26,66.21,0,2,16.66
17.08,65.59,0,2,16.64
16.56,67.63,0,2,16.63
16.6,66.77,0,2,16.62
16.54,67.73,0,2,16.63
16.52,66.72,0,2,16.6
16.54,67.88,0,2,16.58
16.34,68.95,0,2,16.57
16.5,67.48,0,2,16.55
16.6,67.29,0,2,16.53
16.5,66.86,0,2,16.51
16.33,66.68,0,2,16.51
16.41,64.79,0,2,16.49
16.22,66.44,0,2,16.48
16.52,67.55,0,2,16.46
16.45,64.89,0,2,16.44
16.43,65.29,0,2,16.43
16.52,66.49,0,2,16.43
16.86,66.4,0,2,16.42
16.49,67.46,1,2,16.4
16.39,68.22,0,2,16.39
16.52,66.66,0,2,16.38
16.41,65.11,0,2,16.38
16.67,66.72,0,2,16.38
16.72,66.91,0,2,16.37
16.5,67.55,0,2,16.36
16.59,67.23,0,2,16.36
16.51,67.52,0,2,16.35
16.54,67.36,0,2,16.35
16.77,66.64,0,2,16.34
16.54,67.65,0,2,16.35
16.56,67.25,0,2,16.34
16.25,66.31,0,2,16.33
16.54,67.76,0,2,16.32
16.81,66.42,0,2,16.31
16.7,66.9,0,2,16.29
16.56,67.64,1,2,16.3
16.51,67.6,0,2,16.3
16.38,68.57,0,2,16.3
16.49,67.54,0,2,16.3
16.57,66.45,0,2,16.29
16.51,67.52,0,2,16.28
16.54,66.42,0,2,16.27
16.75,66.89,0,2,16.27
16.52,67.83,0,2,16.27
16.63,67.03,0,2,16.26
16.55,67.47,0,2,16.26
16.58,67.39,0,2,16.26
